gw,element,web_name,position,team,now_cost,selected_by_percent,status,chance_next_round,news,p_start,exp_minutes,p_clean_sheet,p_defcon,exp_goals,exp_assists,exp_bonus,exp_points,sd_points,xp_per_million
4,1,Raya,GK,ARS,6.0,39.0,a,,,1.0,90.0,0.523656604264589,0.0,0.0,0.0008893914473684211,0.1312254380727262,3.696702057021836,2.650232802668756,0.616
4,2,Arrizabalaga,GK,ARS,4.9,0.1,a,,,0.0,0.0,0.523656604264589,0.0,0.0,0.0,0.0,0.35,0.8154753215150045,0.071
4,3,Meslier,GK,ARS,4.9,0.0,a,,,0.0,0.0,0.523656604264589,0.0,0.0,0.0,0.0,0.35,0.8154753215150045,0.071
4,4,Gabriel,DEF,ARS,8.0,24.4,a,,,1.0,90.0,0.523656604264589,0.33368359925891106,0.11439652186372516,0.04176251858355221,0.18556981522269433,4.9776182012794,3.184941712749734,0.622
4,5,J.Timber,DEF,ARS,6.5,0.1,d,25.0,Groin injury - 25% chance of playing,0.0,0.0,0.523656604264589,0.1670630202140309,0.0,0.0,0.0,0.0875,0.43588989435406733,0.013
4,6,Saliba,DEF,ARS,5.9,0.2,i,0.0,Back injury - Unknown return date,0.0,0.0,0.523656604264589,0.18370986920332938,0.0,0.0,0.0,0.0,0.43588989435406733,0.0
4,7,Lewis-Skelly,MID,ARS,5.5,0.7,a,,,1.0,90.0,0.523656604264589,0.11565815553223738,0.03904923025694533,0.056863556399710344,0.08593513575628839,2.7163470383428847,2.3227902949670582,0.494
4,8,Calafiori,DEF,ARS,5.8,48.4,a,,,1.0,80.0,0.523656604264589,0.10463733650416171,0.1328620392065705,0.08240284017530351,0.21567469732276015,4.818992028743054,3.154878300323362,0.831
4,9,Hincapie,DEF,ARS,5.3,1.1,a,,,0.0,9.0,0.523656604264589,0.34494649227110585,0.0022618375502210216,0.007247769566958388,0.0,0.3853143340022013,0.8635208508805728,0.073
4,10,White,DEF,ARS,5.5,7.6,a,100.0,,1.0,90.0,0.523656604264589,0.21741973840665874,0.04844959519108494,0.0888041343345994,0.17895295640013675,4.502519125705998,2.974135825746347,0.819
4,11,Mosquera,DEF,ARS,5.4,3.1,d,50.0,Muscular injury - 50% chance of playing,0.5,45.0,0.523656604264589,0.2546854651491988,0.008230368210651866,0.02203407841688792,0.07604963185271256,2.1965466425482014,2.0549503230262025,0.407
4,12,Saka,MID,ARS,9.5,11.4,a,,,1.0,67.0,0.523656604264589,0.19671796665500757,0.3534454629473472,0.19833557801657176,0.3117851050587492,5.087744288413837,3.4332764126516775,0.536
4,13,Rice,MID,ARS,7.4,13.3,a,,,1.0,67.0,0.523656604264589,0.33503847499125566,0.06417471759784278,0.14403395560283785,0.15025481275215202,3.571465137457212,2.677840933803903,0.483
4,14,Eze,MID,ARS,6.4,1.2,a,,,0.0,14.0,0.523656604264589,0.06939489331934243,0.0436685553247451,0.022102920074464683,0.0,0.6346515368471195,1.2115482870930063,0.099
4,15,Ødegaard,MID,ARS,6.7,16.0,a,,,1.0,75.0,0.523656604264589,0.1284102833158447,0.17605155762640973,0.23712051866903594,0.22589793247054607,4.105556273834279,2.9760487674168896,0.613
4,16,Madueke,MID,ARS,6.3,0.2,a,,,0.0,22.0,0.523656604264589,0.09051507824262055,0.06683815631015784,0.03783550684333909,0.0,0.7976973020808065,1.3844326678515209,0.127
4,17,Merino,MID,ARS,5.9,0.4,a,,,0.0,14.0,0.523656604264589,0.10409233997901364,0.04459573157433962,0.014240674410254128,0.0,0.6157006811024603,1.1989185475005015,0.104
4,18,Martinelli,MID,ARS,6.3,0.1,u,0.0,Has joined Al Hilal permanently,0.0,0.0,0.523656604264589,0.12246157644589839,0.0,0.0,0.0,0.0,0.43588989435406733,0.0
4,19,Zubimendi,MID,ARS,5.4,0.7,a,,,0.0,22.0,0.523656604264589,0.20640560908136985,0.022870809068685976,0.018072077876487867,0.0,0.5185702789728934,1.0594849618850724,0.096
4,20,Dowman,MID,ARS,5.3,0.1,a,,,0.0,0.0,0.523656604264589,0.16014206150617483,0.0,0.0,0.0,0.35,0.8154753215150045,0.066
4,22,Nwaneri,MID,ARS,5.4,0.0,u,0.0,Has joined Borussia Dortmund on loan for the rest of the season,0.0,0.0,0.523656604264589,0.16014206150617483,0.0,0.0,0.0,0.0,0.43588989435406733,0.0
4,23,Fábio Vieira,MID,ARS,5.5,0.0,u,0.0,Has joined Hamburger SV permanently,0.0,0.0,0.523656604264589,0.17348723329835605,0.0,0.0,0.0,0.0,0.43588989435406733,0.0
4,24,Nelson,MID,ARS,5.5,0.0,u,0.0,has departed the club as a free agent.,0.0,0.0,0.523656604264589,0.17348723329835605,0.0,0.0,0.0,0.0,0.43588989435406733,0.0
4,25,Gyökeres,FWD,ARS,7.2,3.9,a,,,0.0,0.0,0.523656604264589,0.001168679392286716,0.0,0.0,0.0,0.35,0.8154753215150045,0.049
4,26,Havertz,FWD,ARS,7.5,7.8,a,,,1.0,90.0,0.523656604264589,0.002207505518763797,0.38671371508036695,0.0913966287224128,0.21970428075743179,3.6148108374006633,3.031241145396298,0.482
4,27,G.Jesus,FWD,ARS,5.9,0.2,u,0.0,Has joined FC Barcelona permanently,0.0,0.0,0.523656604264589,0.003056546102903719,0.0,0.0,0.0,0.0,0.43588989435406733,0.0
4,31,Konsa,DEF,ARS,4.4,14.7,a,,,0.0,0.0,0.523656604264589,0.1380085819159386,0.0,0.0,0.0,0.35,0.8154753215150045,0.08
4,452,Bruno G.,MID,ARS,6.8,1.8,a,100.0,,0.0,0.0,0.523656604264589,0.18158581537385315,0.0,0.0,0.0,0.35,0.8154753215150045,0.051
4,557,Tzolis,MID,ARS,6.4,16.7,a,,,1.0,75.0,0.523656604264589,0.16014206150617483,0.09640865455854025,0.10142227573014215,0.1354546511477055,3.2681902202256166,2.605381612313235,0.511
4,29,M.Bizot,GK,AVL,4.5,0.1,a,,,1.0,90.0,0.3172871779241098,0.0,0.0,0.00012871853546910755,0.07936684596844164,2.8446798496893573,2.324842298825832,0.632
4,30,Digne,DEF,AVL,4.5,0.1,u,0.0,Has joined Paris Saint-Germain permanently,0.0,0.0,0.3172871779241098,0.1402707989720379,0.0,0.0,0.0,0.0,0.43588989435406733,0.0
4,32,Cash,DEF,AVL,4.5,6.5,d,75.0,Muscular injury - 75% chance of playing,0.5,45.0,0.3172871779241098,0.09453032104637336,0.01777668435812637,0.029162183071051544,0.056089500840725996,1.6329137008160781,1.7914229365784358,0.363
4,33,Mings,DEF,AVL,4.5,0.4,a,,,0.0,16.0,0.3172871779241098,0.2826305680051221,0.013616899083690862,0.004558647226314737,0.0,0.4453773361810894,0.9632851775285526,0.099
4,34,Pau,DEF,AVL,4.5,0.4,a,,,1.0,73.0,0.3172871779241098,0.17252886348816693,0.029772805929759474,0.016159539446011707,0.09914191611577802,3.060129777352148,2.448036644445429,0.68
4,35,Bogarde,MID,AVL,5.0,0.1,a,,,0.0,16.0,0.3172871779241098,0.09462939998092149,0.005380585409243374,0.007161804039947474,0.0,0.3983883391660593,0.8883813127655111,0.08
4,36,Maatsen,DEF,AVL,4.5,0.8,a,,,1.0,81.0,0.3172871779241098,0.17827982560443917,0.0536244967225351,0.13021112097792695,0.1508134235867627,3.6076479444694733,2.678857606299224,0.802
4,37,Lindelöf,DEF,AVL,4.5,0.3,a,,,1.0,90.0,0.3172871779241098,0.1455823812231815,0.015181529050265017,0.02670909960723574,0.09398351451115272,2.9494908675866545,2.386445436777517,0.655
4,38,A.García,DEF,AVL,4.0,1.7,a,,,0.0,0.0,0.3172871779241098,0.2790328973444312,0.0,0.0,0.0,0.35,0.8154753215150045,0.087
4,39,Nedeljkovic,DEF,AVL,4.0,0.2,u,0.0,Has joined Rangers on loan for the rest of the season,0.0,0.0,0.3172871779241098,0.2790328973444312,0.0,0.0,0.0,0.0,0.43588989435406733,0.0
4,41,Buendía,MID,AVL,5.9,1.0,a,,,1.0,85.0,0.3172871779241098,0.1814945285564383,0.2926869167277788,0.09878951975768119,0.17680527954878733,4.132462558694753,3.0996451993553555,0.7
4,44,Bailey,MID,AVL,5.4,0.1,u,0.0,Has joined Olympiakos permanently,0.0,0.0,0.3172871779241098,0.13878978663868485,0.0,0.0,0.0,0.0,0.43588989435406733,0.0
4,45,McGinn,MID,AVL,5.4,2.3,a,,,1.0,81.0,0.3172871779241098,0.08110123156790192,0.15108653595360777,0.09614225876855303,0.1278732490732513,3.18286317492207,2.637036072577237,0.589
4,46,Barkley,MID,AVL,5.0,0.3,a,,,1.0,73.0,0.3172871779241098,0.15409233997901364,0.1432615956079615,0.07569568100649103,0.12621028235892132,3.2150394126697677,2.6397243147193095,0.643
4,47,Kamara,MID,AVL,5.0,0.3,a,100.0,,1.0,90.0,0.3172871779241098,0.17523609653725078,0.034892204793464256,0.04833942927835574,0.06085978971754798,2.564677722838659,2.254382598884723,0.513
4,48,Onana,MID,AVL,5.0,0.0,i,0.0,Knee injury - Unknown return date,0.0,0.0,0.3172871779241098,0.2838077124868835,0.0,0.0,0.0,0.0,0.43588989435406733,0.0
4,49,Iling Jr,MID,AVL,5.0,0.0,u,0.0,Has joined Bolton Wanderers on loan for the rest of the season,0.0,0.0,0.3172871779241098,0.17348723329835605,0.0,0.0,0.0,0.0,0.43588989435406733,0.0
4,50,Burrowes,MID,AVL,4.5,0.7,a,,,0.0,0.0,0.3172871779241098,0.17348723329835605,0.0,0.0,0.0,0.35,0.8154753215150045,0.078
4,51,George Hemmings,MID,AVL,4.5,1.2,a,,,1.0,90.0,0.3172871779241098,0.16014206150617483,0.10212850808675339,0.09628816855404522,0.10117455461669048,3.0572471975741355,2.53407591123695,0.679
4,52,Alysson,MID,AVL,5.0,0.0,a,,,0.0,8.0,0.3172871779241098,0.17348723329835605,0.010477281163324652,0.009444770080395924,0.0,0.430720716057811,0.9387401384247873,0.086
4,53,Manzambi,MID,AVL,5.9,0.1,i,0.0,Knee injury - Expected back 12 Sep,0.0,0.0,0.3172871779241098,0.17348723329835605,0.0,0.0,0.0,0.0,0.43588989435406733,0.0
4,54,Gomes,MID,AVL,5.5,0.0,s,0.0,Suspended until 19 Sep,0.0,0.0,0.3172871779241098,0.3972522511530296,0.0,0.0,0.0,0.0,0.43588989435406733,0.0
4,55,Watkins,FWD,AVL,7.8,3.2,u,0.0,Has joined Al Hilal permanently,0.0,0.0,0.3172871779241098,0.0009030704394942806,0.0,0.0,0.0,0.0,0.43588989435406733,0.0
4,56,Abraham,FWD,AVL,5.5,0.2,a,100.0,,0.0,0.0,0.3172871779241098,0.003056546102903719,0.0,0.0,0.0,0.35,0.8154753215150045,0.064
4,160,Garnacho,MID,AVL,5.9,0.4,a,,,0.0,4.0,0.3172871779241098,0.09462939998092149,0.011364545188524587,0.006939398674983371,0.0,0.42764092196757303,0.938458855182014,0.072
4,166,N.Jackson,FWD,AVL,6.5,1.2,a,,,0.0,0.0,0.3172871779241098,0.0033112582781456954,0.0,0.0,0.0,0.35,0.8154753215150045,0.054
4,582,Madjo,FWD,AVL,5.5,0.3,i,0.0,Unspecified injury - Unknown return date,0.0,0.0,0.3172871779241098,0.0033112582781456954,0.0,0.0,0.0,0.0,0.43588989435406733,0.0
4,596,Ruggeri,DEF,AVL,4.5,0.1,a,,,0.0,8.0,0.3172871779241098,0.2790328973444312,0.0038617150504945347,0.003518953808198774,0.0,0.3837271517275635,0.8673245520480426,0.085
4,597,Suzuki,GK,AVL,5.0,1.7,a,,,0.0,0.0,0.3172871779241098,0.0,0.0,0.0,0.0,0.35,0.8154753215150045,0.07
4,606,Rowe,DEF,AVL,4.0,0.2,a,,,0.0,0.0,0.3172871779241098,0.2790328973444312,0.0,0.0,0.0,0.35,0.8154753215150045,0.087
4,607,Lynch,MID,AVL,4.5,0.1,u,0.0,Has joined Oxford United on loan until January,0.0,0.0,0.3172871779241098,0.17348723329835605,0.0,0.0,0.0,0.0,0.43588989435406733,0.0
4,611,Wan-Bissaka,DEF,AVL,4.5,0.2,a,,,0.25,20.0,0.3172871779241098,0.32423985051809073,0.004843134076403607,0.01362883868746987,0.027103787896032044,1.1128042642805729,1.4640310470039595,0.247
4,618,Goretzka,MID,AVL,6.0,0.0,i,0.0,Knee injury - Expected back 10 Oct,0.0,0.0,0.3172871779241098,0.17348723329835605,0.0,0.0,0.0,0.0,0.43588989435406733,0.0
4,630,Harwood-Bellis,DEF,AVL,4.5,0.0,a,,,0.25,20.0,0.3172871779241098,0.2790328973444312,0.012235297934462291,0.0053627804326828,0.026759691977320244,1.1112197782859685,1.4780830038770196,0.247
4,631,Mbaye,MID,AVL,6.0,0.1,a,,,0.25,20.0,0.3172871779241098,0.17348723329835605,0.028122817044516416,0.025132385761208857,0.028901415552857072,1.052692836298855,1.472702716516447,0.175
4,57,Petrović,GK,BOU,4.5,3.3,a,,,1.0,90.0,0.2572934246915148,0.0,0.0,2.6774785801713583e-05,0.06433272734790929,2.5837210712080667,2.215642127080844,0.574
4,58,Forster,GK,BOU,4.0,3.5,a,,,0.0,0.0,0.2572934246915148,0.0,0.0,0.0,0.0,0.35,0.8154753215150045,0.087
4,59,Dennis,GK,BOU,4.0,0.1,u,0.0,Has joined MK Dons permanently,0.0,0.0,0.2572934246915148,0.0,0.0,0.0,0.0,0.0,0.43588989435406733,0.0
4,60,Hill,DEF,BOU,5.5,0.8,a,,,1.0,90.0,0.2572934246915148,0.481899854670366,0.029510467822338255,0.10882200029392353,0.11273972001357033,3.6101593291579293,2.6526148480950065,0.656
4,61,Truffert,DEF,BOU,5.5,3.5,a,,,1.0,90.0,0.2572934246915148,0.30094891702221915,0.02588658597907604,0.06578184192275366,0.0964073059385191,3.110013423637205,2.462589088903211,0.565
4,62,Diakité,DEF,BOU,5.0,0.2,a,,,0.0,0.0,0.2572934246915148,0.293935790725327,0.0,0.0,0.0,0.35,0.8154753215150045,0.07
4,63,Milosavljević,DEF,BOU,5.0,0.0,i,0.0,Unspecified injury - Unknown return date,0.0,0.0,0.2572934246915148,0.3967746730083234,0.0,0.0,0.0,0.0,0.43588989435406733,0.0
4,64,Smith,DEF,BOU,4.5,0.1,a,,,1.0,90.0,0.2572934246915148,0.1395164486722156,0.017688597982599898,0.02844994881965294,0.08047184755366718,2.6358586162001867,2.2614736254654737,0.586
4,65,J.Araujo,DEF,BOU,4.4,0.0,i,0.0,Thigh injury - Unknown return date,0.0,0.0,0.2572934246915148,0.2790328973444312,0.0,0.0,0.0,0.0,0.43588989435406733,0.0
4,66,Soler,DEF,BOU,4.0,0.3,a,100.0,,0.0,0.0,0.2572934246915148,0.2790328973444312,0.0,0.0,0.0,0.35,0.8154753215150045,0.087
4,67,Rayan,MID,BOU,6.4,2.0,a,,,1.0,88.0,0.2572934246915148,0.08007103075308741,0.17748287846081842,0.10136840443525215,0.12554542668763127,3.271105679599354,2.698147153511773,0.511
4,68,Tavernier,MID,BOU,6.0,3.4,a,,,1.0,90.0,0.2572934246915148,0.11549651817227892,0.33676817043705126,0.16437117517593236,0.20112811343369572,4.397306035299937,3.2211008195479054,0.733
4,69,Scott,MID,BOU,6.1,5.1,a,,,1.0,90.0,0.2572934246915148,0.3713444956430494,0.11347059627410953,0.10020788013838129,0.10051680921352327,3.458477253698619,2.692940838502033,0.567
4,70,Kluivert,MID,BOU,6.0,1.0,a,,,1.0,74.0,0.2572934246915148,0.09462939998092149,0.2568275288605707,0.08951884561698244,0.1731605694427045,3.7066827972775944,2.929788812865332,0.618
4,71,Cook,MID,BOU,5.0,0.2,a,,,1.0,75.0,0.2572934246915148,0.4324688952181082,0.0236655264840566,0.07125730729768172,0.06559693265748157,3.0001492048883223,2.417080190682997,0.6
4,72,Gannon-Doak,MID,BOU,4.9,0.1,a,,,0.0,1.0,0.2572934246915148,0.17348723329835605,0.0016272302670359445,0.0012503300386490991,0.0,0.361887141451127,0.8350742184736378,0.074
4,73,Adams,MID,BOU,5.0,0.3,a,100.0,,0.0,15.0,0.2572934246915148,0.2838077124868835,0.008160564502883268,0.006360305349020772,0.0,0.40988373856147864,0.9098035448843387,0.082
4,74,Brooks,MID,BOU,5.0,0.1,a,100.0,,0.0,0.0,0.2572934246915148,0.08674361664917803,0.0,0.0,0.0,0.35,0.8154753215150045,0.07
4,75,Christie,MID,BOU,5.0,0.0,a,100.0,,0.0,0.0,0.2572934246915148,0.16220246313580383,0.0,0.0,0.0,0.35,0.8154753215150045,0.07
4,76,Tóth.A,MID,BOU,5.0,0.0,a,,,0.0,15.0,0.2572934246915148,0.17348723329835605,0.018727794712220313,0.02257830858889092,0.0,0.5113738993277743,1.0411422462834237,0.102
4,77,Adli,MID,BOU,4.9,0.0,i,0.0,Unspecified injury - Unknown return date,0.0,0.0,0.2572934246915148,0.15409233997901364,0.0,0.0,0.0,0.0,0.43588989435406733,0.0
4,78,Kroupi.Jr,MID,BOU,7.4,0.2,i,0.0,Foot injury - Expected back 7 Nov,0.0,0.0,0.2572934246915148,0.06505771248688352,0.0,0.0,0.0,0.0,0.43588989435406733,0.0
4,79,Evanilson,FWD,BOU,6.0,3.2,a,,,1.0,74.0,0.2572934246915148,0.0009240720776220546,0.30530997614235433,0.05662170569317831,0.17979485568292553,3.1426001699547026,2.793349276364855,0.524
4,80,Enes Ünal,FWD,BOU,5.5,0.0,u,0.0,Has joined Getafe permanently,0.0,0.0,0.2572934246915148,0.0033112582781456954,0.0,0.0,0.0,0.0,0.43588989435406733,0.0
4,81,Rodríguez,FWD,BOU,6.0,0.1,a,100.0,,0.0,0.0,0.2572934246915148,0.0033112582781456954,0.0,0.0,0.0,0.35,0.8154753215150045,0.058
4,566,Silva,DEF,BOU,5.0,0.4,a,,,1.0,90.0,0.2572934246915148,0.33449190524101347,0.05820855806200685,0.03070420195622441,0.09544282217925963,3.259466950798524,2.5577800051781696,0.652
4,573,Sanchez,DEF,BOU,4.5,0.2,a,,,0.0,0.0,0.2572934246915148,0.2790328973444312,0.0,0.0,0.0,0.35,0.8154753215150045,0.078
4,608,Jebbison,FWD,BOU,5.0,0.1,a,,,0.0,15.0,0.2572934246915148,0.0033112582781456954,0.08658310849486497,0.01077086285647397,0.0,0.7286450225488817,1.379827595684354,0.146
4,615,Di Gregorio,GK,BOU,4.5,0.0,a,,,0.25,20.0,0.2572934246915148,0.0,0.0,7.309941520467835e-05,0.016109621937956516,0.9086559250592585,1.3139430191650592,0.202
4,82,Kelleher,GK,BRE,5.0,6.7,a,,,1.0,90.0,0.2008427311787982,0.0,0.0,0.0029836791497975714,0.051254970497128696,2.3390194702181395,2.1081121871035386,0.468
4,83,Valdimarsson,GK,BRE,4.5,0.1,a,,,0.0,0.0,0.2008427311787982,0.0,0.0,0.0,0.0,0.35,0.8154753215150045,0.078
4,84,Collins,DEF,BRE,5.5,1.6,d,25.0,Calf injury - 25% chance of playing,0.25,22.5,0.2008427311787982,0.4299643281807372,0.025136074229960566,0.01003653016358719,0.024863082236416603,0.9170963046450705,1.3759721742118907,0.167
4,85,Van den Berg,DEF,BRE,4.9,0.1,i,0.0,Groin injury - Unknown return date,0.0,0.0,0.2008427311787982,0.3654379706698375,0.0,0.0,0.0,0.0,0.43588989435406733,0.0
4,86,Lewis-Potter,MID,BRE,5.5,2.1,a,,,1.0,90.0,0.2008427311787982,0.061230788222949195,0.17979751402683616,0.17008272636387387,0.14254235725462833,3.4192180694951513,2.752326182741029,0.622
4,87,Ajer,DEF,BRE,4.5,4.7,a,,,1.0,90.0,0.2008427311787982,0.41713733650416174,0.04416481863554855,0.027050133102033885,0.0751359159028534,2.980402308489863,2.434697783698016,0.662
4,88,Kayode,DEF,BRE,4.6,8.9,a,,,1.0,75.0,0.2008427311787982,0.1269678953626635,0.06910707402518976,0.06895183959039058,0.10819542651324329,2.754908699202814,2.376755976669983,0.599
4,89,Henry,DEF,BRE,4.5,0.2,a,,,0.0,0.0,0.2008427311787982,0.133935790725327,0.0,0.0,0.0,0.35,0.8154753215150045,0.078
4,90,Hickey,DEF,BRE,4.5,0.1,a,,,0.0,14.0,0.2008427311787982,0.22886288253332498,0.007663259542763878,0.004569029830522483,0.0,0.4096866467481507,0.9079560485387328,0.091
4,92,Ji-soo,DEF,BRE,4.5,0.0,a,,,0.0,0.0,0.2008427311787982,0.2790328973444312,0.0,0.0,0.0,0.35,0.8154753215150045,0.078
4,93,Schuster,DEF,BRE,4.5,0.1,a,,,0.0,0.0,0.2008427311787982,0.2790328973444312,0.0,0.0,0.0,0.35,0.8154753215150045,0.078
4,94,Schade,MID,BRE,6.0,3.8,a,,,1.0,90.0,0.2008427311787982,0.04841504185070402,0.32180966615080414,0.07123877633249347,0.157651227987034,3.824274877428325,3.032652348031116,0.637
4,95,O.Dango,MID,BRE,6.4,0.7,a,,,1.0,66.0,0.2008427311787982,0.11032018377243981,0.2052544963190038,0.12098094477881384,0.17578755182365643,3.5227673185809003,2.8150994446409405,0.55
4,96,Damsgaard,MID,BRE,5.5,0.5,a,,,0.0,14.0,0.2008427311787982,0.23770137645824332,0.01355216380625578,0.034353218025399375,0.0,0.520820473107477,1.0348293974089358,0.095
4,97,Jensen,MID,BRE,5.5,0.1,i,0.0,Unspecified injury - Expected back 18 Sep,0.0,0.0,0.2008427311787982,0.1559447897328275,0.0,0.0,0.0,0.0,0.43588989435406733,0.0
4,98,Janelt,MID,BRE,5.0,1.9,a,,,1.0,90.0,0.2008427311787982,0.3600659571278669,0.08577970814041161,0.11246194844413872,0.08946885292247243,3.273049912756716,2.5948936554472186,0.655
4,99,Milambo,MID,BRE,5.0,0.0,i,0.0,Knee injury - Unknown return date,0.0,0.0,0.2008427311787982,0.17348723329835605,0.0,0.0,0.0,0.0,0.43588989435406733,0.0
4,100,Carvalho,MID,BRE,5.0,0.0,a,100.0,,0.0,0.0,0.2008427311787982,0.16014206150617483,0.0,0.0,0.0,0.35,0.8154753215150045,0.07
4,102,Yarmoliuk,MID,BRE,4.9,0.8,a,,,0.0,23.0,0.2008427311787982,0.3190694341361042,0.013064889550992288,0.013847995529209092,0.0,0.45686843434258867,0.9728511512851656,0.093
4,103,Dasilva,MID,BRE,5.0,0.0,i,0.0,Hamstring injury - Expected back 10 Oct,0.0,0.0,0.2008427311787982,0.17348723329835605,0.0,0.0,0.0,0.0,0.43588989435406733,0.0
4,105,Anthony,MID,BRE,6.0,0.1,a,,,0.0,23.0,0.2008427311787982,0.07337730475191126,0.04049959589973347,0.03218049542228089,0.0,0.64903946576551,1.2149784197066504,0.108
4,106,Thiago,FWD,BRE,7.9,11.5,a,,,1.0,82.0,0.2008427311787982,0.020794701986754968,0.6417426026243281,0.04009617010616282,0.28201014313020256,4.577531315601632,3.5422824725576403,0.579
4,107,Furo,FWD,BRE,4.5,1.1,a,,,0.0,0.0,0.2008427311787982,0.0033112582781456954,0.0,0.0,0.0,0.35,0.8154753215150045,0.078
4,108,Wilson,FWD,BRE,5.5,0.4,a,,,0.0,7.0,0.2008427311787982,0.001986754966887417,0.034742909960232736,0.0034129268825874412,0.0,0.4992104204886933,1.0756194767155873,0.091
4,565,M.Sangaré,MID,BRE,5.7,13.5,a,,,1.0,75.0,0.2008427311787982,0.23706513842925175,0.1158530990029847,0.10336672017458658,0.11215659717245975,3.1924974201054606,2.600166089352425,0.56
4,620,Diouf,DEF,BRE,4.5,0.1,a,,,0.25,20.0,0.2008427311787982,0.17496178019364703,0.005024830620224826,0.017160248142143057,0.021288045461357243,0.8937987880732027,1.3146736024810242,0.199
4,109,Verbruggen,GK,BHA,4.5,22.2,a,,,1.0,90.0,0.9425200857120847,0.0,0.0,0.021634826782145237,0.243202210801772,5.363002885985177,3.1921318085836985,1.192
4,111,Steele,GK,BHA,4.0,4.3,a,,,0.0,0.0,0.9425200857120847,0.0,0.0,0.0,0.0,0.35,0.8154753215150045,0.087
4,113,F.Kadıoğlu,DEF,BHA,4.4,1.8,a,100.0,,0.0,0.0,0.9425200857120847,0.11379563336453563,0.0,0.0,0.0,0.35,0.8154753215150045,0.08
4,114,Boscagli,DEF,BHA,4.5,0.3,a,,,1.0,90.0,0.9425200857120847,0.2546854651491988,0.01976609377734434,0.08168846347502082,0.271139116466349,6.140345992655332,3.4329657657351023,1.365
4,115,De Cuyper,DEF,BHA,4.8,20.8,a,,,1.0,77.0,0.9425200857120847,0.133935790725327,0.1864467508424465,0.16434797038048765,0.37913695283740334,7.274226891193476,3.865192310651862,1.515
4,116,Dunk,DEF,BHA,4.5,1.3,a,,,1.0,90.0,0.9425200857120847,0.2579180629121176,0.033599823235451395,0.026865665216151448,0.2567929423860822,6.050481780430869,3.420162908726916,1.345
4,117,Coppola,DEF,BHA,4.5,0.0,a,,,0.0,0.0,0.9425200857120847,0.31059962629522675,0.0,0.0,0.0,0.35,0.8154753215150045,0.078
4,118,Igor,DEF,BHA,4.5,0.1,u,0.0,Has joined Burnley permanently,0.0,0.0,0.9425200857120847,0.33449190524101347,0.0,0.0,0.0,0.0,0.43588989435406733,0.0
4,119,Costinha,DEF,BHA,4.5,0.0,a,,,0.0,26.0,0.9425200857120847,0.2790328973444312,0.015582433477770297,0.015445916785437091,0.0,0.489832351222933,1.012015843843462,0.109
4,120,Svoboda,DEF,BHA,5.0,0.1,a,,,0.0,0.0,0.9425200857120847,0.2790328973444312,0.0,0.0,0.0,0.35,0.8154753215150045,0.07
4,121,Mitoma,MID,BHA,5.9,0.0,i,0.0,Hamstring injury - Expected back 10 Oct,0.0,0.0,0.9425200857120847,0.07178782067518182,0.0,0.0,0.0,0.0,0.43588989435406733,0.0
4,122,Minteh,MID,BHA,5.9,0.0,i,0.0,Leg injury - Expected back 28 Nov,0.0,0.0,0.9425200857120847,0.08329315674541278,0.0,0.0,0.0,0.0,0.43588989435406733,0.0
4,123,Hinshelwood,MID,BHA,6.0,1.0,d,50.0,Unspecified injury - 50% chance of playing,0.5,31.5,0.9425200857120847,0.09338929695697797,0.1097474604520944,0.03279922308563448,0.11839934605446867,2.1575117101998234,2.1812283264464156,0.36
4,124,Groß,MID,BHA,5.6,16.3,a,,,1.0,90.0,0.9425200857120847,0.13167247740581525,0.2450901693003845,0.20691327991714076,0.25245321579734226,4.778039739332506,3.2478941670771952,0.853
4,125,Georginio,FWD,BHA,5.5,0.6,d,75.0,Unspecified injury - 75% chance of playing,0.5,45.0,0.9425200857120847,0.03353984191412091,0.10448277207139907,0.07272408232778517,0.10914840332531872,1.6486083931552618,1.938879207022292,0.3
4,126,O'Riley,MID,BHA,5.5,0.1,a,,,0.0,0.0,0.9425200857120847,0.14870334282716233,0.0,0.0,0.0,0.35,0.8154753215150045,0.064
4,127,Gomez,MID,BHA,5.0,4.8,a,,,1.0,85.0,0.9425200857120847,0.14116241109945202,0.21126102768020513,0.1339603285860664,0.2221869817757679,4.3772304212131035,3.0958527042458153,0.875
4,128,Buonanotte,MID,BHA,5.0,0.0,u,0.0,Has joined Elche on loan for the rest of the season,0.0,0.0,0.9425200857120847,0.17348723329835605,0.0,0.0,0.0,0.0,0.43588989435406733,0.0
4,129,Ayari,MID,BHA,5.4,0.4,a,100.0,,1.0,63.0,0.9425200857120847,0.21460141816909917,0.08961475105643327,0.057128255984686134,0.16762351209176818,3.619067123614253,2.722850719596225,0.67
4,130,Wieffer,DEF,BHA,5.0,0.3,i,0.0,Knee injury - Unknown return date,0.0,0.0,0.9425200857120847,0.4954059020646417,0.0,0.0,0.0,0.0,0.43588989435406733,0.0
4,132,Howell,MID,BHA,4.5,0.0,u,0.0,Has joined Leicester City on loan for the rest of the season,0.0,0.0,0.9425200857120847,0.16014206150617483,0.0,0.0,0.0,0.0,0.43588989435406733,0.0
4,133,Watson,MID,BHA,5.0,0.0,u,0.0,Has joined Leicester City on loan for the rest of the season,0.0,0.0,0.9425200857120847,0.17348723329835605,0.0,0.0,0.0,0.0,0.43588989435406733,0.0
4,134,Oriola,MID,BHA,4.5,0.3,a,,,0.0,0.0,0.9425200857120847,0.17348723329835605,0.0,0.0,0.0,0.35,0.8154753215150045,0.078
4,135,Yohanna,MID,BHA,4.9,0.1,i,0.0,Unspecified injury - Expected back 10 Oct,0.0,0.0,0.9425200857120847,0.17348723329835605,0.0,0.0,0.0,0.0,0.43588989435406733,0.0
4,137,Tzimas,FWD,BHA,5.5,0.0,i,0.0,Knee injury - Unknown return date,0.0,0.0,0.9425200857120847,0.0033112582781456954,0.0,0.0,0.0,0.0,0.43588989435406733,0.0
4,138,Kostoulas,FWD,BHA,5.5,0.5,a,,,0.0,26.0,0.9425200857120847,0.002838221381267739,0.13108066169655977,0.022247444038498085,0.0,0.9410649789017334,1.6045271671407286,0.171
4,139,Ferguson,FWD,BHA,5.0,0.0,i,0.0,Ankle injury - Expected back 10 Oct,0.0,0.0,0.9425200857120847,0.0033112582781456954,0.0,0.0,0.0,0.0,0.43588989435406733,0.0
4,328,Struijk,DEF,BHA,5.0,0.2,a,100.0,,0.0,0.0,0.9425200857120847,0.37155442654848125,0.0,0.0,0.0,0.35,0.8154753215150045,0.07
4,504,Vuskovic,DEF,BHA,5.0,3.1,a,,,1.0,90.0,0.9425200857120847,0.25756882831793654,0.06720855806200685,0.03370420195622441,0.2709494874344021,6.286163753005448,3.513824480403424,1.257
4,594,David,FWD,BHA,6.0,0.2,a,,,0.0,0.0,0.9425200857120847,0.0033112582781456954,0.0,0.0,0.0,0.35,0.8154753215150045,0.058
4,600,Osman,MID,BHA,5.0,0.0,a,,,0.0,12.0,0.9425200857120847,0.17348723329835605,0.016348730975212212,0.0153984417373309,0.0,0.47793898008805374,1.0030834701153117,0.096
4,605,Yalcouyé,MID,BHA,4.5,3.0,a,,,0.0,4.0,0.9425200857120847,0.17348723329835605,0.007879659852905552,0.005248354293004811,0.0,0.4051433621435422,0.9039083732271559,0.09
4,614,Hadjam,DEF,BHA,4.5,0.0,a,,,0.25,20.0,0.9425200857120847,0.2790328973444312,0.009907478749843447,0.008794984748007748,0.0662716003592842,1.8021874766871384,1.8664407513244623,0.4
4,624,Cozier-Duberry,MID,BHA,5.0,0.0,u,0.0,Has joined Middlesbrough on loan for the rest of the season,0.0,0.0,0.9425200857120847,0.17348723329835605,0.0,0.0,0.0,0.0,0.43588989435406733,0.0
4,639,Andrés,MID,BHA,5.5,0.0,a,,,0.25,20.0,0.9425200857120847,0.17348723329835605,0.028122817044516416,0.025132385761208857,0.04453223824755644,1.2121272277847885,1.572189121911927,0.22
4,652,Azeez,MID,BHA,5.5,0.0,d,50.0,Hamstring injury - 50% chance of playing,0.125,10.0,0.9425200857120847,0.17348723329835605,0.014061408522258208,0.012566192880604428,0.02226611912377822,0.6279386138923941,1.130244140674526,0.114
4,28,Martinez,GK,CHE,5.0,5.0,a,,,0.0,0.0,0.4119854071875749,0.0,0.0,0.0,0.0,0.35,0.8154753215150045,0.07
4,40,Rogers,MID,CHE,7.6,31.0,a,,,1.0,81.0,0.4119854071875749,0.061636935991605454,0.22341603608520655,0.18840430258437196,0.2013508946458158,3.9460825196620877,2.972886308601324,0.519
4,101,Henderson,MID,CHE,4.9,0.0,d,75.0,Wrist injury - 75% chance of playing,0.0,0.0,0.4119854071875749,0.16393054192194428,0.0,0.0,0.0,0.175,0.5766281297335397,0.036
4,136,Welbeck,FWD,CHE,5.9,0.8,a,100.0,,0.0,0.0,0.4119854071875749,0.0010739216037229282,0.0,0.0,0.0,0.35,0.8154753215150045,0.059
4,140,Sánchez,GK,CHE,4.9,1.0,u,0.0,Has joined Como on loan for the rest of the season,0.0,0.0,0.4119854071875749,0.0,0.0,0.0,0.0,0.0,0.43588989435406733,0.0
4,141,Jörgensen,GK,CHE,5.0,0.0,u,0.0,Has joined RC Strasbourg on loan for the rest of the season,0.0,0.0,0.4119854071875749,0.0,0.0,0.0,0.0,0.0,0.43588989435406733,0.0
4,142,James,DEF,CHE,5.4,7.8,a,,,1.0,90.0,0.4119854071875749,0.1671373365041617,0.052471056530333016,0.11932070136733477,0.16312346706107744,4.0126011601906,2.817582038476278,0.743
4,143,Chalobah,DEF,CHE,5.5,0.1,u,0.0,Has joined Como permanently,0.0,0.0,0.4119854071875749,0.41305701828888514,0.0,0.0,0.0,0.0,0.43588989435406733,0.0
4,144,Gusto,DEF,CHE,5.0,1.1,a,,,1.0,75.0,0.4119854071875749,0.09301096578147708,0.04515267505855502,0.06906215772448819,0.15096658156577186,3.669365832806346,2.6912285545236374,0.734
4,145,Fofana,DEF,CHE,5.0,0.1,a,100.0,,0.0,0.0,0.4119854071875749,0.34494649227110585,0.0,0.0,0.0,0.35,0.8154753215150045,0.07
4,146,B.Badiashile,DEF,CHE,4.5,0.0,u,0.0,Has joined Napoli on loan for the rest of the season,0.0,0.0,0.4119854071875749,0.28989298454221163,0.0,0.0,0.0,0.0,0.43588989435406733,0.0
4,148,Hato,DEF,CHE,4.5,0.9,a,,,1.0,64.0,0.4119854071875749,0.18906064209274673,0.016076967049608506,0.033253065644483444,0.1272759772635171,3.5405251086231346,2.6121752446345567,0.787
4,149,Colwill,DEF,CHE,4.9,1.1,a,,,1.0,90.0,0.4119854071875749,0.35655965120887834,0.04319063014151691,0.0350289832391503,0.13037321648012726,4.019830255948879,2.810128336420237,0.82
4,150,M.Sarr,DEF,CHE,4.5,0.0,u,0.0,Has joined Real Sociedad on loan for the rest of the season,0.0,0.0,0.4119854071875749,0.25756882831793654,0.0,0.0,0.0,0.0,0.43588989435406733,0.0
4,151,Acheampong,DEF,CHE,4.5,0.4,a,,,1.0,90.0,0.4119854071875749,0.21741973840665874,0.058189565001277754,0.020742109971304188,0.1306224380372974,3.8111950273049913,2.7550694985584574,0.847
4,152,Palestra,DEF,CHE,5.4,1.0,d,75.0,Unspecified injury - 75% chance of playing,0.0,0.0,0.4119854071875749,0.2790328973444312,0.0,0.0,0.0,0.175,0.5766281297335397,0.032
4,154,Palmer,MID,CHE,9.7,24.6,a,100.0,,1.0,82.0,0.4119854071875749,0.1200543176347139,0.47711291389658556,0.1625374373712193,0.2869178829740727,5.330021283631101,3.6041251257799867,0.549
4,156,Neto,MID,CHE,6.5,1.4,a,,,0.0,14.0,0.4119854071875749,0.049567780942387445,0.02596621693564043,0.03223838088707683,0.0,0.5765462273394326,1.1185862208872253,0.089
4,157,Estêvão,MID,CHE,6.4,0.8,a,,,0.0,7.0,0.4119854071875749,0.10957088418843541,0.019201378650688373,0.01443108531120861,0.0,0.48930014918706766,1.022193012771834,0.076
4,158,Gittens,MID,CHE,5.9,0.0,a,,,0.0,0.0,0.4119854071875749,0.14870334282716233,0.0,0.0,0.0,0.35,0.8154753215150045,0.059
4,159,Caicedo,MID,CHE,5.4,1.6,d,75.0,Calf injury - 75% chance of playing,0.0,0.0,0.4119854071875749,0.3507406232460529,0.0,0.0,0.0,0.175,0.5766281297335397,0.032
4,161,Lavia,MID,CHE,5.0,0.2,a,,,1.0,64.0,0.4119854071875749,0.14870334282716233,0.08818578667925853,0.049725895429985595,0.10907694675690108,2.921824291857698,2.4658833862543412,0.584
4,163,D.Essugo,MID,CHE,4.5,0.1,u,0.0,Has joined RC Strasbourg on loan for the rest of the season,0.0,0.0,0.4119854071875749,0.17348723329835605,0.0,0.0,0.0,0.0,0.43588989435406733,0.0
4,164,Quenda,MID,CHE,5.4,0.0,a,100.0,,0.0,8.0,0.4119854071875749,0.17348723329835605,0.011149134579426068,0.009963594710665912,0.0,0.43563645702912807,0.9458351208492417,0.081
4,165,João Pedro,FWD,CHE,7.7,72.9,a,,,1.0,90.0,0.4119854071875749,0.0009240720776220546,0.5133372444816295,0.08163658577556883,0.24943938130877694,4.119398409184826,3.3025566527072545,0.535
4,168,Marc Guiu,FWD,CHE,5.0,0.3,u,0.0,Has joined RB Leipzig permanently,0.0,0.0,0.4119854071875749,0.003056546102903719,0.0,0.0,0.0,0.0,0.43588989435406733,0.0
4,169,Mheuka,FWD,CHE,4.5,0.4,a,,,0.0,0.0,0.4119854071875749,0.0033112582781456954,0.0,0.0,0.0,0.35,0.8154753215150045,0.078
4,170,Emegha,FWD,CHE,5.0,0.1,d,75.0,Hamstring injury - 75% chance of playing,0.0,0.0,0.4119854071875749,0.0033112582781456954,0.0,0.0,0.0,0.175,0.5766281297335397,0.035
4,200,Lacroix,DEF,CHE,6.0,8.1,a,,,1.0,90.0,0.4119854071875749,0.5180509525134718,0.06147148566048761,0.04030339661408826,0.1386175605929953,4.450726967700836,2.9707255262973242,0.742
4,560,Penders,GK,CHE,4.5,0.1,a,,,0.0,0.0,0.4119854071875749,0.0,0.0,0.0,0.0,0.35,0.8154753215150045,0.078
4,561,Anselmino,DEF,CHE,4.5,0.0,a,100.0,,0.0,0.0,0.4119854071875749,0.2790328973444312,0.0,0.0,0.0,0.35,0.8154753215150045,0.078
4,568,Barco,MID,CHE,5.5,0.1,a,,,0.0,0.0,0.4119854071875749,0.17348723329835605,0.0,0.0,0.0,0.35,0.8154753215150045,0.064
4,583,Chavarria,DEF,CHE,4.9,0.2,a,,,0.0,25.0,0.4119854071875749,0.2790328973444312,0.011379840175167405,0.010552634487565073,0.0,0.44993694451369964,0.9608117586848288,0.092
4,91,Pinnock,DEF,COV,4.5,0.1,a,,,0.0,0.0,0.23661507488064948,0.3342746730083234,0.0,0.0,0.0,0.35,0.8154753215150045,0.078
4,104,Onyeka,MID,COV,4.9,0.1,a,,,1.0,90.0,0.23661507488064948,0.16014206150617483,0.08436845113354925,0.12775271283918213,0.09790391487852093,2.985351571125373,2.485634464666819,0.609
4,110,Rushworth,GK,COV,4.5,0.9,a,,,1.0,90.0,0.23661507488064948,0.0,0.0,0.0002302631578947368,0.059234360825425526,2.492390173317576,2.176129897157657,0.554
4,171,Dovin,GK,COV,4.0,1.2,u,0.0,Has joined Leyton Orient on loan for the rest of the season,0.0,0.0,0.23661507488064948,0.0,0.0,0.0,0.0,0.0,0.43588989435406733,0.0
4,172,Wilson,GK,COV,4.5,0.4,a,,,0.0,0.0,0.23661507488064948,0.0,0.0,0.0,0.0,0.35,0.8154753215150045,0.078
4,173,Thomas,DEF,COV,4.0,8.9,a,,,1.0,90.0,0.23661507488064948,0.33449190524101347,0.05469698862519113,0.04826476485373381,0.0951903824377861,3.1785685526743266,2.523383082655578,0.795
4,174,Kitching,DEF,COV,4.0,0.4,u,0.0,Has joined Sheffield United on loan for the rest of the season,0.0,0.0,0.23661507488064948,0.2790328973444312,0.0,0.0,0.0,0.0,0.43588989435406733,0.0
4,175,van Ewijk,DEF,COV,4.0,10.9,a,,,1.0,90.0,0.23661507488064948,0.25756882831793654,0.031208558062006855,0.05470420195622441,0.08922323472654331,2.909450671352989,2.39065004213137,0.727
4,176,Dasilva,DEF,COV,4.0,0.7,a,,,1.0,90.0,0.23661507488064948,0.25756882831793654,0.049105782424502156,0.042634718165331306,0.09126294392660408,2.9826652753553415,2.4416590093053867,0.746
4,177,Kesler-Hayden,DEF,COV,4.0,0.0,i,0.0,Hamstring injury - Unknown return date,0.0,0.0,0.23661507488064948,0.2790328973444312,0.0,0.0,0.0,0.0,0.43588989435406733,0.0
4,178,Bidwell,DEF,COV,4.0,0.1,a,,,0.0,0.0,0.23661507488064948,0.2790328973444312,0.0,0.0,0.0,0.35,0.8154753215150045,0.087
4,179,Latibeaudiere,DEF,COV,4.0,0.0,a,,,0.0,0.0,0.23661507488064948,0.2790328973444312,0.0,0.0,0.0,0.35,0.8154753215150045,0.087
4,180,Woolfenden,DEF,COV,4.0,0.1,i,0.0,Knee injury - Unknown return date,0.0,0.0,0.23661507488064948,0.2790328973444312,0.0,0.0,0.0,0.0,0.43588989435406733,0.0
4,181,Brau,DEF,COV,4.0,0.0,u,0.0,Has joined Academico de Viseu on loan for the rest of the season,0.0,0.0,0.23661507488064948,0.2790328973444312,0.0,0.0,0.0,0.0,0.43588989435406733,0.0
4,182,Amenda,DEF,COV,4.0,0.8,a,,,1.0,90.0,0.23661507488064948,0.25756882831793654,0.03420855806200686,0.06670420195622441,0.09447323472654331,2.9687006713529884,2.417805332102384,0.742
4,183,Rudoni,MID,COV,5.0,0.1,a,100.0,,0.0,20.0,0.23661507488064948,0.17348723329835605,0.034632444980701796,0.02701749612592774,0.0,0.6042147132812922,1.1643893786524617,0.121
4,184,Grimes,MID,COV,5.0,0.1,a,,,1.0,90.0,0.23661507488064948,0.16014206150617483,0.09458687369022672,0.09198037635963255,0.08896004500551569,2.9201828045971063,2.473028218778723,0.584
4,185,Sakamoto,MID,COV,4.9,0.1,a,,,0.0,0.0,0.23661507488064948,0.17348723329835605,0.0,0.0,0.0,0.35,0.8154753215150045,0.071
4,186,Mason-Clark,MID,COV,5.4,0.1,a,100.0,,0.0,0.0,0.23661507488064948,0.17348723329835605,0.0,0.0,0.0,0.35,0.8154753215150045,0.065
4,187,Eccles,MID,COV,4.9,0.0,i,0.0,Unspecified injury - Expected back 12 Oct,0.0,0.0,0.23661507488064948,0.17348723329835605,0.0,0.0,0.0,0.0,0.43588989435406733,0.0
4,188,Torp,MID,COV,5.4,0.1,a,,,0.0,28.0,0.23661507488064948,0.17348723329835605,0.0373158534606239,0.03708467354127415,0.0,0.647833287926942,1.2061419351904372,0.12
4,189,Shepherd,MID,COV,4.5,0.2,a,,,0.0,0.0,0.23661507488064948,0.17348723329835605,0.0,0.0,0.0,0.35,0.8154753215150045,0.078
4,190,Tchaouna,MID,COV,5.4,0.1,a,,,1.0,81.0,0.23661507488064948,0.12327387198321091,0.0901497654266337,0.07363342397669562,0.08735497003380412,2.773513862436365,2.410513416512942,0.514
4,191,Borges Rodrigues,MID,COV,4.5,0.1,u,0.0,Has joined Burton Albion on loan for the rest of the season,0.0,0.0,0.23661507488064948,0.17348723329835605,0.0,0.0,0.0,0.0,0.43588989435406733,0.0
4,192,Andrews,MID,COV,4.5,0.4,u,0.0,Has joined Oxford United on loan for the rest of the season,0.0,0.0,0.23661507488064948,0.17348723329835605,0.0,0.0,0.0,0.0,0.43588989435406733,0.0
4,193,Wright,FWD,COV,5.4,0.1,i,0.0,Thigh injury - Unknown return date,0.0,0.0,0.23661507488064948,0.0033112582781456954,0.0,0.0,0.0,0.0,0.43588989435406733,0.0
4,194,Thomas-Asante,FWD,COV,5.0,0.8,a,,,1.0,69.0,0.23661507488064948,0.003056546102903719,0.28558546489902237,0.040015450076950426,0.17230540345535686,3.0103176581116404,2.726374211256821,0.602
4,195,Simms,FWD,COV,5.0,0.8,a,,,1.0,69.0,0.23661507488064948,0.003056546102903719,0.32054031018262896,0.04027842010859739,0.18838310175145087,3.1670036476371015,2.817897938465172,0.633
4,196,Markelo,FWD,COV,5.0,0.0,u,0.0,Has joined Shabab Al-Ahli Dubai permanently,0.0,0.0,0.23661507488064948,0.0033112582781456954,0.0,0.0,0.0,0.0,0.43588989435406733,0.0
4,197,Bassette,FWD,COV,4.5,0.0,u,0.0,Has joined KVC Westerlo on loan for the rest of the season,0.0,0.0,0.23661507488064948,0.0033112582781456954,0.0,0.0,0.0,0.0,0.43588989435406733,0.0
4,492,Awoniyi,FWD,COV,5.5,0.7,a,,,0.0,20.0,0.23661507488064948,0.002838221381267739,0.12368874232360973,0.01505437072283894,0.0,0.8899180814629558,1.5598002464165963,0.162
4,575,Yirenkyi,MID,COV,4.9,0.2,a,,,1.0,61.0,0.23661507488064948,0.16014206150617483,0.073096138923581,0.07152591604268221,0.09834338833129921,2.7607490931388106,2.3841141144050186,0.563
4,584,Hamer,MID,COV,5.4,0.1,a,,,0.0,8.0,0.23661507488064948,0.17348723329835605,0.010849157864284555,0.009885145558842647,0.0,0.43390122599795067,0.9431369341626981,0.08
4,599,Cherif,FWD,COV,5.0,0.1,a,,,0.0,0.0,0.23661507488064948,0.0033112582781456954,0.0,0.0,0.0,0.35,0.8154753215150045,0.07
4,623,Bentley,GK,COV,4.0,0.4,a,,,0.25,20.0,0.23661507488064948,0.0,0.0,3.6549707602339175e-05,0.014802833627409013,0.8855287385048325,1.2971139514935386,0.221
4,655,Gboho,MID,COV,5.5,0.0,a,,,0.25,20.0,0.23661507488064948,0.17348723329835605,0.028122817044516416,0.025132385761208857,0.026884612976770562,1.0321214500227727,1.4593723504679559,0.188
4,42,Guessand,MID,CRY,5.5,0.0,a,,,0.0,27.0,0.38657925260096015,0.10957088418843541,0.04185094530777858,0.027334767394362264,0.0,0.6412590287219797,1.212228454714058,0.117
4,153,Disasi,DEF,CRY,4.5,0.1,a,,,0.0,0.0,0.38657925260096015,0.20570749108204517,0.0,0.0,0.0,0.35,0.8154753215150045,0.078
4,198,Henderson,GK,CRY,5.0,2.0,a,100.0,,1.0,90.0,0.38657925260096015,0.0,8.75e-05,0.0011518914473684211,0.09707860015681899,3.140654226986947,2.442901559882264,0.628
4,199,Benitez,GK,CRY,4.5,0.1,a,,,0.0,0.0,0.38657925260096015,0.0,0.0,0.0,0.0,0.35,0.8154753215150045,0.078
4,202,Richards,DEF,CRY,5.0,0.7,a,,,1.0,90.0,0.38657925260096015,0.394281699275754,0.057170487130081424,0.028588701093206503,0.1266605290283908,4.031977870653633,2.829095416740551,0.806
4,203,Canvot,DEF,CRY,4.9,0.2,a,,,1.0,90.0,0.38657925260096015,0.4573479543753028,0.06623798491179286,0.01867315602487422,0.12636371247807351,4.172381314971758,2.885299361923663,0.852
4,204,Mitchell,DEF,CRY,4.5,6.1,a,,,1.0,90.0,0.38657925260096015,0.19475822433610782,0.1056442679508442,0.07780341023311924,0.16085150051462724,4.137532460595234,2.914648740901039,0.919
4,205,Sosa,DEF,CRY,4.5,0.0,u,0.0,Has joined FC Cologne on loan for the rest of the season,0.0,0.0,0.38657925260096015,0.2790328973444312,0.0,0.0,0.0,0.0,0.43588989435406733,0.0
4,206,Chadi Riad,DEF,CRY,4.4,0.0,i,0.0,Knee injury - Unknown return date,0.0,0.0,0.38657925260096015,0.22886288253332498,0.0,0.0,0.0,0.0,0.43588989435406733,0.0
4,207,Mingueza,DEF,CRY,4.4,0.1,a,,,0.0,0.0,0.38657925260096015,0.2790328973444312,0.0,0.0,0.0,0.35,0.8154753215150045,0.08
4,208,Sarr,MID,CRY,6.3,0.8,i,0.0,Groin injury - Unknown return date,0.0,0.0,0.38657925260096015,0.061230788222949195,0.0,0.0,0.0,0.0,0.43588989435406733,0.0
4,210,Wharton,MID,CRY,5.5,0.9,a,100.0,,1.0,90.0,0.38657925260096015,0.2946791902336652,0.03697036449504217,0.18196783058770008,0.11528629353905581,3.3139042302001944,2.5530844530392294,0.603
4,211,Yeremy,MID,CRY,5.5,0.4,a,,,0.0,35.0,0.38657925260096015,0.09941441288968622,0.07043445788187168,0.10197916905218066,0.0,1.0081097965659005,1.529057016846148,0.183
4,212,Hughes,MID,CRY,4.5,8.7,a,,,0.0,0.0,0.38657925260096015,0.08327387198321091,0.0,0.0,0.0,0.35,0.8154753215150045,0.078
4,213,Lerma,MID,CRY,4.9,0.1,a,,,0.0,0.0,0.38657925260096015,0.21720881427072403,0.0,0.0,0.0,0.35,0.8154753215150045,0.071
4,214,Kamada,MID,CRY,5.0,0.4,a,,,1.0,90.0,0.38657925260096015,0.24490444847212947,0.06102043635609547,0.11669771936802921,0.10085927976353966,3.1323317172297065,2.513474265011085,0.626
4,215,Devenny,MID,CRY,5.0,0.0,u,0.0,Has joined Stoke City permanently,0.0,0.0,0.38657925260096015,0.16220246313580383,0.0,0.0,0.0,0.0,0.43588989435406733,0.0
4,216,Esse,MID,CRY,5.0,0.0,u,0.0,Has joined Millwall on loan for the rest of the season,0.0,0.0,0.38657925260096015,0.17348723329835605,0.0,0.0,0.0,0.0,0.43588989435406733,0.0
4,217,M.França,MID,CRY,4.9,0.0,a,,,0.0,0.0,0.38657925260096015,0.17348723329835605,0.0,0.0,0.0,0.35,0.8154753215150045,0.071
4,218,Doucouré,MID,CRY,4.9,0.1,a,,,0.0,0.0,0.38657925260096015,0.17348723329835605,0.0,0.0,0.0,0.35,0.8154753215150045,0.071
4,219,J.Rak-Sakyi,MID,CRY,4.9,0.0,u,0.0,has joined  Kasimpasa on loan for the rest of the seaon.,0.0,0.0,0.38657925260096015,0.17348723329835605,0.0,0.0,0.0,0.0,0.43588989435406733,0.0
4,220,Cardines,DEF,CRY,4.5,0.0,u,0.0,Has joined Bristol City on loan for the rest of the season,0.0,0.0,0.38657925260096015,0.25756882831793654,0.0,0.0,0.0,0.0,0.43588989435406733,0.0
4,221,Drakes-Thomas,MID,CRY,4.5,0.1,a,,,0.0,0.0,0.38657925260096015,0.17348723329835605,0.0,0.0,0.0,0.35,0.8154753215150045,0.078
4,222,Strand Larsen,FWD,CRY,6.0,0.5,a,,,0.0,27.0,0.38657925260096015,0.0011352885525070956,0.08465391640755225,0.010803315246877663,0.0,0.7210256113708419,1.3703547570063428,0.12
4,223,Mateta,FWD,CRY,6.4,1.8,i,0.0,Hamstring injury - Expected back 11 Oct,0.0,0.0,0.38657925260096015,0.0011037527593818985,0.0,0.0,0.0,0.0,0.43588989435406733,0.0
4,224,Nketiah,FWD,CRY,5.5,0.7,a,,,0.0,55.0,0.38657925260096015,0.002838221381267739,0.30156348448209264,0.07265734350778429,0.0,1.7742259684517232,2.2760514596447132,0.323
4,225,Uche,FWD,CRY,5.0,0.0,u,0.0,has returned to Getafe CF,0.0,0.0,0.38657925260096015,0.0033112582781456954,0.0,0.0,0.0,0.0,0.43588989435406733,0.0
4,241,McNeil,MID,CRY,5.4,0.1,a,,,1.0,62.0,0.38657925260096015,0.16327387198321092,0.06085875356677013,0.13281188321316487,0.13705510362409523,3.0658613579394323,2.4880291600955045,0.568
4,555,Matthews,GK,CRY,4.0,1.8,a,,,0.0,0.0,0.38657925260096015,0.0,0.0,0.0,0.0,0.35,0.8154753215150045,0.087
4,577,Tomiyasu,DEF,CRY,4.5,0.3,a,,,0.0,18.0,0.38657925260096015,0.2790328973444312,0.01429652990982567,0.0072237445851876195,0.0,0.45745041321451685,0.9772077386955835,0.102
4,588,Khalaili,DEF,CRY,5.0,0.2,a,,,0.0,35.0,0.38657925260096015,0.2790328973444312,0.04188036987744865,0.01886706516747735,0.0,0.6578834147671239,1.2252594449022733,0.132
4,595,Gozo,MID,CRY,5.0,0.0,a,,,0.0,0.0,0.38657925260096015,0.17348723329835605,0.0,0.0,0.0,0.35,0.8154753215150045,0.07
4,633,Ahanor,DEF,CRY,4.5,0.0,a,,,0.25,20.0,0.38657925260096015,0.2790328973444312,0.009907478749843447,0.008794984748007748,0.03152529828983892,1.1959727550357977,1.5270209910368215,0.266
4,643,Chilwell,DEF,CRY,4.5,0.4,a,,,0.25,20.0,0.38657925260096015,0.2790328973444312,0.01651484908462919,0.030077406775185417,0.042506904032362014,1.3104458488685686,1.6090171557065684,0.291
4,644,Timber,MID,CRY,5.0,0.0,a,,,0.25,20.0,0.38657925260096015,0.17348723329835605,0.02620223793362169,0.02309387002724414,0.029074823824614925,1.0530849789899206,1.4690387631654174,0.211
4,647,Osorio,MID,CRY,5.5,0.0,a,,,0.25,20.0,0.38657925260096015,0.17348723329835605,0.028091569470022514,0.025104460888140848,0.030610418268550828,1.0700990036985507,1.4838253009864002,0.195
4,21,Nørgaard,MID,EVE,4.9,0.1,i,0.0,Groin injury - Unknown return date,0.0,0.0,0.3010211182330787,0.17348723329835605,0.0,0.0,0.0,0.0,0.43588989435406733,0.0
4,209,Johnson,MID,EVE,5.9,0.1,a,,,0.0,6.0,0.3010211182330787,0.07435167141358116,0.017422071069321633,0.005059358766076174,0.0,0.4522884316448367,0.981774132140952,0.077
4,226,Pickford,GK,EVE,5.5,8.6,a,,,1.0,90.0,0.3010211182330787,0.0,0.0,0.006643843404808317,0.07758062474995259,2.7966637714906333,2.305137992796137,0.508
4,227,Travers,GK,EVE,5.0,0.0,a,,,0.0,0.0,0.3010211182330787,0.0,0.0,0.0,0.0,0.35,0.8154753215150045,0.07
4,228,King,GK,EVE,4.5,0.0,a,,,0.0,0.0,0.3010211182330787,0.0,0.0,0.0,0.0,0.35,0.8154753215150045,0.078
4,229,Tarkowski,DEF,EVE,6.0,11.4,a,,,1.0,90.0,0.3010211182330787,0.5069678953626635,0.05628616101580171,0.046502967902163676,0.11123147467955755,3.8559488855808826,2.7683966205546646,0.643
4,230,Branthwaite,DEF,EVE,5.5,1.9,a,,,1.0,90.0,0.3010211182330787,0.3174197384066587,0.048537215047540036,0.018899612559884787,0.09885816922086836,3.3655032294867375,2.5856680812335604,0.612
4,231,Keane,DEF,EVE,4.9,0.9,a,,,0.0,0.0,0.3010211182330787,0.4475218236130043,0.0,0.0,0.0,0.35,0.8154753215150045,0.071
4,232,O'Brien,DEF,EVE,4.9,0.3,a,,,0.0,0.0,0.3010211182330787,0.19475822433610782,0.0,0.0,0.0,0.35,0.8154753215150045,0.071
4,233,Mykolenko,DEF,EVE,4.5,1.9,a,,,1.0,90.0,0.3010211182330787,0.22496510365506903,0.009539955496518732,0.05237296115857356,0.09692480038755197,3.0598898212004344,2.423020922992605,0.68
4,234,Patterson,DEF,EVE,4.5,0.0,u,0.0,Has joined Torino permanently,0.0,0.0,0.3010211182330787,0.35655965120887834,0.0,0.0,0.0,0.0,0.43588989435406733,0.0
4,235,Aznou,DEF,EVE,4.0,0.1,u,0.0,Has joined Malaga on loan for the rest of the season,0.0,0.0,0.3010211182330787,0.2790328973444312,0.0,0.0,0.0,0.0,0.43588989435406733,0.0
4,236,Dewsbury-Hall,MID,EVE,6.5,4.5,a,,,1.0,90.0,0.3010211182330787,0.1686153999900065,0.1432536250481421,0.15467900384188055,0.1343785319348158,3.471875433457212,2.7305832845488442,0.534
4,238,Grealish,MID,EVE,6.5,0.4,a,100.0,,0.0,8.0,0.3010211182330787,0.06939489331934243,0.010744917647424647,0.01668763968345012,0.0,0.4537875072874736,0.962634806004202,0.07
4,239,Garner,MID,EVE,6.0,0.1,d,75.0,Unspecified injury - 75% chance of playing,0.0,5.5,0.3010211182330787,0.4416369359916055,0.0028677036807797335,0.008749689398512398,0.0,0.21558758659943583,0.6533166434613513,0.036
4,242,George,MID,EVE,5.5,0.5,a,,,1.0,83.0,0.3010211182330787,0.13878978663868485,0.11646972769052776,0.14096202505388813,0.12780211437088737,3.2353494641748033,2.616482820137616,0.588
4,243,Alcaraz,MID,EVE,5.0,0.1,a,,,0.0,1.0,0.3010211182330787,0.10957088418843541,0.0019356923062057753,0.0009591928573827873,0.0,0.3625560401031772,0.8369412345160628,0.073
4,244,Armstrong,MID,EVE,5.0,0.4,a,,,1.0,90.0,0.3010211182330787,0.22676926664334848,0.12019007363434803,0.05764173844763086,0.09234324605200048,3.130413708964827,2.5824264730751305,0.626
4,245,Dibling,MID,EVE,5.4,0.0,a,,,0.0,0.0,0.3010211182330787,0.22013191425573378,0.0,0.0,0.0,0.35,0.8154753215150045,0.065
4,246,Röhl,MID,EVE,5.0,0.0,a,,,1.0,90.0,0.3010211182330787,0.16220246313580383,0.07538657445862705,0.07234236626109394,0.08180724107521022,2.8211591730959387,2.4109172270391297,0.564
4,247,Hackney,MID,EVE,5.5,0.2,a,100.0,,1.0,78.0,0.3010211182330787,0.16014206150617483,0.09959399681068,0.09416003834940219,0.10834893371487951,3.03039985476228,2.5209767362894113,0.551
4,248,Beto,FWD,EVE,5.4,1.0,u,0.0,Has joined Fiorentina permanently,0.0,0.0,0.3010211182330787,0.0014191106906338694,0.0,0.0,0.0,0.0,0.43588989435406733,0.0
4,249,Barry,FWD,EVE,5.6,5.8,a,,,1.0,78.0,0.3010211182330787,0.0012417218543046358,0.5400289989132224,0.02688899649231219,0.2590497638140045,4.072117517155751,3.313185366995825,0.727
4,649,Maitland-Niles,DEF,EVE,4.5,0.2,a,,,0.25,20.0,0.3010211182330787,0.2790328973444312,0.010438444797530894,0.008667946079425413,0.026336961297368965,1.0894942545074495,1.4603663075918107,0.242
4,654,Graham,MID,EVE,4.5,0.1,a,,,0.25,20.0,0.3010211182330787,0.17348723329835605,0.028122817044516416,0.025132385761208857,0.028494764060581292,1.0485449910776419,1.4700246206491299,0.233
4,250,Leno,GK,FUL,4.5,3.0,a,,,1.0,90.0,0.131983132591481,0.0,0.0,0.0004463125406107862,0.03315199253708403,1.9997357018459976,1.9492300617185738,0.444
4,251,Lecomte,GK,FUL,4.0,1.2,a,,,0.0,0.0,0.131983132591481,0.0,0.0,0.0,0.0,0.35,0.8154753215150045,0.087
4,252,McNally,GK,FUL,4.0,0.1,u,0.0,Has joined York City on loan for the rest of the season,0.0,0.0,0.131983132591481,0.0,0.0,0.0,0.0,0.0,0.43588989435406733,0.0
4,253,Andersen,DEF,FUL,5.0,0.1,a,100.0,,0.0,0.0,0.131983132591481,0.5429859248403064,0.0,0.0,0.0,0.35,0.8154753215150045,0.07
4,254,Robinson,DEF,FUL,4.5,1.4,a,,,1.0,81.0,0.131983132591481,0.253392923039075,0.042801654232598456,0.0832305562450872,0.082008309444748,2.405911983568621,2.1972807499670974,0.535
4,255,J.Cuenca,DEF,FUL,4.5,0.0,a,,,1.0,90.0,0.131983132591481,0.4934084681797033,0.013683033461124384,0.03746877722217078,0.050898916887023554,2.5044341323720585,2.2001188723052345,0.557
4,256,Tete,DEF,FUL,4.4,0.2,a,,,0.0,0.0,0.131983132591481,0.3338191860688121,0.0,0.0,0.0,0.35,0.8154753215150045,0.08
4,257,Bassey,DEF,FUL,4.5,0.7,a,,,1.0,90.0,0.131983132591481,0.2767901162959311,0.03371893182429047,0.016068839313127636,0.050421503045966584,2.1613945275167277,2.0758042280589772,0.48
4,258,Castagne,DEF,FUL,4.5,0.8,a,,,1.0,90.0,0.131983132591481,0.1671373365041617,0.1008082857896202,0.0726958519103504,0.09372223134285995,2.5753513025804122,2.3447851052155086,0.572
4,261,Iwobi,MID,FUL,5.4,0.8,a,,,1.0,90.0,0.131983132591481,0.07516699511171397,0.0807636516987909,0.23492377225349226,0.12368891164244719,3.0620102398865945,2.5104583975794688,0.567
4,262,Smith Rowe,MID,FUL,5.4,0.3,a,,,0.0,0.0,0.131983132591481,0.06715634837355719,0.0,0.0,0.0,0.35,0.8154753215150045,0.065
4,263,Kevin,MID,FUL,5.4,0.0,a,,,0.0,17.0,0.131983132591481,0.11565815553223738,0.020602426656986576,0.023714055428184378,0.0,0.524154299569486,1.058067922736505,0.097
4,264,Bobb,MID,FUL,5.5,0.3,a,,,1.0,66.0,0.131983132591481,0.09051507824262055,0.09518450550450143,0.15787325708565167,0.1339758817680848,2.941490406498131,2.481922401158718,0.535
4,265,Berge,MID,FUL,5.0,0.3,a,,,1.0,72.0,0.131983132591481,0.1539531912952233,0.028611726339788257,0.05375987869597898,0.04923589046229627,2.3282725122165475,2.143685641891126,0.466
4,266,Cairney,MID,FUL,5.0,0.0,i,0.0,Knee injury - Expected back 10 Oct,0.0,0.0,0.131983132591481,0.10957088418843541,0.0,0.0,0.0,0.0,0.43588989435406733,0.0
4,268,King,MID,FUL,5.5,1.1,a,,,1.0,90.0,0.131983132591481,0.08007103075308741,0.2102090531407299,0.09699526088773502,0.12071982316911081,3.3015060501058087,2.744834387362089,0.6
4,269,Sessegnon,DEF,FUL,4.5,0.3,a,,,0.0,17.0,0.131983132591481,0.47963733650416174,0.02199071992944208,0.025916676436522526,0.0,0.55969434888622,1.0933268415530968,0.124
4,270,Reed,MID,FUL,4.5,1.2,a,,,0.0,0.0,0.131983132591481,0.16014206150617483,0.0,0.0,0.0,0.35,0.8154753215150045,0.078
4,271,Muniz,FWD,FUL,5.4,0.4,a,,,0.0,8.0,0.131983132591481,0.001892147587511826,0.04110088976301557,0.0021013089378629354,0.0,0.5207074858656511,1.11173268447178,0.096
4,272,Kusi-Asare,FWD,FUL,4.5,6.2,a,,,0.0,0.0,0.131983132591481,0.0033112582781456954,0.0,0.0,0.0,0.35,0.8154753215150045,0.078
4,569,Gonzalo,FWD,FUL,6.0,4.1,a,,,1.0,90.0,0.131983132591481,0.003056546102903719,0.5448676302447893,0.061002898910499606,0.22525299846349922,4.163356261003498,3.343588293641336,0.694
4,570,Palacios,MID,FUL,5.5,0.2,a,,,1.0,72.0,0.131983132591481,0.16014206150617483,0.15707644884739952,0.07150697333007096,0.11320356046179142,3.099192599844526,2.6136037635397216,0.563
4,580,Charles,MID,FUL,5.0,0.1,a,,,0.0,23.0,0.131983132591481,0.17348723329835605,0.03036608500384553,0.02809560366325353,0.0,0.5861172360089881,1.1383405722542574,0.117
4,610,De Fougerolles,DEF,FUL,4.0,0.1,d,75.0,Unspecified injury - 75% chance of playing,0.0,0.0,0.131983132591481,0.2790328973444312,0.0,0.0,0.0,0.175,0.5766281297335397,0.044
4,626,Zepa,MID,FUL,4.5,0.4,a,,,0.25,20.0,0.131983132591481,0.17348723329835605,0.028122817044516416,0.025132385761208857,0.024268814419541353,1.0054403047390346,1.4418992618318605,0.223
4,635,Larsson,MID,FUL,5.0,0.0,a,,,0.25,20.0,0.131983132591481,0.17348723329835605,0.03065810607076245,0.02971410104634964,0.02707113486714991,1.0346642161732955,1.4662232596551714,0.207
4,636,Ángel,MID,FUL,5.0,0.0,a,,,0.25,20.0,0.131983132591481,0.17348723329835605,0.028122817044516416,0.025132385761208857,0.024268814419541353,1.0054403047390346,1.4418992618318605,0.201
4,650,Affengruber,DEF,FUL,4.5,0.0,a,,,0.25,20.0,0.131983132591481,0.2790328973444312,0.009907478749843447,0.008794984748007748,0.01561304078924647,0.8300877757110493,1.2793012336232832,0.184
4,240,Iroegbunam,MID,HUL,5.0,0.0,a,100.0,,0.0,0.0,0.9196241118436118,0.3243516714135812,0.0,0.0,0.0,0.35,0.8154753215150045,0.07
4,273,Phillips,GK,HUL,4.0,1.5,a,,,0.0,0.0,0.9196241118436118,0.0,0.0,0.0,0.0,0.35,0.8154753215150045,0.087
4,274,Butland,GK,HUL,4.5,0.1,i,0.0,Arm injury - Unknown return date,0.0,0.0,0.9196241118436118,0.0,0.0,0.0,0.0,0.0,0.43588989435406733,0.0
4,275,Cartwright,GK,HUL,4.0,0.0,u,0.0,Has joined Grimsby Town on loan for the rest of the season,0.0,0.0,0.9196241118436118,0.0,0.0,0.0,0.0,0.0,0.43588989435406733,0.0
4,276,Lo-Tutala,GK,HUL,4.0,0.0,u,0.0,Has joined Colchester United on loan for the rest of the season,0.0,0.0,0.9196241118436118,0.0,0.0,0.0,0.0,0.0,0.43588989435406733,0.0
4,277,Egan,DEF,HUL,4.1,6.3,a,,,1.0,90.0,0.9196241118436118,0.33449190524101347,0.031208558062006855,0.02770420195622441,0.2505254939672839,6.087514806211443,3.428342089140724,1.485
4,278,Hughes,DEF,HUL,4.0,0.1,i,0.0,Groin injury - Unknown return date,0.0,0.0,0.9196241118436118,0.2790328973444312,0.0,0.0,0.0,0.0,0.43588989435406733,0.0
4,279,Ajayi,DEF,HUL,4.1,11.7,a,100.0,,1.0,63.0,0.9196241118436118,0.25756882831793654,0.058692247385265,0.020224067428043817,0.26936418536755735,6.107276768428263,3.457741942991884,1.49
4,280,Coyle,DEF,HUL,4.0,0.6,a,100.0,,1.0,69.0,0.9196241118436118,0.25756882831793654,0.027458577355191114,0.025883078006881256,0.2542576532348925,5.921745247851667,3.3787671472075895,1.48
4,281,Drameh,DEF,HUL,4.0,0.1,u,0.0,Has joined Genoa permanently,0.0,0.0,0.9196241118436118,0.2790328973444312,0.0,0.0,0.0,0.0,0.43588989435406733,0.0
4,282,Giles,DEF,HUL,4.0,1.4,a,,,1.0,84.0,0.9196241118436118,0.25756882831793654,0.03214317470731313,0.04593259591065397,0.2591844419426406,6.014928174383465,3.4089914314313643,1.504
4,283,Jacob,DEF,HUL,4.0,0.0,u,0.0,Has joined Newport County on loan until January,0.0,0.0,0.9196241118436118,0.2790328973444312,0.0,0.0,0.0,0.0,0.43588989435406733,0.0
4,284,McCarthy,DEF,HUL,4.0,0.1,a,,,0.0,0.0,0.9196241118436118,0.2790328973444312,0.0,0.0,0.0,0.35,0.8154753215150045,0.087
4,285,McNair,DEF,HUL,4.0,0.1,a,100.0,,0.0,26.0,0.9196241118436118,0.2790328973444312,0.012507641506191249,0.011103179634096006,0.0,0.45835538793943553,0.9725847449564871,0.115
4,286,Belloumi,MID,HUL,5.0,1.0,a,,,1.0,90.0,0.9196241118436118,0.16014206150617483,0.11065509091678839,0.08692549015973289,0.16111561456114362,3.685883115691769,2.7689543992841577,0.737
4,287,Millar,MID,HUL,5.0,0.0,u,0.0,Has joined Birmingham on loan for the rest of the season,0.0,0.0,0.9196241118436118,0.17348723329835605,0.0,0.0,0.0,0.0,0.43588989435406733,0.0
4,288,Dowell,MID,HUL,4.5,0.3,a,,,0.0,0.0,0.9196241118436118,0.17348723329835605,0.0,0.0,0.0,0.35,0.8154753215150045,0.078
4,289,Crooks,MID,HUL,4.5,0.5,a,100.0,,1.0,90.0,0.9196241118436118,0.16014206150617483,0.1138974090302915,0.10178616233289588,0.16745166116147675,3.7530127693791058,2.79537273292884,0.834
4,290,Slater,MID,HUL,4.5,5.3,a,,,1.0,90.0,0.9196241118436118,0.16014206150617483,0.09158687369022672,0.13410037635963254,0.17095294870181194,3.741904022299327,2.7675149294105137,0.832
4,291,Matazo,MID,HUL,4.5,0.0,i,0.0,Knee injury - Unknown return date,0.0,0.0,0.9196241118436118,0.17348723329835605,0.0,0.0,0.0,0.0,0.43588989435406733,0.0
4,292,Ömür,MID,HUL,4.9,0.0,a,,,0.0,0.0,0.9196241118436118,0.17348723329835605,0.0,0.0,0.0,0.35,0.8154753215150045,0.071
4,293,Kamara,MID,HUL,5.0,0.0,u,0.0,Has joined Portsmouth permanently,0.0,0.0,0.9196241118436118,0.17348723329835605,0.0,0.0,0.0,0.0,0.43588989435406733,0.0
4,294,Zambrano,MID,HUL,4.5,0.1,a,100.0,,0.0,0.0,0.9196241118436118,0.17348723329835605,0.0,0.0,0.0,0.35,0.8154753215150045,0.078
4,295,McBurnie,FWD,HUL,5.5,1.9,a,,,1.0,90.0,0.9196241118436118,0.003056546102903719,0.4548676302447894,0.0460028989104996,0.2672670963887123,3.8003703589287112,3.154347708074252,0.691
4,296,Akintola,MID,HUL,5.0,0.0,a,,,0.0,0.0,0.9196241118436118,0.17348723329835605,0.0,0.0,0.0,0.35,0.8154753215150045,0.07
4,297,Gyabi,MID,HUL,4.5,0.0,i,0.0,Thigh injury - Unknown return date,0.0,0.0,0.9196241118436118,0.17348723329835605,0.0,0.0,0.0,0.0,0.43588989435406733,0.0
4,298,Destan,FWD,HUL,4.5,0.2,u,0.0,Has joined Konyaspor permanently,0.0,0.0,0.9196241118436118,0.0033112582781456954,0.0,0.0,0.0,0.0,0.43588989435406733,0.0
4,299,Burstow,FWD,HUL,4.5,0.0,u,0.0,Has joined Sheffield Wednesday on loan for the rest of the season,0.0,0.0,0.9196241118436118,0.0033112582781456954,0.0,0.0,0.0,0.0,0.43588989435406733,0.0
4,340,Gelhardt,MID,HUL,5.0,0.0,a,100.0,,0.0,0.0,0.9196241118436118,0.17348723329835605,0.0,0.0,0.0,0.35,0.8154753215150045,0.07
4,556,Targett,DEF,HUL,4.0,1.9,a,,,0.0,5.0,0.9196241118436118,0.2790328973444312,0.0023582961385930547,0.002834030796253027,0.0,0.3726518692203174,0.8498166439592493,0.093
4,563,Morita,MID,HUL,5.0,0.0,i,0.0,Calf injury - Expected back 11 Oct,0.0,0.0,0.9196241118436118,0.17348723329835605,0.0,0.0,0.0,0.0,0.43588989435406733,0.0
4,572,Tzolakis,GK,HUL,4.6,9.6,a,,,1.0,90.0,0.9196241118436118,0.0,0.0,0.0002302631578947368,0.2299866200661661,5.207276386812634,3.1454451409846595,1.132
4,574,Hjertø-Dahl,MID,HUL,4.9,0.1,a,,,0.0,0.0,0.9196241118436118,0.17348723329835605,0.0,0.0,0.0,0.35,0.8154753215150045,0.071
4,576,Stroud,MID,HUL,5.0,0.1,a,,,1.0,70.0,0.9196241118436118,0.16014206150617483,0.08093417323464318,0.07267726019128841,0.16108755622603038,3.4945057790405962,2.669300661144224,0.699
4,585,Herrington,DEF,HUL,4.0,0.6,a,,,0.0,26.0,0.9196241118436118,0.2790328973444312,0.01179210137425811,0.010467986291184334,0.0,0.4521565671191016,0.9642873460602093,0.113
4,586,Mendy,DEF,HUL,4.1,7.9,a,100.0,,1.0,63.0,0.9196241118436118,0.33449190524101347,0.04686874185106984,0.02182475465218123,0.2642527762125285,6.177564849278937,3.4667831868659453,1.507
4,589,Gourna-Douath,MID,HUL,5.0,0.0,a,,,0.0,0.0,0.9196241118436118,0.17348723329835605,0.0,0.0,0.0,0.35,0.8154753215150045,0.07
4,617,Cho,MID,HUL,5.0,0.0,a,,,0.25,20.0,0.9196241118436118,0.17348723329835605,0.02876521453821892,0.024713512665188706,0.04404785163243205,1.2083321353603673,1.5711213652719547,0.242
4,632,Ansah,FWD,HUL,5.0,0.0,i,0.0,Back injury - Unknown return date,0.0,0.0,0.9196241118436118,0.0033112582781456954,0.0,0.0,0.0,0.0,0.43588989435406733,0.0
4,637,Vaz,FWD,HUL,5.0,0.0,a,,,0.25,20.0,0.9196241118436118,0.0033112582781456954,0.09551353341104425,0.01269933298746019,0.06559941894050142,1.142274730355006,1.6563221872995535,0.228
4,638,Norton-Cuffy,DEF,HUL,4.0,0.3,a,,,0.25,20.0,0.9196241118436118,0.2790328973444312,0.009621262697070192,0.008540907410843082,0.06462786147021658,1.7766233557536004,1.8529198450322297,0.444
4,642,Thomas,MID,HUL,5.5,0.0,a,,,0.25,20.0,0.9196241118436118,0.17348723329835605,0.027279132533180924,0.025245080855039258,0.04367201181770199,1.2021205900899992,1.5645139553133056,0.219
4,645,Mouzakitis,MID,HUL,5.0,0.0,a,,,0.25,20.0,0.9196241118436118,0.17348723329835605,0.028122817044516416,0.025132385761208857,0.04395983890084462,1.206288754448328,1.5686572397177534,0.241
4,259,Diop,DEF,IPS,4.0,14.6,a,,,1.0,90.0,0.11949945051550825,0.20706641753015118,0.037201021235709966,0.010714518829083584,0.04664530165155481,1.9436473319795815,1.9789229540776632,0.486
4,267,Lukić,MID,IPS,5.0,0.1,a,,,1.0,90.0,0.11949945051550825,0.16939489331934243,0.06036958199004083,0.06594674114731225,0.0561606581496244,2.5474748897236226,2.280881360881168,0.509
4,300,Walton,GK,IPS,4.5,0.4,a,,,0.0,0.0,0.11949945051550825,0.0,0.0,0.0,0.0,0.35,0.8154753215150045,0.078
4,301,Palmer,GK,IPS,4.0,4.2,a,,,0.0,0.0,0.11949945051550825,0.0,0.0,0.0,0.0,0.35,0.8154753215150045,0.087
4,302,Button,GK,IPS,4.0,0.5,a,,,0.0,0.0,0.11949945051550825,0.0,0.0,0.0,0.0,0.35,0.8154753215150045,0.087
4,303,Kipré,DEF,IPS,4.0,0.5,a,,,0.0,0.0,0.11949945051550825,0.2790328973444312,0.0,0.0,0.0,0.35,0.8154753215150045,0.087
4,304,O'Shea,DEF,IPS,4.0,3.0,a,,,1.0,90.0,0.11949945051550825,0.33449190524101347,0.03268360893838272,0.033307080313634094,0.052971603867082946,2.2251097422527852,2.10328556404274,0.556
4,305,Davis,DEF,IPS,4.0,5.1,a,,,1.0,90.0,0.11949945051550825,0.25756882831793654,0.08974180799746337,0.12145829914796397,0.10379490012977663,2.741197427834491,2.3972329800981615,0.685
4,306,Greaves,DEF,IPS,4.0,1.2,a,,,1.0,90.0,0.11949945051550825,0.25756882831793654,0.03637433187491641,0.015678678297665154,0.04809341618928061,2.047952224607817,2.0271544632820535,0.512
4,307,Johnson,DEF,IPS,4.0,0.1,u,0.0,Has joined Stoke City on loan for the rest of the season,0.0,0.0,0.11949945051550825,0.2790328973444312,0.0,0.0,0.0,0.0,0.43588989435406733,0.0
4,308,Furlong,DEF,IPS,4.0,0.5,a,,,0.0,0.0,0.11949945051550825,0.2790328973444312,0.0,0.0,0.0,0.35,0.8154753215150045,0.087
4,309,Núñez,MID,IPS,5.0,0.1,a,,,1.0,79.0,0.11949945051550825,0.23706513842925175,0.09653608282824007,0.0949609064661788,0.08830633951704694,2.9720088222408743,2.495202047776312,0.594
4,310,Matusiwa,MID,IPS,4.9,0.0,i,0.0,Muscular injury - Unknown return date,0.0,0.0,0.11949945051550825,0.17348723329835605,0.0,0.0,0.0,0.0,0.43588989435406733,0.0
4,311,Burns,MID,IPS,5.0,0.0,u,0.0,Has joined Leicester City permanently,0.0,0.0,0.11949945051550825,0.17348723329835605,0.0,0.0,0.0,0.0,0.43588989435406733,0.0
4,312,Taylor,MID,IPS,4.5,0.0,i,0.0,Knee injury - Unknown return date,0.0,0.0,0.11949945051550825,0.17348723329835605,0.0,0.0,0.0,0.0,0.43588989435406733,0.0
4,313,Clarke,MID,IPS,5.5,0.2,a,,,0.0,19.0,0.11949945051550825,0.17348723329835605,0.044483708651325525,0.019219802290068064,0.0,0.6300779501268318,1.2099794862512891,0.115
4,314,Ogbene,MID,IPS,4.9,0.0,u,0.0,Has joined Lincoln City on loan until January,0.0,0.0,0.11949945051550825,0.17348723329835605,0.0,0.0,0.0,0.0,0.43588989435406733,0.0
4,315,Fatawu,MID,IPS,5.5,0.2,a,,,1.0,65.0,0.11949945051550825,0.16014206150617483,0.051352061350588646,0.1503114869705906,0.10967920308412231,2.7919748583944664,2.3691484966234215,0.508
4,316,Emersonn,FWD,IPS,5.5,1.7,a,100.0,,1.0,65.0,0.11949945051550825,0.003056546102903719,0.32448874912320463,0.03746052224263305,0.1873561304057645,3.1733167384558256,2.824222777651454,0.577
4,317,Hirst,FWD,IPS,5.0,0.1,u,0.0,Has joined Stoke City permanently,0.0,0.0,0.11949945051550825,0.0033112582781456954,0.0,0.0,0.0,0.0,0.43588989435406733,0.0
4,318,Philogene,MID,IPS,5.4,0.1,i,0.0,Ankle injury - Unknown return date,0.0,0.0,0.11949945051550825,0.17348723329835605,0.0,0.0,0.0,0.0,0.43588989435406733,0.0
4,319,Szmodics,MID,IPS,5.0,0.0,u,0.0,Has joined Derby County on loan for the rest of the season,0.0,0.0,0.11949945051550825,0.17348723329835605,0.0,0.0,0.0,0.0,0.43588989435406733,0.0
4,320,Akpom,FWD,IPS,5.0,1.2,a,,,0.0,24.0,0.11949945051550825,0.0033112582781456954,0.13179343946388147,0.014070860950105894,0.0,0.9193863407058436,1.5929829516113447,0.184
4,321,Walle Egeli,FWD,IPS,4.5,3.4,a,,,0.0,10.0,0.11949945051550825,0.0033112582781456954,0.047226135964349665,0.0062791146437997615,0.0,0.5577418877887979,1.1589074176071243,0.124
4,322,Al-Hamadi,FWD,IPS,5.0,0.1,u,0.0,Has joined Sheffield Wednesday on loan for the rest of the season,0.0,0.0,0.11949945051550825,0.0033112582781456954,0.0,0.0,0.0,0.0,0.43588989435406733,0.0
4,323,McAteer,MID,IPS,4.5,1.2,a,,,0.0,24.0,0.11949945051550825,0.17348723329835605,0.03001767454823847,0.021105364344035746,0.0,0.5634044657732996,1.1182908978699146,0.125
4,324,Mehmeti,MID,IPS,4.9,0.0,a,,,0.0,0.0,0.11949945051550825,0.17348723329835605,0.0,0.0,0.0,0.35,0.8154753215150045,0.071
4,554,Van Oevelen,GK,IPS,4.5,0.0,u,0.0,Has joined Valencia on loan for the rest of the season,0.0,0.0,0.11949945051550825,0.0,0.0,0.0,0.0,0.0,0.43588989435406733,0.0
4,562,Maeda,MID,IPS,5.4,0.3,a,,,1.0,79.0,0.11949945051550825,0.16014206150617483,0.14762469676763829,0.075447422055149,0.10089642281000397,3.0399630604592716,2.581022664658031,0.563
4,564,Scherpen,GK,IPS,4.5,0.6,a,,,1.0,90.0,0.11949945051550825,0.0,0.0,0.0002302631578947368,0.02995545473414022,1.9352479843745587,1.9175430035103935,0.43
4,571,Florentino,MID,IPS,4.9,0.1,a,100.0,,0.0,0.0,0.11949945051550825,0.4594813371308649,0.0,0.0,0.0,0.35,0.8154753215150045,0.071
4,591,Enciso,MID,IPS,5.5,0.9,a,100.0,,1.0,70.0,0.11949945051550825,0.16014206150617483,0.17573317222752302,0.10908165219086485,0.14011661603982536,3.3206283213956644,2.7135940823964257,0.604
4,592,Ouattara,DEF,IPS,4.0,0.9,a,,,0.0,10.0,0.11949945051550825,0.2790328973444312,0.004739077335341782,0.004447675111871114,0.0,0.391777489347664,0.8790970900717464,0.098
4,602,Humphreys,MID,IPS,4.5,0.0,u,0.0,Has joined Huddersfield Town on loan for the rest of the season,0.0,0.0,0.11949945051550825,0.17348723329835605,0.0,0.0,0.0,0.0,0.43588989435406733,0.0
4,619,Palacios,MID,IPS,5.0,0.0,a,,,0.25,20.0,0.11949945051550825,0.17348723329835605,0.024841821722656168,0.0229780518668456,0.021816561488754025,0.9772488266383822,1.4162710549004605,0.195
4,640,Flemming,FWD,IPS,5.5,0.0,a,,,0.25,20.0,0.11949945051550825,0.0012417218543046358,0.08918241236105273,0.006354309476892909,0.040605070486578805,1.0719688404144485,1.6036942573176998,0.195
4,260,Wilson,MID,LEE,6.3,3.1,a,,,1.0,65.0,0.2571684496090013,0.07167085580419238,0.1408860589724751,0.08909209050957188,0.13716779432527673,3.0473437090363635,2.575901667572724,0.484
4,326,Perri,GK,LEE,4.5,0.4,u,0.0,Has joined Torino on loan for the rest of the season,0.0,0.0,0.2571684496090013,0.0,0.0,0.0,0.0,0.0,0.43588989435406733,0.0
4,327,Bijol,DEF,LEE,5.0,0.9,a,,,1.0,90.0,0.2571684496090013,0.4514233755333287,0.04628268526222158,0.029839390394653904,0.09093483888215675,3.395294727709963,2.5939845979153886,0.679
4,329,Rodon,DEF,LEE,4.4,1.5,i,0.0,Hamstring injury - Expected back 21 Nov,0.0,0.0,0.2571684496090013,0.2966309948474039,0.0,0.0,0.0,0.0,0.43588989435406733,0.0
4,330,Bogle,DEF,LEE,4.5,1.7,a,,,1.0,90.0,0.2571684496090013,0.12155442654848124,0.1376823955390994,0.07203474525949352,0.13769311168175785,3.51007846063323,2.7377442262632448,0.78
4,331,Gudmundsson,DEF,LEE,4.5,0.1,a,100.0,,0.0,0.0,0.2571684496090013,0.13370986920332936,0.0,0.0,0.0,0.35,0.8154753215150045,0.078
4,332,Justin,DEF,LEE,4.5,1.5,a,,,1.0,90.0,0.2571684496090013,0.25298165964039926,0.060234795647555295,0.028870007779315122,0.09547879360165497,3.115510439652457,2.5061681127220896,0.692
4,333,Bornauw,DEF,LEE,4.5,0.0,u,0.0,Has joined Hamburg SV on loan for the rest of the season,0.0,0.0,0.2571684496090013,0.2717746730083234,0.0,0.0,0.0,0.0,0.43588989435406733,0.0
4,334,Muharemović,DEF,LEE,5.0,3.6,a,,,1.0,90.0,0.2571684496090013,0.25756882831793654,0.040208558062006856,0.03070420195622441,0.08911157840863126,3.002928771843539,2.4386094428741076,0.601
4,335,Stach,MID,LEE,6.0,2.8,a,,,1.0,90.0,0.2571684496090013,0.3270461699895068,0.126504467243917,0.1479401851391116,0.12177247329496013,3.6064752913528535,2.7588638706964,0.601
4,336,Okafor,MID,LEE,5.9,0.3,a,,,0.0,24.0,0.2571684496090013,0.06939489331934243,0.060771233116667794,0.02373790745457171,0.0,0.7250698879470541,1.3199470390130845,0.123
4,337,Aaronson,MID,LEE,5.4,0.6,a,,,1.0,81.0,0.2571684496090013,0.12394748291659202,0.1211081040249392,0.09801127925152471,0.11092993845730276,3.0451626385433825,2.551951731005518,0.564
4,338,Ampadu,MID,LEE,5.5,1.0,a,,,1.0,90.0,0.2571684496090013,0.46003847499125566,0.054769989677949577,0.06381623895111055,0.06722202498107117,3.185586457848342,2.5261104900576985,0.579
4,339,Longstaff,MID,LEE,4.9,0.1,a,,,0.0,8.0,0.2571684496090013,0.19437365712287014,0.008732995182204113,0.00941636645687721,0.0,0.4219140752816522,0.924139986218735,0.086
4,341,Gnonto,MID,LEE,5.0,0.0,u,0.0,Has joined ACF Fiorentina on loan for the rest of the season,0.0,0.0,0.2571684496090013,0.14870334282716233,0.0,0.0,0.0,0.0,0.43588989435406733,0.0
4,342,Harrison,MID,LEE,5.0,0.0,u,0.0,Has joined New England Revolution permanently,0.0,0.0,0.2571684496090013,0.16014206150617483,0.0,0.0,0.0,0.0,0.43588989435406733,0.0
4,343,James,MID,LEE,5.0,0.1,a,,,0.0,0.0,0.2571684496090013,0.13878978663868485,0.0,0.0,0.0,0.35,0.8154753215150045,0.07
4,344,Gruev,MID,LEE,5.0,0.0,d,25.0,Knee injury - 25% chance of playing,0.0,0.0,0.2571684496090013,0.11853256921462588,0.0,0.0,0.0,0.0875,0.43588989435406733,0.017
4,345,Tanaka,MID,LEE,4.9,0.2,a,,,0.0,0.0,0.2571684496090013,0.21174361664917804,0.0,0.0,0.0,0.35,0.8154753215150045,0.071
4,346,Calvert-Lewin,FWD,LEE,6.0,23.0,a,,,1.0,90.0,0.2571684496090013,0.0009240720776220546,0.5916140648886031,0.035223303476999146,0.24510992388886094,4.288936386497095,3.4203309085052136,0.715
4,347,Nmecha,FWD,LEE,5.4,0.5,a,,,0.0,0.0,0.2571684496090013,0.001892147587511826,0.0,0.0,0.0,0.35,0.8154753215150045,0.065
4,348,Piroe,FWD,LEE,5.0,0.1,u,0.0,Has joined West Ham United on loan for the rest of the season,0.0,0.0,0.2571684496090013,0.003056546102903719,0.0,0.0,0.0,0.0,0.43588989435406733,0.0
4,349,Mateo Joseph,FWD,LEE,4.5,0.1,i,0.0,Knee injury - Unknown return date,0.0,0.0,0.2571684496090013,0.0033112582781456954,0.0,0.0,0.0,0.0,0.43588989435406733,0.0
4,385,Trafford,GK,LEE,5.0,5.4,a,,,1.0,90.0,0.2571684496090013,0.0,0.0,0.00012792397660818714,0.0643368857940632,2.583507607246374,2.215550598331735,0.517
4,598,Elvedi,DEF,LEE,4.5,0.0,a,,,0.0,0.0,0.2571684496090013,0.2790328973444312,0.0,0.0,0.0,0.35,0.8154753215150045,0.078
4,603,Lienou,DEF,LEE,4.0,0.1,a,,,0.0,0.0,0.2571684496090013,0.2790328973444312,0.0,0.0,0.0,0.35,0.8154753215150045,0.087
4,604,Cresswell,MID,LEE,4.5,0.1,a,,,0.0,0.0,0.2571684496090013,0.17348723329835605,0.0,0.0,0.0,0.35,0.8154753215150045,0.078
4,625,Cairns,GK,LEE,4.0,0.2,a,,,0.25,20.0,0.2571684496090013,0.0,0.0,7.309941520467835e-05,0.016101810995299424,0.9085178466215349,1.3138431826443049,0.227
4,629,Zetterer,GK,LEE,4.0,0.5,a,,,0.25,20.0,0.2571684496090013,0.0,0.0,7.309941520467835e-05,0.016101810995299424,0.9085178466215349,1.3138431826443049,0.227
4,641,Bard,DEF,LEE,4.5,0.0,a,,,0.25,20.0,0.2571684496090013,0.2790328973444312,0.009907478749843447,0.008794984748007748,0.02343712310284149,1.0267537313966615,1.4178423615313225,0.228
4,648,Bahoya,MID,LEE,5.0,0.0,a,,,0.25,20.0,0.2571684496090013,0.17348723329835605,0.028122817044516416,0.025132385761208857,0.027398447344979357,1.0373625605785022,1.4627801500451982,0.207
4,350,A.Becker,GK,LIV,5.5,3.9,a,,,1.0,90.0,0.33101060629076917,0.0,0.0,0.002754552363354592,0.0837167448998664,2.9119847470349356,2.352184308120088,0.529
4,351,Mamardashvili,GK,LIV,4.9,0.1,a,,,0.0,0.0,0.33101060629076917,0.0,0.0,0.0,0.0,0.35,0.8154753215150045,0.071
4,352,Woodman,GK,LIV,4.0,1.1,a,,,0.0,0.0,0.33101060629076917,0.0,0.0,0.0,0.0,0.35,0.8154753215150045,0.087
4,353,Pecsi,GK,LIV,4.0,0.0,u,0.0,Has joined TSV Hartberg on loan for the rest of the season,0.0,0.0,0.33101060629076917,0.0,0.0,0.0,0.0,0.0,0.43588989435406733,0.0
4,354,Jaros,GK,LIV,4.0,0.0,i,0.0,Knee injury - Unknown return date,0.0,0.0,0.33101060629076917,0.0,0.0,0.0,0.0,0.0,0.43588989435406733,0.0
4,355,Davies,GK,LIV,4.0,0.2,a,,,0.0,0.0,0.33101060629076917,0.0,0.0,0.0,0.0,0.35,0.8154753215150045,0.087
4,356,Virgil,DEF,LIV,6.5,17.2,a,,,1.0,90.0,0.33101060629076917,0.39898813270849365,0.07836303487887541,0.02890651262226402,0.12029699319809109,3.895682614426303,2.805704042960203,0.599
4,357,Frimpong,DEF,LIV,5.4,2.4,a,,,1.0,90.0,0.33101060629076917,0.1455823812231815,0.03787491146096896,0.09794308340447565,0.1302889497755979,3.4035889601100315,2.5872897968675392,0.63
4,358,Kerkez,DEF,LIV,5.4,2.8,a,,,1.0,90.0,0.33101060629076917,0.12078874355925485,0.02778849297930934,0.042786409488628496,0.10745386743647053,3.10914505183178,2.4645702579468574,0.576
4,359,Gomez,DEF,LIV,5.0,0.0,i,0.0,Muscular injury - Unknown return date,0.0,0.0,0.33101060629076917,0.19696439812548086,0.0,0.0,0.0,0.0,0.43588989435406733,0.0
4,360,Bradley,DEF,LIV,5.0,0.0,i,0.0,Knee injury - Unknown return date,0.0,0.0,0.33101060629076917,0.20706641753015118,0.0,0.0,0.0,0.0,0.43588989435406733,0.0
4,361,Lucky,DEF,LIV,4.0,0.1,a,,,0.0,0.0,0.33101060629076917,0.2790328973444312,0.0,0.0,0.0,0.35,0.8154753215150045,0.087
4,362,Jacquet,DEF,LIV,5.0,2.7,a,100.0,,1.0,69.0,0.33101060629076917,0.25756882831793654,0.025255814579809258,0.0304272893608705,0.10817319902387218,3.3092663085948817,2.537546230871298,0.662
4,363,Leoni,DEF,LIV,4.0,0.0,i,0.0,Knee injury - Unknown return date,0.0,0.0,0.33101060629076917,0.2790328973444312,0.0,0.0,0.0,0.0,0.43588989435406733,0.0
4,364,Tsimikas,DEF,LIV,4.9,0.1,a,,,0.0,0.0,0.33101060629076917,0.2790328973444312,0.0,0.0,0.0,0.35,0.8154753215150045,0.071
4,365,Ramsay,DEF,LIV,4.0,0.1,u,0.0,Has joined St Mirren on loan for the rest of the season,0.0,0.0,0.33101060629076917,0.2790328973444312,0.0,0.0,0.0,0.0,0.43588989435406733,0.0
4,366,Wirtz,MID,LIV,7.4,8.1,a,,,1.0,62.0,0.33101060629076917,0.07704616998950682,0.16609574261794796,0.1119561881372469,0.17436938028695817,3.3570113683566385,2.715675985014652,0.454
4,367,Gakpo,MID,LIV,7.2,13.6,d,75.0,Thigh injury - 75% chance of playing,0.5,45.0,0.33101060629076917,0.0927692454450062,0.12053055261132266,0.11696777873052142,0.09967494628418387,2.163343630235521,2.198530466724404,0.3
4,368,Szoboszlai,MID,LIV,7.0,38.4,a,,,1.0,90.0,0.33101060629076917,0.24656830203225047,0.3429873671413332,0.21860971329773887,0.22966003878275212,4.928641447909484,3.3796956895371544,0.704
4,369,Ngumoha,MID,LIV,5.8,0.6,a,,,1.0,62.0,0.33101060629076917,0.11565815553223738,0.1141182247714758,0.1494657443375793,0.16701872235383877,3.2733478431907796,2.6275597520687013,0.564
4,370,Chiesa,MID,LIV,5.4,0.1,i,0.0,Back injury - Unknown return date,0.0,0.0,0.33101060629076917,0.16014206150617483,0.0,0.0,0.0,0.0,0.43588989435406733,0.0
4,371,Gravenberch,MID,LIV,5.9,1.4,a,,,1.0,77.0,0.33101060629076917,0.19743145216478855,0.04147222671590036,0.068422971978352,0.0780581873676347,2.7284918666529108,2.330872777938756,0.462
4,372,Mac Allister,MID,LIV,5.4,1.4,a,,,0.0,27.0,0.33101060629076917,0.14833772681903104,0.030331498276548796,0.04180216686855194,0.0,0.6270639919883998,1.1719260106496707,0.116
4,373,C.Jones,MID,LIV,5.5,0.0,u,0.0,Has joined Internazionale permanently,0.0,0.0,0.33101060629076917,0.20272822665267576,0.0,0.0,0.0,0.0,0.43588989435406733,0.0
4,374,Endo,MID,LIV,5.0,0.1,a,100.0,,0.0,0.0,0.33101060629076917,0.16014206150617483,0.0,0.0,0.0,0.35,0.8154753215150045,0.07
4,375,Nyoni,MID,LIV,4.9,0.0,a,,,0.0,0.0,0.33101060629076917,0.17348723329835605,0.0,0.0,0.0,0.35,0.8154753215150045,0.071
4,376,Bajcetic,MID,LIV,5.0,0.0,u,0.0,Has joined Celta Vigo permanently,0.0,0.0,0.33101060629076917,0.17348723329835605,0.0,0.0,0.0,0.0,0.43588989435406733,0.0
4,377,Munoz,MID,LIV,6.5,1.2,a,,,0.0,27.0,0.33101060629076917,0.17348723329835605,0.04297264240807774,0.03434297662210557,0.0,0.6678921419067054,1.2356500006357816,0.103
4,378,McConnell,MID,LIV,4.5,0.2,a,,,0.0,0.0,0.33101060629076917,0.17348723329835605,0.0,0.0,0.0,0.35,0.8154753215150045,0.078
4,379,Isak,FWD,LIV,9.1,21.9,a,,,1.0,90.0,0.33101060629076917,0.001892147587511826,0.6516006870232897,0.07200476396430369,0.2863629684747346,4.682261560021826,3.5785333708352094,0.515
4,380,Ekitiké,FWD,LIV,7.4,0.1,i,0.0,Achilles injury - Unknown return date,0.0,0.0,0.33101060629076917,0.001281777397991882,0.0,0.0,0.0,0.0,0.43588989435406733,0.0
4,381,Koumas,MID,LIV,5.0,0.0,a,,,0.0,12.0,0.33101060629076917,0.17348723329835605,0.01703440359010182,0.014861617446794838,0.0,0.4797568702908936,1.0068487846212602,0.096
4,382,Danns,FWD,LIV,4.5,0.1,a,100.0,,0.0,0.0,0.33101060629076917,0.0033112582781456954,0.0,0.0,0.0,0.35,0.8154753215150045,0.078
4,383,Elliott,MID,LIV,5.4,0.0,u,0.0,Has joined Valencia on loan for the rest of the season,0.0,0.0,0.33101060629076917,0.17348723329835605,0.0,0.0,0.0,0.0,0.43588989435406733,0.0
4,579,Araujo,DEF,LIV,5.4,2.4,a,,,0.0,20.0,0.33101060629076917,0.2790328973444312,0.008553456654031509,0.008807818313928172,0.0,0.42774419486597354,0.9295346740006737,0.079
4,627,Barcola,MID,LIV,8.0,1.9,a,,,0.25,20.0,0.33101060629076917,0.17348723329835605,0.027310380107674833,0.025947079802181344,0.0292453899967751,1.054575096705814,1.4722618531997274,0.132
4,155,Enzo,MID,MCI,6.9,3.2,a,,,0.0,25.0,0.2755820895914659,0.08684780424638879,0.06559521671875286,0.05160375554403703,0.0,0.8327873502258754,1.4056554576928446,0.121
4,237,Ndiaye,MID,MCI,5.9,9.5,a,,,1.0,90.0,0.2755820895914659,0.2018188177684505,0.1783785395994348,0.11533728388810874,0.13035874717978682,3.563145443959385,2.8000442105651544,0.604
4,384,Donnarumma,GK,MCI,5.5,7.6,a,,,1.0,90.0,0.2755820895914659,0.0,0.0,0.0023628542510121457,0.06972252138572073,2.6719152182627313,2.25313979031466,0.486
4,386,Bettinelli,GK,MCI,4.5,0.0,a,,,0.0,0.0,0.2755820895914659,0.0,0.0,0.0,0.0,0.35,0.8154753215150045,0.078
4,387,O'Reilly,DEF,MCI,6.4,14.0,a,100.0,,1.0,62.0,0.2755820895914659,0.10605840897885792,0.11459944095633676,0.0805172755950504,0.16802740258123255,3.496150340237959,2.7074494071339803,0.546
4,388,Guéhi,DEF,MCI,6.0,18.5,a,,,1.0,90.0,0.2755820895914659,0.2989248910027745,0.1481174126937833,0.08231084109930936,0.1495454112254489,4.039031202743638,2.926237133483138,0.673
4,389,Matheus N.,DEF,MCI,5.9,1.0,a,100.0,,0.0,33.0,0.2755820895914659,0.17496178019364703,0.010676986922865742,0.038163356408590005,0.0,0.5285519907629644,1.0335911686865493,0.09
4,390,Rúben,DEF,MCI,5.5,1.8,a,,,1.0,90.0,0.2755820895914659,0.231899854670366,0.03925398335280014,0.10155761442575154,0.11817958162035956,3.2888990502203446,2.5464548092466623,0.598
4,391,Gvardiol,DEF,MCI,5.6,20.0,a,,,1.0,90.0,0.2755820895914659,0.23512573215308055,0.10938100089939577,0.0596677649836769,0.1280625904569419,3.599810230578471,2.7378687776253026,0.643
4,392,Aït-Nouri,DEF,MCI,5.3,0.5,a,,,0.0,0.0,0.2755820895914659,0.19765430764241704,0.0,0.0,0.0,0.35,0.8154753215150045,0.066
4,393,Khusanov,DEF,MCI,5.5,1.6,a,,,1.0,90.0,0.2755820895914659,0.30919980622715465,0.023711107051377057,0.0457313825772644,0.09320039376789098,3.145415819878367,2.4735716484624333,0.572
4,394,Alleyne,DEF,MCI,5.0,0.0,u,0.0,Has joined Burnley on loan for the rest of the season,0.0,0.0,0.2755820895914659,0.33449190524101347,0.0,0.0,0.0,0.0,0.43588989435406733,0.0
4,395,Lewis,DEF,MCI,4.5,0.2,a,,,0.0,56.0,0.2755820895914659,0.20927467300832342,0.043679023650859405,0.05097144399027276,0.0,0.7649884738759747,1.3097909154783096,0.17
4,396,Vitor Reis,DEF,MCI,4.5,0.0,a,,,0.0,0.0,0.2755820895914659,0.2790328973444312,0.0,0.0,0.0,0.35,0.8154753215150045,0.078
4,397,Semenyo,MID,MCI,8.4,17.2,a,,,1.0,90.0,0.2755820895914659,0.10587180832458902,0.21331437436669606,0.16761692306137094,0.16088416305897002,3.748646453817955,2.898674612379646,0.446
4,398,Foden,MID,MCI,7.0,4.4,a,,,1.0,81.0,0.2755820895914659,0.14519562284515064,0.31894266961692896,0.235266834664421,0.24308412729078266,4.6342934478279165,3.2739599216506323,0.662
4,399,Cherki,MID,MCI,7.8,29.8,a,,,0.0,27.0,0.2755820895914659,0.1457802428421526,0.0649444716745441,0.15425730291168452,0.0,1.137494267107774,1.5971555771283006,0.146
4,400,Doku,MID,MCI,7.4,0.8,i,0.0,Calf injury - Expected back 20 Sep,0.0,0.0,0.2755820895914659,0.06939489331934243,0.0,0.0,0.0,0.0,0.43588989435406733,0.0
4,402,Rodrigo,MID,MCI,6.5,0.0,u,0.0,Has joined Barcelona permanently,0.0,0.0,0.2755820895914659,0.3600659571278669,0.0,0.0,0.0,0.0,0.43588989435406733,0.0
4,404,Reijnders,MID,MCI,6.0,0.0,u,0.0,Has joined Al Qadsiah permanently,0.0,0.0,0.2755820895914659,0.10627057929587147,0.0,0.0,0.0,0.0,0.43588989435406733,0.0
4,406,Kovačić,MID,MCI,5.4,0.1,a,,,0.0,27.0,0.2755820895914659,0.17348723329835605,0.024845406100155898,0.03956022434583031,0.0,0.5929077035382704,1.1294233366296489,0.11
4,407,Echeverri,MID,MCI,4.9,0.0,u,0.0,Has joined Benfica on loan for the rest of the season,0.0,0.0,0.2755820895914659,0.17348723329835605,0.0,0.0,0.0,0.0,0.43588989435406733,0.0
4,408,Phillips,MID,MCI,5.0,0.0,u,0.0,Has joined Sheffield United on loan for the rest of the season,0.0,0.0,0.2755820895914659,0.17348723329835605,0.0,0.0,0.0,0.0,0.43588989435406733,0.0
4,409,Mukasa,MID,MCI,4.5,0.1,u,0.0,has joined West Ham on loan for the rest of the seaon.,0.0,0.0,0.2755820895914659,0.17348723329835605,0.0,0.0,0.0,0.0,0.43588989435406733,0.0
4,410,Monga,MID,MCI,4.9,0.0,u,0.0,Has joined Swansea City on loan for the rest of the season,0.0,0.0,0.2755820895914659,0.17348723329835605,0.0,0.0,0.0,0.0,0.43588989435406733,0.0
4,411,Haaland,FWD,MCI,15.5,71.3,a,,,1.0,90.0,0.2755820895914659,0.0008638065073423554,0.8544851659244428,0.10226751987452759,0.36242164898878615,5.65875427628365,3.984789093601516,0.365
4,481,Anderson,MID,MCI,6.3,4.5,a,100.0,,1.0,62.0,0.2755820895914659,0.5616369359916055,0.04497855738145518,0.10717998072373847,0.10486456299646273,3.508244776723657,2.633540662314459,0.557
4,587,Rulli,GK,MCI,5.0,0.0,a,,,0.0,0.0,0.2755820895914659,0.0,0.0,0.0,0.0,0.35,0.8154753215150045,0.07
4,616,Bouaddi,MID,MCI,5.5,0.2,a,,,0.25,20.0,0.2755820895914659,0.17348723329835605,0.027435370405650458,0.02717976694877437,0.028394262573091425,1.045298423370948,1.4665194260011367,0.19
4,621,McAidoo,MID,MCI,4.5,0.1,a,,,0.25,20.0,0.2755820895914659,0.17348723329835605,0.030006254218910594,0.02482521215746075,0.028479442125482868,1.0511743576156989,1.4755571167471937,0.234
4,622,Braithwaite,DEF,MCI,4.0,0.2,a,,,0.25,20.0,0.2755820895914659,0.2790328973444312,0.009896470440121399,0.008785212542732184,0.024579793273965218,1.0521261344744426,1.4347189544095977,0.263
4,628,Allan,MID,MCI,6.0,0.0,a,,,0.25,20.0,0.2755820895914659,0.17348723329835605,0.028122817044516416,0.025132385761208857,0.027858788344540975,1.0420580387740306,1.465826448096007,0.174
4,653,Samba,MID,MCI,4.5,0.0,a,,,0.25,20.0,0.2755820895914659,0.17348723329835605,0.028122817044516416,0.025132385761208857,0.027858788344540975,1.0420580387740306,1.465826448096007,0.232
4,43,Tielemans,MID,MUN,5.9,1.7,a,100.0,,1.0,66.0,0.16342641591007903,0.12369232726000827,0.08580706815984494,0.10689304862203645,0.10831315187326948,2.8059738233342912,2.417890128457913,0.476
4,131,Baleba,MID,MUN,5.0,0.1,i,0.0,Ankle injury - Expected back 19 Sep,0.0,0.0,0.16342641591007903,0.22525358516963973,0.0,0.0,0.0,0.0,0.43588989435406733,0.0
4,162,Andrey Santos,MID,MUN,4.9,0.7,a,,,1.0,66.0,0.16342641591007903,0.17007694998251136,0.09306464319287985,0.06846757826821617,0.09343756547016736,2.797457406844309,2.4235422282604167,0.571
4,325,Darlow,GK,MUN,4.5,0.0,a,100.0,,0.0,0.0,0.16342641591007903,0.0,0.0,0.0,0.0,0.35,0.8154753215150045,0.078
4,412,Lammens,GK,MUN,5.0,11.9,a,,,1.0,90.0,0.16342641591007903,0.0,0.0,3.1116642958748205e-05,0.04086749480255532,2.1530462428937396,2.0225696184552224,0.431
4,413,Bayindir,GK,MUN,4.5,0.0,u,0.0,Has joined Celta Vigo on loan for the rest of the season,0.0,0.0,0.16342641591007903,0.0,0.0,0.0,0.0,0.0,0.43588989435406733,0.0
4,414,Heaton,GK,MUN,4.0,0.1,i,0.0,Hamstring injury - Unknown return date,0.0,0.0,0.16342641591007903,0.0,0.0,0.0,0.0,0.0,0.43588989435406733,0.0
4,415,Dorgu,MID,MUN,5.8,0.6,a,,,0.0,45.0,0.16342641591007903,0.08007103075308741,0.08467087530016183,0.058036078950410984,0.0,0.9474626133520421,1.5192775313187024,0.163
4,416,De Ligt,DEF,MUN,5.0,0.0,i,0.0,Back injury - Unknown return date,0.0,0.0,0.16342641591007903,0.293935790725327,0.0,0.0,0.0,0.0,0.43588989435406733,0.0
4,417,Dalot,DEF,MUN,4.9,1.9,a,,,0.0,10.0,0.16342641591007903,0.15870986920332936,0.007557803916716183,0.008543955234668865,0.0,0.4209786892043037,0.9193510390424726,0.086
4,418,Maguire,DEF,MUN,4.9,11.7,a,,,1.0,90.0,0.16342641591007903,0.35463733650416174,0.057756844448805994,0.05751088074813013,0.08120030779644741,2.815274961787191,2.3865379724799056,0.575
4,419,Martinez,DEF,MUN,5.0,1.2,a,100.0,,0.0,0.0,0.16342641591007903,0.30618311533888226,0.0,0.0,0.0,0.35,0.8154753215150045,0.07
4,420,Yoro,DEF,MUN,4.9,0.5,a,,,0.0,0.0,0.16342641591007903,0.21891016441838534,0.0,0.0,0.0,0.35,0.8154753215150045,0.071
4,421,Heaven,DEF,MUN,4.4,0.3,a,,,1.0,90.0,0.16342641591007903,0.3629736855710076,0.04794306694060409,0.024415113517377598,0.06618196713781335,2.6574255366700843,2.31014435075317,0.604
4,422,Mazraoui,DEF,MUN,4.4,0.6,a,,,1.0,79.0,0.16342641591007903,0.18906064209274673,0.03715692645920824,0.045654274133457344,0.07387625991003832,2.3441204684021733,2.162584206156925,0.533
4,423,Shaw,DEF,MUN,4.4,13.3,a,,,1.0,90.0,0.16342641591007903,0.16696789536266352,0.018498482076013883,0.09796550990104463,0.08161900116949024,2.356195596681868,2.1419062832326796,0.535
4,424,Amass,DEF,MUN,4.0,0.2,a,,,0.0,0.0,0.16342641591007903,0.2790328973444312,0.0,0.0,0.0,0.35,0.8154753215150045,0.087
4,425,Fredricson,DEF,MUN,4.0,0.0,u,0.0,Has joined Lausanne-Sport permanently,0.0,0.0,0.16342641591007903,0.2790328973444312,0.0,0.0,0.0,0.0,0.43588989435406733,0.0
4,426,B.Fernandes,MID,MUN,12.0,44.6,a,,,1.0,90.0,0.16342641591007903,0.15067759148043133,0.5309436762340174,0.3259484846765394,0.3162548979097028,5.946417804070673,3.8057661364222555,0.496
4,427,Mbeumo,MID,MUN,7.9,24.7,a,,,1.0,90.0,0.16342641591007903,0.04731469999046074,0.47549723489200146,0.1919337796195975,0.24994349667006752,5.010642360608588,3.517556523285493,0.634
4,428,Cunha,MID,MUN,7.9,6.8,a,,,1.0,79.0,0.16342641591007903,0.07516699511171397,0.2155103969895996,0.133707969452026,0.15558793960254216,3.4929234065494446,2.815957537744762,0.442
4,429,Rashford,MID,MUN,7.0,1.6,a,,,0.0,45.0,0.16342641591007903,0.17348723329835605,0.11343141216386744,0.08649484632352131,0.0,1.1766415997899011,1.707690695818191,0.168
4,430,Mount,MID,MUN,5.4,0.0,a,100.0,,0.0,0.0,0.16342641591007903,0.1855384908900124,0.0,0.0,0.0,0.35,0.8154753215150045,0.065
4,431,Amad,MID,MUN,5.8,0.4,i,0.0,Unspecified injury - Unknown return date,0.0,0.0,0.16342641591007903,0.05948133713086493,0.0,0.0,0.0,0.0,0.43588989435406733,0.0
4,432,Mainoo,MID,MUN,5.5,1.3,a,,,0.0,23.0,0.16342641591007903,0.2886373856992955,0.014770644832865953,0.02655170060092481,0.0,0.5035083259671042,1.0223940963907674,0.092
4,433,Ugarte,MID,MUN,5.0,0.0,i,0.0,Knee injury - Unknown return date,0.0,0.0,0.16342641591007903,0.30409233997901364,0.0,0.0,0.0,0.0,0.43588989435406733,0.0
4,434,J.Fletcher,MID,MUN,4.9,0.0,a,,,0.0,0.0,0.16342641591007903,0.17348723329835605,0.0,0.0,0.0,0.35,0.8154753215150045,0.071
4,435,Lacey,MID,MUN,4.9,0.1,a,,,0.0,10.0,0.16342641591007903,0.17348723329835605,0.014788195267946514,0.011613968817873185,0.0,0.4587828827933521,0.9800084943075994,0.094
4,436,Collyer,MID,MUN,5.0,0.0,u,0.0,Has joined West Brom permanently,0.0,0.0,0.16342641591007903,0.17348723329835605,0.0,0.0,0.0,0.0,0.43588989435406733,0.0
4,437,Bendito Mantato,MID,MUN,4.5,0.2,a,,,0.0,0.0,0.16342641591007903,0.17348723329835605,0.0,0.0,0.0,0.35,0.8154753215150045,0.078
4,438,Fletcher,MID,MUN,4.5,0.3,a,,,0.0,0.0,0.16342641591007903,0.17348723329835605,0.0,0.0,0.0,0.35,0.8154753215150045,0.078
4,439,Šeško,FWD,MUN,7.0,1.7,a,100.0,,0.0,23.0,0.16342641591007903,0.0015282730514518594,0.12663584916530518,0.006188318521519716,0.0,0.8751083522257799,1.556444976290782,0.125
4,440,Zirkzee,FWD,MUN,5.4,0.4,a,,,0.0,0.0,0.16342641591007903,0.0024834437086092716,0.0,0.0,0.0,0.35,0.8154753215150045,0.065
4,441,Obi,FWD,MUN,4.5,1.2,a,,,0.0,0.0,0.16342641591007903,0.0033112582781456954,0.0,0.0,0.0,0.35,0.8154753215150045,0.078
4,405,N.Gonzalez,MID,NEW,5.5,0.3,a,,,0.0,0.0,0.24938966356333966,0.3131671310200094,0.0,0.0,0.0,0.35,0.8154753215150045,0.064
4,442,Pope,GK,NEW,4.9,1.0,a,,,0.0,0.0,0.24938966356333966,0.0,0.0,0.0,0.0,0.35,0.8154753215150045,0.071
4,443,Gillespie,GK,NEW,4.5,0.0,a,,,0.0,0.0,0.24938966356333966,0.0,0.0,0.0,0.0,0.35,0.8154753215150045,0.078
4,444,Jaouen,GK,NEW,4.5,0.0,d,50.0,Ankle injury - 50% chance of playing,0.0,0.0,0.24938966356333966,0.0,0.0,0.0,0.0,0.175,0.5766281297335397,0.039
4,445,Thiaw,DEF,NEW,5.0,2.1,a,,,1.0,90.0,0.24938966356333966,0.36329766151407056,0.09271721392555025,0.02737324666870817,0.10437907709882537,3.475957320134863,2.675933891524516,0.695
4,446,Schär,DEF,NEW,5.0,0.2,a,100.0,,0.0,1.0,0.24938966356333966,0.40645194644057286,0.001146002465209472,0.0004036384428526118,0.0,0.35808693011981463,0.829000109782203,0.072
4,447,Botman,DEF,NEW,5.0,0.7,a,,,1.0,90.0,0.24938966356333966,0.46510287176161136,0.0594227934450679,0.04786160640960718,0.09989695583997119,3.5204953420712863,2.6543319141746102,0.704
4,448,Burn,DEF,NEW,4.9,0.9,i,0.0,Ankle injury - Expected back 14 Sep,0.0,0.0,0.24938966356333966,0.3707887435592549,0.0,0.0,0.0,0.0,0.43588989435406733,0.0
4,449,Hall,DEF,NEW,5.1,12.6,a,,,1.0,90.0,0.24938966356333966,0.2596776324481438,0.02478576112717103,0.17826865639528394,0.13341646202369414,3.359431363967878,2.555706195614432,0.659
4,450,Livramento,DEF,NEW,4.9,0.1,a,100.0,,0.0,0.0,0.24938966356333966,0.16724595262050673,0.0,0.0,0.0,0.35,0.8154753215150045,0.071
4,451,A.Murphy,DEF,NEW,4.0,0.1,u,0.0,Has joined FC Kaiserslautern on loan for the rest of the season,0.0,0.0,0.24938966356333966,0.2790328973444312,0.0,0.0,0.0,0.0,0.43588989435406733,0.0
4,453,Barnes,MID,NEW,6.0,2.2,a,,,1.0,90.0,0.24938966356333966,0.06715634837355719,0.23251051197506675,0.12275552370786438,0.14928207884535988,3.603107381329904,2.8707084659326205,0.601
4,454,Elanga,MID,NEW,6.1,11.1,a,,,1.0,75.0,0.24938966356333966,0.08674361664917803,0.12731540215354448,0.1252309274558806,0.13100842479229247,3.102324963040417,2.580370098008822,0.509
4,456,J.Ramsey,MID,NEW,4.9,0.4,a,,,0.0,34.0,0.24938966356333966,0.16327387198321092,0.03701113095632695,0.043638555465002345,0.0,0.6659713211766418,1.2195951360896702,0.136
4,457,J.Murphy,MID,NEW,5.9,0.1,a,,,0.0,14.0,0.24938966356333966,0.07178782067518182,0.029255657442884206,0.03164767808593199,0.0,0.591221321472217,1.1396729598681006,0.1
4,458,Joelinton,MID,NEW,5.4,0.0,i,0.0,Unspecified injury - Unknown return date,0.0,0.0,0.24938966356333966,0.3150577124868835,0.0,0.0,0.0,0.0,0.43588989435406733,0.0
4,459,L.Miley,MID,NEW,5.5,0.1,a,100.0,,1.0,75.0,0.24938966356333966,0.2886373856992955,0.06816824001495538,0.08032154544537552,0.08730467624967293,2.9996417928255523,2.47150335756565,0.545
4,460,Willock,MID,NEW,5.0,0.5,a,,,0.0,34.0,0.24938966356333966,0.10409233997901364,0.05901028116516989,0.03626858088524463,0.0,0.7538571484815833,1.3365591154550656,0.151
4,461,Touré,MID,NEW,5.8,0.1,a,,,0.0,0.0,0.24938966356333966,0.17348723329835605,0.0,0.0,0.0,0.35,0.8154753215150045,0.06
4,462,Steur,MID,NEW,4.9,0.1,a,,,0.0,55.0,0.24938966356333966,0.17348723329835605,0.06986176467475287,0.06243303496180301,0.0,0.8866079282591733,1.4504225769550563,0.181
4,463,Woltemade,FWD,NEW,5.9,0.7,u,0.0,Has joined Juventus on loan for the rest of the season,0.0,0.0,0.24938966356333966,0.0012040939193257074,0.0,0.0,0.0,0.0,0.43588989435406733,0.0
4,464,Wissa,FWD,NEW,6.2,17.4,a,,,1.0,90.0,0.24938966356333966,0.002337358784573432,0.5284279790796628,0.05552851491839529,0.22932373925565427,4.0839219404931075,3.306058009384421,0.659
4,465,Osula,FWD,NEW,5.9,0.4,i,0.0,Foot injury - Unknown return date,0.0,0.0,0.24938966356333966,0.001986754966887417,0.0,0.0,0.0,0.0,0.43588989435406733,0.0
4,466,Neave,FWD,NEW,4.5,0.7,u,0.0,Has joined Wolves on loan for the rest of the season,0.0,0.0,0.24938966356333966,0.0033112582781456954,0.0,0.0,0.0,0.0,0.43588989435406733,0.0
4,559,Bamba,MID,NEW,4.9,0.1,a,,,0.0,14.0,0.24938966356333966,0.17348723329835605,0.019379745701121203,0.017319006276779705,0.0,0.49885574733594507,1.0315543583083844,0.102
4,567,Horníček,GK,NEW,5.0,1.3,a,,,1.0,90.0,0.24938966356333966,0.0,0.0,0.0002302631578947368,0.06242800799609807,2.549384858054084,2.2008705619147073,0.51
4,593,Dedić,DEF,NEW,4.5,3.3,d,75.0,Hamstring injury - 75% chance of playing,0.5,45.0,0.24938966356333966,0.25756882831793654,0.023104279031003427,0.018352100978112205,0.04568344094860793,1.5961725012668277,1.7808294209701818,0.355
4,609,Shahar,DEF,NEW,4.0,0.3,a,,,0.0,0.0,0.24938966356333966,0.2790328973444312,0.0,0.0,0.0,0.35,0.8154753215150045,0.087
4,634,Fernandez-Pardo,FWD,NEW,6.0,0.1,a,,,0.25,20.0,0.24938966356333966,0.0033112582781456954,0.09264812740871292,0.012318352997836386,0.04756529324916228,1.1116360406854704,1.633400514801765,0.185
4,167,Delap,FWD,NFO,5.5,0.8,a,,,0.0,0.0,0.24978632371680204,0.001806140878988561,0.0,0.0,0.0,0.35,0.8154753215150045,0.064
4,201,Muñoz,DEF,NFO,5.4,5.8,a,,,0.0,54.0,0.24978632371680204,0.2723261781087678,0.07694475574291526,0.061684725881832894,0.0,0.9967227121029902,1.534744828123937,0.185
4,467,Sels,GK,NFO,5.0,1.4,a,,,1.0,90.0,0.24978632371680204,0.0,0.0,0.0030998345450592973,0.06353152301997127,2.560759675546457,2.2057750074607037,0.512
4,468,John,GK,NFO,4.5,0.1,a,,,0.0,0.0,0.24978632371680204,0.0,0.0,0.0,0.0,0.35,0.8154753215150045,0.078
4,469,N.Williams,DEF,NFO,5.0,8.2,a,,,1.0,90.0,0.24978632371680204,0.15634882485389734,0.05765676191762588,0.08161847314217288,0.11119291320013008,3.056502974290247,2.480583847133014,0.611
4,470,Morato,DEF,NFO,5.0,0.0,u,0.0,Has joined West Ham on loan for the rest of the season,0.0,0.0,0.24978632371680204,0.3980151833897375,0.0,0.0,0.0,0.0,0.43588989435406733,0.0
4,471,Milenković,DEF,NFO,5.5,1.6,a,,,1.0,90.0,0.24978632371680204,0.3269678953626635,0.0569313558529564,0.017157496978378893,0.08837767942016786,3.1498914653670154,2.5152299933236857,0.573
4,472,Murillo,DEF,NFO,5.5,1.6,a,100.0,,1.0,90.0,0.24978632371680204,0.3707887435592549,0.06237258604168231,0.046787080373783624,0.10065246417461358,3.3643327421217593,2.6012434961536064,0.612
4,473,Aina,DEF,NFO,4.5,2.7,a,,,1.0,73.0,0.24978632371680204,0.17252886348816693,0.01781479284524066,0.0790698574993585,0.10425297114639057,2.832636641960809,2.3428398103150334,0.629
4,474,Jair Cunha,DEF,NFO,4.5,0.2,a,,,1.0,90.0,0.24978632371680204,0.25578792753724555,0.035213538514422285,0.016853621245125502,0.08067008684504223,2.879994200762156,2.3839610341896593,0.64
4,475,Savona,DEF,NFO,4.5,0.0,i,0.0,Knee injury - Unknown return date,0.0,0.0,0.24978632371680204,0.15219976218787157,0.0,0.0,0.0,0.0,0.43588989435406733,0.0
4,476,O.Richards,DEF,NFO,4.0,0.2,a,,,0.0,0.0,0.24978632371680204,0.2790328973444312,0.0,0.0,0.0,0.35,0.8154753215150045,0.087
4,477,Abbott,DEF,NFO,4.0,0.2,u,0.0,Has joined Southampton on loan for the rest of the season,0.0,0.0,0.24978632371680204,0.25756882831793654,0.0,0.0,0.0,0.0,0.43588989435406733,0.0
4,478,Netz,DEF,NFO,4.5,0.0,a,,,0.0,16.0,0.24978632371680204,0.28989298454221163,0.004343004383493018,0.011843159219826836,0.0,0.4115875039604386,0.8989295210559008,0.091
4,479,Bindon,DEF,NFO,4.0,0.1,u,0.0,Has joined Charlton Athletic on loan for the rest of the season,0.0,0.0,0.24978632371680204,0.2790328973444312,0.0,0.0,0.0,0.0,0.43588989435406733,0.0
4,480,Gibbs-White,MID,NFO,7.9,9.4,a,100.0,,1.0,90.0,0.24978632371680204,0.06420514165792235,0.4169358334372506,0.10024940842564647,0.20599346702369417,4.5093617379569215,3.327071129798949,0.571
4,482,Hudson-Odoi,MID,NFO,5.9,0.2,a,100.0,,0.0,0.0,0.24978632371680204,0.07178782067518182,0.0,0.0,0.0,0.35,0.8154753215150045,0.059
4,483,Ndoye,MID,NFO,5.5,0.7,a,,,1.0,61.0,0.24978632371680204,0.09051507824262055,0.0740591018148492,0.10524465435172421,0.11756991629376319,2.769950550209061,2.388987370474426,0.504
4,484,Hutchinson,MID,NFO,5.4,0.1,u,0.0,Has joined AC Milan on loan for the rest of the season,0.0,0.0,0.24978632371680204,0.11414247405852862,0.0,0.0,0.0,0.0,0.43588989435406733,0.0
4,485,Bakwa,MID,NFO,5.5,0.0,u,0.0,Has joined Lille on loan for the rest of the season,0.0,0.0,0.24978632371680204,0.13011542497376705,0.0,0.0,0.0,0.0,0.43588989435406733,0.0
4,486,McAtee,MID,NFO,5.5,0.1,a,,,1.0,73.0,0.24978632371680204,0.14870334282716233,0.18727613508045135,0.1380330982878479,0.16535179471553535,3.5892493336027718,2.8183737410655767,0.653
4,487,Dominguez,MID,NFO,4.9,0.1,a,,,0.0,0.0,0.24978632371680204,0.15409233997901364,0.0,0.0,0.0,0.35,0.8154753215150045,0.071
4,488,I.Sangaré,MID,NFO,4.9,0.5,a,100.0,,1.0,90.0,0.24978632371680204,0.31662419427372207,0.05025903896479922,0.06814315193105994,0.0664193991852309,2.904535985085513,2.4125033897284514,0.593
4,489,Yates,MID,NFO,4.5,1.4,a,100.0,,0.0,0.0,0.24978632371680204,0.2054564533053515,0.0,0.0,0.0,0.35,0.8154753215150045,0.078
4,490,Wood,FWD,NFO,5.9,1.1,a,,,0.0,28.0,0.24978632371680204,0.001806140878988561,0.1266808815423256,0.013890364479820606,0.0,0.8983946196087642,1.5706798103084554,0.152
4,491,Igor Jesus,FWD,NFO,5.9,2.6,a,,,1.0,90.0,0.24978632371680204,0.0010739216037229282,0.31287098458841667,0.04585985209520361,0.15053442521094731,3.111573935601075,2.790916764285983,0.527
4,493,Kalimuendo,FWD,NFO,5.4,0.1,a,,,0.0,1.0,0.24978632371680204,0.0033112582781456954,0.00479810347778169,0.000566596079166875,0.0,0.37089220214862734,0.8564366905668405,0.069
4,558,Schlager,MID,NFO,5.0,0.1,a,,,0.0,16.0,0.24978632371680204,0.17348723329835605,0.019147275930277142,0.01688876999338463,0.0,0.49640268963153955,1.0286149745563633,0.099
4,581,Diomande,DEF,NFO,5.4,0.5,a,,,0.0,0.0,0.24978632371680204,0.2790328973444312,0.0,0.0,0.0,0.35,0.8154753215150045,0.065
4,590,Benda,GK,NFO,4.5,0.1,a,,,0.0,0.0,0.24978632371680204,0.0,0.0,0.0,0.0,0.35,0.8154753215150045,0.078
4,112,Van Hecke,DEF,TOT,4.9,6.9,a,,,1.0,90.0,0.2787122001913261,0.33364070955373826,0.06718336119756844,0.03624273276137477,0.10587718293346164,3.451744339442375,2.6384492438032465,0.704
4,147,Tosin,DEF,TOT,4.4,0.2,a,,,0.0,0.0,0.2787122001913261,0.3341260404280618,0.0,0.0,0.0,0.35,0.8154753215150045,0.08
4,401,Marmoush,FWD,TOT,7.0,2.2,a,,,0.0,0.0,0.2787122001913261,0.002337358784573432,0.0,0.0,0.0,0.35,0.8154753215150045,0.05
4,403,Sávio,MID,TOT,6.5,0.7,a,100.0,,0.0,0.0,0.2787122001913261,0.11565815553223738,0.0,0.0,0.0,0.35,0.8154753215150045,0.054
4,455,Tonali,MID,TOT,5.4,2.6,a,,,1.0,90.0,0.2787122001913261,0.15204616998950682,0.08727617185015832,0.07993643359551621,0.08639563192511869,2.868765968919172,2.4442406534642567,0.531
4,494,Vicario,GK,TOT,4.5,0.2,u,0.0,Has joined Juventus on loan for the rest of the season,0.0,0.0,0.2787122001913261,0.0,0.0,0.0,0.0,0.0,0.43588989435406733,0.0
4,495,Austin,GK,TOT,4.0,1.0,a,,,0.0,0.0,0.2787122001913261,0.0,0.0,0.0,0.0,0.35,0.8154753215150045,0.087
4,496,Kinsky,GK,TOT,4.5,18.4,a,,,1.0,90.0,0.2787122001913261,0.0,0.0,0.0004528508771929824,0.06983654785484907,2.6791848088642194,2.2562028137652024,0.595
4,497,Dubravka,GK,TOT,4.0,17.9,a,,,0.0,0.0,0.2787122001913261,0.0,0.0,0.0,0.0,0.35,0.8154753215150045,0.087
4,498,Senesi,DEF,TOT,5.9,4.7,a,,,1.0,90.0,0.2787122001913261,0.6069678953626635,0.04338491634405901,0.09231788054188063,0.1171740289579104,3.9913979815757066,2.8007080645897737,0.677
4,499,Pedro Porro,DEF,TOT,5.5,11.4,a,100.0,,0.0,0.0,0.2787122001913261,0.2639161573984459,0.0,0.0,0.0,0.35,0.8154753215150045,0.064
4,500,Romero,DEF,TOT,5.0,0.1,u,0.0,Has joined Atletico Madrid permanently,0.0,0.0,0.2787122001913261,0.38588733650416174,0.0,0.0,0.0,0.0,0.43588989435406733,0.0
4,502,Robertson,DEF,TOT,4.5,2.8,a,,,1.0,90.0,0.2787122001913261,0.19765430764241704,0.048804876553889466,0.11945181886602063,0.12856789344480005,3.363576420888746,2.5852706742258063,0.747
4,503,Van de Ven,DEF,TOT,5.0,3.8,a,100.0,,0.0,0.0,0.2787122001913261,0.14107543929184832,0.0,0.0,0.0,0.35,0.8154753215150045,0.07
4,505,Spence,DEF,TOT,4.5,0.3,u,0.0,Has joined Internazionale permanently,0.0,0.0,0.2787122001913261,0.12789396376862278,0.0,0.0,0.0,0.0,0.43588989435406733,0.0
4,506,Udogie,DEF,TOT,4.5,0.4,a,,,0.0,4.0,0.2787122001913261,0.133935790725327,0.0006955717047865069,0.0031051278265129597,0.0,0.36348881370825786,0.833547944796464,0.081
4,507,Phillips,DEF,TOT,4.5,0.0,u,0.0,Has joined Middlesbrough permanently,0.0,0.0,0.2787122001913261,0.2790328973444312,0.0,0.0,0.0,0.0,0.43588989435406733,0.0
4,508,Davies,DEF,TOT,4.0,0.9,a,,,0.0,0.0,0.2787122001913261,0.25756882831793654,0.0,0.0,0.0,0.35,0.8154753215150045,0.087
4,509,Byfield,DEF,TOT,4.0,0.1,a,,,0.0,0.0,0.2787122001913261,0.2790328973444312,0.0,0.0,0.0,0.35,0.8154753215150045,0.087
4,510,Rowswell,DEF,TOT,4.0,0.1,a,,,0.0,0.0,0.2787122001913261,0.2790328973444312,0.0,0.0,0.0,0.35,0.8154753215150045,0.087
4,511,Souza,DEF,TOT,4.0,0.2,u,0.0,Has joined FC Porto on loan for the rest of the season,0.0,0.0,0.2787122001913261,0.2790328973444312,0.0,0.0,0.0,0.0,0.43588989435406733,0.0
4,512,Kudus,MID,TOT,6.5,0.1,a,100.0,,0.0,0.0,0.2787122001913261,0.07178782067518182,0.0,0.0,0.0,0.35,0.8154753215150045,0.054
4,513,Xavi,MID,TOT,6.0,0.0,i,0.0,Knee injury - Unknown return date,0.0,0.0,0.2787122001913261,0.16939489331934243,0.0,0.0,0.0,0.0,0.43588989435406733,0.0
4,514,Tel,MID,TOT,5.8,0.3,a,,,1.0,90.0,0.2787122001913261,0.08327387198321091,0.17133788675299141,0.12590819068083217,0.13190734712097085,3.3459605015535527,2.7176004624428693,0.577
4,515,Maddison,MID,TOT,6.3,0.5,d,75.0,Shoulder injury - 75% chance of playing,0.0,11.0,0.2787122001913261,0.17348723329835605,0.030001814745636166,0.030886154874761675,0.0,0.41766753835246584,0.9867011763160628,0.066
4,516,Bentancur,MID,TOT,5.5,0.2,a,,,0.0,45.0,0.2787122001913261,0.4570256605933416,0.02431190533833241,0.023119623535873542,0.0,0.5409183972992826,1.0833357683094522,0.098
4,517,Odobert,MID,TOT,5.5,0.0,i,0.0,Knee injury - Unknown return date,0.0,0.0,0.2787122001913261,0.10409233997901364,0.0,0.0,0.0,0.0,0.43588989435406733,0.0
4,518,P.M.Sarr,MID,TOT,4.9,0.1,u,0.0,Has joined Juventus on loan for the rest of the season,0.0,0.0,0.2787122001913261,0.2432738719832109,0.0,0.0,0.0,0.0,0.43588989435406733,0.0
4,519,Gallagher,MID,TOT,5.4,0.2,a,,,0.0,45.0,0.2787122001913261,0.16327387198321092,0.04474213781237413,0.0356016121182887,0.0,0.6805155254167368,1.24957285708599,0.126
4,520,Bergvall,MID,TOT,5.4,0.2,a,,,0.0,45.0,0.2787122001913261,0.14675460950382252,0.042220972992205084,0.030293364128239072,0.0,0.6519849573457426,1.221514329392063,0.121
4,521,Kulusevski,MID,TOT,6.5,0.0,i,0.0,Knee injury - Unknown return date,0.0,0.0,0.2787122001913261,0.17348723329835605,0.0,0.0,0.0,0.0,0.43588989435406733,0.0
4,522,Gray,MID,TOT,5.0,0.2,a,,,1.0,85.0,0.2787122001913261,0.07435167141358116,0.04162005385242681,0.04095809767097726,0.058473711466041176,2.352670573318116,2.1725087830476038,0.471
4,523,Moore,MID,TOT,5.0,0.1,u,0.0,Has joined FC Köln on loan for the rest of the season,0.0,0.0,0.2787122001913261,0.16014206150617483,0.0,0.0,0.0,0.0,0.43588989435406733,0.0
4,524,Olusesi,MID,TOT,4.5,0.7,a,,,0.0,0.0,0.2787122001913261,0.17348723329835605,0.0,0.0,0.0,0.35,0.8154753215150045,0.078
4,525,Fernandes,MID,TOT,5.8,1.0,a,,,0.0,45.0,0.2787122001913261,0.3713444956430494,0.0408564229488938,0.05429392316680321,0.0,0.7171638842448786,1.2679707874232087,0.124
4,526,Solanke,FWD,TOT,5.9,0.9,a,,,0.0,22.0,0.2787122001913261,0.001806140878988561,0.127172653074355,0.010087958658888103,0.0,0.8889544882740843,1.5659021189611086,0.151
4,527,Richarlison,FWD,TOT,5.9,1.1,u,0.0,not included in squad.,0.0,0.0,0.2787122001913261,0.0012417218543046358,0.0,0.0,0.0,0.0,0.43588989435406733,0.0
4,528,Scarlett,FWD,TOT,4.5,1.4,u,0.0,Has joined Leyton Orient permanently,0.0,0.0,0.2787122001913261,0.0033112582781456954,0.0,0.0,0.0,0.0,0.43588989435406733,0.0
4,578,Mudryk,MID,TOT,5.4,0.1,a,,,0.0,0.0,0.2787122001913261,0.17348723329835605,0.0,0.0,0.0,0.35,0.8154753215150045,0.065
4,601,Williams-Barnett,MID,TOT,4.5,0.1,a,,,0.0,0.0,0.2787122001913261,0.17348723329835605,0.0,0.0,0.0,0.35,0.8154753215150045,0.078
4,501,Danso,DEF,SUN,5.0,0.2,a,,,0.0,0.0,0.23286029983265877,0.5684590654864139,0.0,0.0,0.0,0.35,0.8154753215150045,0.07
4,529,Roefs,GK,SUN,5.0,3.0,a,,,1.0,90.0,0.23286029983265877,0.0,0.0,0.0017787828947368421,0.058837648971322584,2.480727006784028,2.171032315026576,0.496
4,530,Patterson,GK,SUN,4.0,0.1,u,0.0,Has joined Wrexham permanently,0.0,0.0,0.23286029983265877,0.0,0.0,0.0,0.0,0.0,0.43588989435406733,0.0
4,531,Ellborg,GK,SUN,4.5,0.1,a,,,0.0,0.0,0.23286029983265877,0.0,0.0,0.0,0.0,0.35,0.8154753215150045,0.078
4,532,Ballard,DEF,SUN,4.9,3.3,a,,,1.0,90.0,0.23286029983265877,0.49566842194666216,0.07415954168384853,0.03510674282201272,0.09645827453521613,3.532939157662013,2.6753582282866186,0.721
4,533,Mukiele,DEF,SUN,5.5,2.2,a,100.0,,0.0,0.0,0.23286029983265877,0.38019522716588783,0.0,0.0,0.0,0.35,0.8154753215150045,0.064
4,534,Hume,DEF,SUN,4.4,4.2,a,,,1.0,79.0,0.23286029983265877,0.11885321706962611,0.04810872736567382,0.06467431825036374,0.10318552985569866,2.778724276384754,2.3597094078138254,0.632
4,535,Alderete,DEF,SUN,4.9,0.3,a,100.0,,0.0,23.0,0.23286029983265877,0.3569394132123994,0.012720632536673021,0.007908359038496808,0.0,0.45004887233552854,0.9650992967863681,0.092
4,536,Reinildo,DEF,SUN,4.5,0.4,a,,,1.0,90.0,0.23286029983265877,0.21612925788626985,0.009202752950291012,0.05132735549681332,0.07940061291465121,2.660450539793383,2.2605469566698173,0.591
4,537,Seelt,DEF,SUN,4.5,0.0,u,0.0,Has joined Swansea City on loan for the rest of the season,0.0,0.0,0.23286029983265877,0.25756882831793654,0.0,0.0,0.0,0.0,0.43588989435406733,0.0
4,538,Hjelde,DEF,SUN,4.0,0.0,u,0.0,Has joined KV Mechelen on loan for the rest of the season,0.0,0.0,0.23286029983265877,0.2790328973444312,0.0,0.0,0.0,0.0,0.43588989435406733,0.0
4,539,O'Nien,DEF,SUN,4.0,2.7,a,,,1.0,66.0,0.23286029983265877,0.22886288253332498,0.02300839995281183,0.020294997986382173,0.07888260579278,2.6730992115059253,2.284061930328976,0.668
4,540,Masuaku,DEF,SUN,4.0,0.2,u,0.0,Has joined Konyaspor permanently,0.0,0.0,0.23286029983265877,0.2790328973444312,0.0,0.0,0.0,0.0,0.43588989435406733,0.0
4,541,Meunier,DEF,SUN,4.5,0.3,a,100.0,,1.0,90.0,0.23286029983265877,0.25756882831793654,0.054146067693235725,0.04239152489720546,0.09200323236481911,2.992154365496662,2.451523954727563,0.665
4,542,E.Le Fée,MID,SUN,5.9,4.8,a,,,1.0,79.0,0.23286029983265877,0.21917058259957115,0.20326513257213516,0.13906105361183396,0.1597831801705447,3.780797351695979,2.8988110948551253,0.641
4,543,Diarra,MID,SUN,5.4,0.0,i,0.0,Hamstring injury - Unknown return date,0.0,0.0,0.23286029983265877,0.07710543702149159,0.0,0.0,0.0,0.0,0.43588989435406733,0.0
4,544,Xhaka,MID,SUN,5.5,4.3,a,,,1.0,90.0,0.23286029983265877,0.35737437332400607,0.03688453988678067,0.13775653739675126,0.08441040703250205,3.123903041418876,2.481274474542578,0.568
4,545,Sadiki,MID,SUN,4.9,0.3,a,,,1.0,90.0,0.23286029983265877,0.1322140608604407,0.07649080508872902,0.06171321411243866,0.07165743670367455,2.6667564523138925,2.3506982132823366,0.544
4,546,Adingra,MID,SUN,4.9,0.0,u,0.0,Has joined Ajax on loan for the rest of the season,0.0,0.0,0.23286029983265877,0.10957088418843541,0.0,0.0,0.0,0.0,0.43588989435406733,0.0
4,547,Mundle,MID,SUN,4.9,0.0,i,0.0,Knee injury - Unknown return date,0.0,0.0,0.23286029983265877,0.16014206150617483,0.0,0.0,0.0,0.0,0.43588989435406733,0.0
4,548,Rigg,MID,SUN,4.9,0.1,a,,,0.0,10.0,0.23286029983265877,0.10957088418843541,0.012123896869315028,0.01214594990903989,0.0,0.4470573340736948,0.9602876214738532,0.091
4,549,Talbi,MID,SUN,5.4,0.1,a,,,0.0,31.0,0.23286029983265877,0.07435167141358116,0.0412858949288013,0.026083902008363632,0.0,0.6346811806690974,1.2056573364120058,0.118
4,550,Jocelin.T,MID,SUN,5.0,0.0,a,,,0.0,0.0,0.23286029983265877,0.17348723329835605,0.0,0.0,0.0,0.35,0.8154753215150045,0.07
4,551,N.Angulo,MID,SUN,5.0,0.1,a,,,0.0,58.0,0.23286029983265877,0.12246157644589839,0.08522609386550457,0.04866879554990359,0.0,0.9221368559772336,1.5044655494725598,0.184
4,552,Brobbey,FWD,SUN,5.9,7.4,a,,,1.0,66.0,0.23286029983265877,0.001168679392286716,0.2149627771381096,0.023707878556129245,0.1371970247464253,2.640322139049059,2.5112524220041816,0.448
4,553,Isidor,FWD,SUN,5.5,1.5,a,,,0.0,23.0,0.23286029983265877,0.001892147587511826,0.12848388668985147,0.008996387714272783,0.0,0.8909247099022242,1.5696051315389277,0.162
4,612,Methalie,DEF,SUN,4.5,0.0,a,100.0,,0.25,20.0,0.23286029983265877,0.2790328973444312,0.009907478749843447,0.008794984748007748,0.02191786374182008,0.9921462003072946,1.3944614204354742,0.22
4,613,Ahoka,MID,SUN,4.5,0.3,a,,,0.25,20.0,0.23286029983265877,0.17348723329835605,0.028122817044516416,0.025132385761208857,0.026790743600570793,1.031163982385535,1.4587489396053095,0.229
4,646,Fofana,MID,SUN,5.5,0.0,a,,,0.25,20.0,0.23286029983265877,0.17348723329835605,0.0276228558526139,0.0246855877921207,0.02641795718093072,1.0269509960991177,1.454972174202657,0.187
4,651,J.Angulo,FWD,SUN,4.5,0.4,a,,,0.25,20.0,0.23286029983265877,0.0033112582781456954,0.09551353341104425,0.01269933298746019,0.04843032364022759,1.1251056350547324,1.6464452335471889,0.25
5,1,Raya,GK,ARS,6.0,39.0,a,,,1.0,90.0,0.39889354732611615,0.0,0.0,0.0008893914473684211,0.10003467383810799,3.190293881971811,2.4620232281086305,0.532
5,2,Arrizabalaga,GK,ARS,4.9,0.1,a,,,0.0,0.0,0.39889354732611615,0.0,0.0,0.0,0.0,0.35,0.8154753215150045,0.071
5,3,Meslier,GK,ARS,4.9,0.0,a,,,0.0,0.0,0.39889354732611615,0.0,0.0,0.0,0.0,0.35,0.8154753215150045,0.071
5,4,Gabriel,DEF,ARS,8.0,24.4,a,,,1.0,90.0,0.39889354732611615,0.33368359925891106,0.11439652186372516,0.04176251858355221,0.1543790509880761,4.388589330000023,3.004113656002781,0.549
5,5,J.Timber,DEF,ARS,6.5,0.1,d,25.0,Groin injury - 25% chance of playing,0.0,0.0,0.39889354732611615,0.1670630202140309,0.0,0.0,0.0,0.0875,0.43588989435406733,0.013
5,6,Saliba,DEF,ARS,5.9,0.2,i,0.0,Back injury - Unknown return date,0.0,0.0,0.39889354732611615,0.18370986920332938,0.0,0.0,0.0,0.0,0.43588989435406733,0.0
5,7,Lewis-Skelly,MID,ARS,5.5,0.7,a,,,1.0,90.0,0.39889354732611615,0.11565815553223738,0.03904923025694533,0.056863556399710344,0.07345883006244111,2.589088720265642,2.270146239793021,0.471
5,8,Calafiori,DEF,ARS,5.8,48.4,a,,,1.0,80.0,0.39889354732611615,0.10463733650416171,0.1328620392065705,0.08240284017530351,0.18448393308814193,4.2299631574636765,2.972221767368715,0.729
5,9,Hincapie,DEF,ARS,5.3,1.1,a,,,0.0,9.0,0.39889354732611615,0.34494649227110585,0.0022618375502210216,0.007247769566958388,0.0,0.3853143340022013,0.8635208508805728,0.073
5,10,White,DEF,ARS,5.5,7.6,a,100.0,,1.0,90.0,0.39889354732611615,0.21741973840665874,0.04844959519108494,0.0888041343345994,0.14776219216551856,3.913490254426621,2.7796275028422586,0.712
5,11,Mosquera,DEF,ARS,5.4,3.1,d,50.0,Muscular injury - 50% chance of playing,0.5,45.0,0.39889354732611615,0.2546854651491988,0.008230368210651866,0.02203407841688792,0.06045424973540344,1.902032206908513,1.9139601360504053,0.352
5,12,Saka,MID,ARS,9.5,11.4,a,,,1.0,67.0,0.39889354732611615,0.19671796665500757,0.3534454629473472,0.19833557801657176,0.2993087993649019,4.960485970336594,3.397881122306019,0.522
5,13,Rice,MID,ARS,7.4,13.3,a,,,1.0,67.0,0.39889354732611615,0.33503847499125566,0.06417471759784278,0.14403395560283785,0.13777850705830474,3.444206819379969,2.6323072127715257,0.465
5,14,Eze,MID,ARS,6.4,1.2,a,,,0.0,14.0,0.39889354732611615,0.06939489331934243,0.0436685553247451,0.022102920074464683,0.0,0.6346515368471195,1.2115482870930063,0.099
5,15,Ødegaard,MID,ARS,6.7,16.0,a,,,1.0,75.0,0.39889354732611615,0.1284102833158447,0.17605155762640973,0.23712051866903594,0.2134216267766988,3.978297955757036,2.935144879166415,0.594
5,16,Madueke,MID,ARS,6.3,0.2,a,,,0.0,22.0,0.39889354732611615,0.09051507824262055,0.06683815631015784,0.03783550684333909,0.0,0.7976973020808065,1.3844326678515209,0.127
5,17,Merino,MID,ARS,5.9,0.4,a,,,0.0,14.0,0.39889354732611615,0.10409233997901364,0.04459573157433962,0.014240674410254128,0.0,0.6157006811024603,1.1989185475005015,0.104
5,18,Martinelli,MID,ARS,6.3,0.1,u,0.0,Has joined Al Hilal permanently,0.0,0.0,0.39889354732611615,0.12246157644589839,0.0,0.0,0.0,0.0,0.43588989435406733,0.0
5,19,Zubimendi,MID,ARS,5.4,0.7,a,,,0.0,22.0,0.39889354732611615,0.20640560908136985,0.022870809068685976,0.018072077876487867,0.0,0.5185702789728934,1.0594849618850724,0.096
5,20,Dowman,MID,ARS,5.3,0.1,a,,,0.0,0.0,0.39889354732611615,0.16014206150617483,0.0,0.0,0.0,0.35,0.8154753215150045,0.066
5,22,Nwaneri,MID,ARS,5.4,0.0,u,0.0,Has joined Borussia Dortmund on loan for the rest of the season,0.0,0.0,0.39889354732611615,0.16014206150617483,0.0,0.0,0.0,0.0,0.43588989435406733,0.0
5,23,Fábio Vieira,MID,ARS,5.5,0.0,u,0.0,Has joined Hamburger SV permanently,0.0,0.0,0.39889354732611615,0.17348723329835605,0.0,0.0,0.0,0.0,0.43588989435406733,0.0
5,24,Nelson,MID,ARS,5.5,0.0,u,0.0,has departed the club as a free agent.,0.0,0.0,0.39889354732611615,0.17348723329835605,0.0,0.0,0.0,0.0,0.43588989435406733,0.0
5,25,Gyökeres,FWD,ARS,7.2,3.9,a,,,0.0,0.0,0.39889354732611615,0.001168679392286716,0.0,0.0,0.0,0.35,0.8154753215150045,0.049
5,26,Havertz,FWD,ARS,7.5,7.8,a,,,1.0,90.0,0.39889354732611615,0.002207505518763797,0.38671371508036695,0.0913966287224128,0.2072279750635845,3.6023345317068163,3.027328508887853,0.48
5,27,G.Jesus,FWD,ARS,5.9,0.2,u,0.0,Has joined FC Barcelona permanently,0.0,0.0,0.39889354732611615,0.003056546102903719,0.0,0.0,0.0,0.0,0.43588989435406733,0.0
5,31,Konsa,DEF,ARS,4.4,14.7,a,,,0.0,0.0,0.39889354732611615,0.1380085819159386,0.0,0.0,0.0,0.35,0.8154753215150045,0.08
5,452,Bruno G.,MID,ARS,6.8,1.8,a,100.0,,0.0,0.0,0.39889354732611615,0.18158581537385315,0.0,0.0,0.0,0.35,0.8154753215150045,0.051
5,557,Tzolis,MID,ARS,6.4,16.7,a,,,1.0,75.0,0.39889354732611615,0.16014206150617483,0.09640865455854025,0.10142227573014215,0.12297834545385822,3.1409319021483744,2.55855868438329,0.491
5,29,M.Bizot,GK,AVL,4.5,0.1,a,,,1.0,90.0,0.2743789347512245,0.0,0.0,0.00012871853546910755,0.0686397851752203,2.659170574478544,2.247759793996955,0.591
5,30,Digne,DEF,AVL,4.5,0.1,u,0.0,Has joined Paris Saint-Germain permanently,0.0,0.0,0.2743789347512245,0.1402707989720379,0.0,0.0,0.0,0.0,0.43588989435406733,0.0
5,32,Cash,DEF,AVL,4.5,6.5,d,75.0,Muscular injury - 75% chance of playing,0.5,45.0,0.2743789347512245,0.09453032104637336,0.01777668435812637,0.029162183071051544,0.05072597044411533,1.5181103981039812,1.7294709776536645,0.337
5,33,Mings,DEF,AVL,4.5,0.4,a,,,0.0,16.0,0.2743789347512245,0.2826305680051221,0.013616899083690862,0.004558647226314737,0.0,0.4453773361810894,0.9632851775285526,0.099
5,34,Pau,DEF,AVL,4.5,0.4,a,,,1.0,73.0,0.2743789347512245,0.17252886348816693,0.029772805929759474,0.016159539446011707,0.08841485532255669,2.8305231719279544,2.3572506999132843,0.629
5,35,Bogarde,MID,AVL,5.0,0.1,a,,,0.0,16.0,0.2743789347512245,0.09462939998092149,0.005380585409243374,0.007161804039947474,0.0,0.3983883391660593,0.8883813127655111,0.08
5,36,Maatsen,DEF,AVL,4.5,0.8,a,,,1.0,81.0,0.2743789347512245,0.17827982560443917,0.0536244967225351,0.13021112097792695,0.14008636279354136,3.378041339045279,2.5961559129838947,0.751
5,37,Lindelöf,DEF,AVL,4.5,0.3,a,,,1.0,90.0,0.2743789347512245,0.1455823812231815,0.015181529050265017,0.02670909960723574,0.08325645371793139,2.7198842621624606,2.2932224646575974,0.604
5,38,A.García,DEF,AVL,4.0,1.7,a,,,0.0,0.0,0.2743789347512245,0.2790328973444312,0.0,0.0,0.0,0.35,0.8154753215150045,0.087
5,39,Nedeljkovic,DEF,AVL,4.0,0.2,u,0.0,Has joined Rangers on loan for the rest of the season,0.0,0.0,0.2743789347512245,0.2790328973444312,0.0,0.0,0.0,0.0,0.43588989435406733,0.0
5,41,Buendía,MID,AVL,5.9,1.0,a,,,1.0,85.0,0.2743789347512245,0.1814945285564383,0.2926869167277788,0.09878951975768119,0.1725144552314988,4.08869615065841,3.086202227109826,0.693
5,44,Bailey,MID,AVL,5.4,0.1,u,0.0,Has joined Olympiakos permanently,0.0,0.0,0.2743789347512245,0.13878978663868485,0.0,0.0,0.0,0.0,0.43588989435406733,0.0
5,45,McGinn,MID,AVL,5.4,2.3,a,,,1.0,81.0,0.2743789347512245,0.08110123156790192,0.15108653595360777,0.09614225876855303,0.12358242475596276,3.139096766885727,2.6212216756322855,0.581
5,46,Barkley,MID,AVL,5.0,0.3,a,,,1.0,73.0,0.2743789347512245,0.15409233997901364,0.1432615956079615,0.07569568100649103,0.12191945804163278,3.1712730046334245,2.623926119853849,0.634
5,47,Kamara,MID,AVL,5.0,0.3,a,100.0,,1.0,90.0,0.2743789347512245,0.17523609653725078,0.034892204793464256,0.04833942927835574,0.05656896540025945,2.5209113148023157,2.2358633068426133,0.504
5,48,Onana,MID,AVL,5.0,0.0,i,0.0,Knee injury - Unknown return date,0.0,0.0,0.2743789347512245,0.2838077124868835,0.0,0.0,0.0,0.0,0.43588989435406733,0.0
5,49,Iling Jr,MID,AVL,5.0,0.0,u,0.0,Has joined Bolton Wanderers on loan for the rest of the season,0.0,0.0,0.2743789347512245,0.17348723329835605,0.0,0.0,0.0,0.0,0.43588989435406733,0.0
5,50,Burrowes,MID,AVL,4.5,0.7,a,,,0.0,0.0,0.2743789347512245,0.17348723329835605,0.0,0.0,0.0,0.35,0.8154753215150045,0.078
5,51,George Hemmings,MID,AVL,4.5,1.2,a,,,1.0,90.0,0.2743789347512245,0.16014206150617483,0.10212850808675339,0.09628816855404522,0.09688373029940195,3.0134807895377924,2.517614853118389,0.67
5,52,Alysson,MID,AVL,5.0,0.0,a,,,0.0,8.0,0.2743789347512245,0.17348723329835605,0.010477281163324652,0.009444770080395924,0.0,0.430720716057811,0.9387401384247873,0.086
5,53,Manzambi,MID,AVL,5.9,0.1,i,0.0,Knee injury - Expected back 12 Sep,0.0,0.0,0.2743789347512245,0.17348723329835605,0.0,0.0,0.0,0.0,0.43588989435406733,0.0
5,54,Gomes,MID,AVL,5.5,0.0,s,0.0,Suspended until 19 Sep,0.0,0.0,0.2743789347512245,0.3972522511530296,0.0,0.0,0.0,0.0,0.43588989435406733,0.0
5,55,Watkins,FWD,AVL,7.8,3.2,u,0.0,Has joined Al Hilal permanently,0.0,0.0,0.2743789347512245,0.0009030704394942806,0.0,0.0,0.0,0.0,0.43588989435406733,0.0
5,56,Abraham,FWD,AVL,5.5,0.2,a,100.0,,0.0,0.0,0.2743789347512245,0.003056546102903719,0.0,0.0,0.0,0.35,0.8154753215150045,0.064
5,160,Garnacho,MID,AVL,5.9,0.4,a,,,0.0,4.0,0.2743789347512245,0.09462939998092149,0.011364545188524587,0.006939398674983371,0.0,0.42764092196757303,0.938458855182014,0.072
5,166,N.Jackson,FWD,AVL,6.5,1.2,a,,,0.0,0.0,0.2743789347512245,0.0033112582781456954,0.0,0.0,0.0,0.35,0.8154753215150045,0.054
5,582,Madjo,FWD,AVL,5.5,0.3,i,0.0,Unspecified injury - Unknown return date,0.0,0.0,0.2743789347512245,0.0033112582781456954,0.0,0.0,0.0,0.0,0.43588989435406733,0.0
5,596,Ruggeri,DEF,AVL,4.5,0.1,a,,,0.0,8.0,0.2743789347512245,0.2790328973444312,0.0038617150504945347,0.003518953808198774,0.0,0.3837271517275635,0.8673245520480426,0.085
5,597,Suzuki,GK,AVL,5.0,1.7,a,,,0.0,0.0,0.2743789347512245,0.0,0.0,0.0,0.0,0.35,0.8154753215150045,0.07
5,606,Rowe,DEF,AVL,4.0,0.2,a,,,0.0,0.0,0.2743789347512245,0.2790328973444312,0.0,0.0,0.0,0.35,0.8154753215150045,0.087
5,607,Lynch,MID,AVL,4.5,0.1,u,0.0,Has joined Oxford United on loan until January,0.0,0.0,0.2743789347512245,0.17348723329835605,0.0,0.0,0.0,0.0,0.43588989435406733,0.0
5,611,Wan-Bissaka,DEF,AVL,4.5,0.2,a,,,0.25,20.0,0.2743789347512245,0.32423985051809073,0.004843134076403607,0.01362883868746987,0.02442202269772671,1.0554026129245242,1.426297223237505,0.235
5,618,Goretzka,MID,AVL,6.0,0.0,i,0.0,Knee injury - Expected back 10 Oct,0.0,0.0,0.2743789347512245,0.17348723329835605,0.0,0.0,0.0,0.0,0.43588989435406733,0.0
5,630,Harwood-Bellis,DEF,AVL,4.5,0.0,a,,,0.25,20.0,0.2743789347512245,0.2790328973444312,0.012235297934462291,0.0053627804326828,0.02407792677901491,1.05381812692992,1.4407172619128368,0.234
5,631,Mbaye,MID,AVL,6.0,0.1,a,,,0.25,20.0,0.2743789347512245,0.17348723329835605,0.028122817044516416,0.025132385761208857,0.027828709473534937,1.0417512342897692,1.4656275950655608,0.174
5,57,Petrović,GK,BOU,4.5,3.3,a,,,1.0,90.0,0.19873206070977337,0.0,0.0,2.6774785801713583e-05,0.049692386352473944,2.319363056560897,2.0992355292976783,0.515
5,58,Forster,GK,BOU,4.0,3.5,a,,,0.0,0.0,0.19873206070977337,0.0,0.0,0.0,0.0,0.35,0.8154753215150045,0.087
5,59,Dennis,GK,BOU,4.0,0.1,u,0.0,Has joined MK Dons permanently,0.0,0.0,0.19873206070977337,0.0,0.0,0.0,0.0,0.0,0.43588989435406733,0.0
5,60,Hill,DEF,BOU,5.5,0.8,a,,,1.0,90.0,0.19873206070977337,0.481899854670366,0.029510467822338255,0.10882200029392353,0.09809937901813497,3.2674943753368195,2.5269155348119545,0.594
5,61,Truffert,DEF,BOU,5.5,3.5,a,,,1.0,90.0,0.19873206070977337,0.30094891702221915,0.02588658597907604,0.06578184192275366,0.08176696494308373,2.767348469816095,2.3266459998300206,0.503
5,62,Diakité,DEF,BOU,5.0,0.2,a,,,0.0,0.0,0.19873206070977337,0.293935790725327,0.0,0.0,0.0,0.35,0.8154753215150045,0.07
5,63,Milosavljević,DEF,BOU,5.0,0.0,i,0.0,Unspecified injury - Unknown return date,0.0,0.0,0.19873206070977337,0.3967746730083234,0.0,0.0,0.0,0.0,0.43588989435406733,0.0
5,64,Smith,DEF,BOU,4.5,0.1,a,,,1.0,90.0,0.19873206070977337,0.1395164486722156,0.017688597982599898,0.02844994881965294,0.06583150655823183,2.293193662379078,2.1126285869541404,0.51
5,65,J.Araujo,DEF,BOU,4.4,0.0,i,0.0,Thigh injury - Unknown return date,0.0,0.0,0.19873206070977337,0.2790328973444312,0.0,0.0,0.0,0.0,0.43588989435406733,0.0
5,66,Soler,DEF,BOU,4.0,0.3,a,100.0,,0.0,0.0,0.19873206070977337,0.2790328973444312,0.0,0.0,0.0,0.35,0.8154753215150045,0.087
5,67,Rayan,MID,BOU,6.4,2.0,a,,,1.0,88.0,0.19873206070977337,0.08007103075308741,0.17748287846081842,0.10136840443525215,0.11968929028945714,3.211373088337978,2.677033085078903,0.502
5,68,Tavernier,MID,BOU,6.0,3.4,a,,,1.0,90.0,0.19873206070977337,0.11549651817227892,0.33676817043705126,0.16437117517593236,0.19527197703552157,4.3375734440385605,3.2034354318911396,0.723
5,69,Scott,MID,BOU,6.1,5.1,a,,,1.0,90.0,0.19873206070977337,0.3713444956430494,0.11347059627410953,0.10020788013838129,0.09466067281534912,3.3987446624372426,2.671785626931064,0.557
5,70,Kluivert,MID,BOU,6.0,1.0,a,,,1.0,74.0,0.19873206070977337,0.09462939998092149,0.2568275288605707,0.08951884561698244,0.16730443304453035,3.646950206016218,2.910355745367607,0.608
5,71,Cook,MID,BOU,5.0,0.2,a,,,1.0,75.0,0.19873206070977337,0.4324688952181082,0.0236655264840566,0.07125730729768172,0.05974079625930743,2.940416613626946,2.3934879830062936,0.588
5,72,Gannon-Doak,MID,BOU,4.9,0.1,a,,,0.0,1.0,0.19873206070977337,0.17348723329835605,0.0016272302670359445,0.0012503300386490991,0.0,0.361887141451127,0.8350742184736378,0.074
5,73,Adams,MID,BOU,5.0,0.3,a,100.0,,0.0,15.0,0.19873206070977337,0.2838077124868835,0.008160564502883268,0.006360305349020772,0.0,0.40988373856147864,0.9098035448843387,0.082
5,74,Brooks,MID,BOU,5.0,0.1,a,100.0,,0.0,0.0,0.19873206070977337,0.08674361664917803,0.0,0.0,0.0,0.35,0.8154753215150045,0.07
5,75,Christie,MID,BOU,5.0,0.0,a,100.0,,0.0,0.0,0.19873206070977337,0.16220246313580383,0.0,0.0,0.0,0.35,0.8154753215150045,0.07
5,76,Tóth.A,MID,BOU,5.0,0.0,a,,,0.0,15.0,0.19873206070977337,0.17348723329835605,0.018727794712220313,0.02257830858889092,0.0,0.5113738993277743,1.0411422462834237,0.102
5,77,Adli,MID,BOU,4.9,0.0,i,0.0,Unspecified injury - Unknown return date,0.0,0.0,0.19873206070977337,0.15409233997901364,0.0,0.0,0.0,0.0,0.43588989435406733,0.0
5,78,Kroupi.Jr,MID,BOU,7.4,0.2,i,0.0,Foot injury - Expected back 7 Nov,0.0,0.0,0.19873206070977337,0.06505771248688352,0.0,0.0,0.0,0.0,0.43588989435406733,0.0
5,79,Evanilson,FWD,BOU,6.0,3.2,a,,,1.0,74.0,0.19873206070977337,0.0009240720776220546,0.30530997614235433,0.05662170569317831,0.17393871928475138,3.1367440335565284,2.791356931782736,0.523
5,80,Enes Ünal,FWD,BOU,5.5,0.0,u,0.0,Has joined Getafe permanently,0.0,0.0,0.19873206070977337,0.0033112582781456954,0.0,0.0,0.0,0.0,0.43588989435406733,0.0
5,81,Rodríguez,FWD,BOU,6.0,0.1,a,100.0,,0.0,0.0,0.19873206070977337,0.0033112582781456954,0.0,0.0,0.0,0.35,0.8154753215150045,0.058
5,566,Silva,DEF,BOU,5.0,0.4,a,,,1.0,90.0,0.19873206070977337,0.33449190524101347,0.05820855806200685,0.03070420195622441,0.08080248118382428,2.916801996977414,2.427174312370071,0.583
5,573,Sanchez,DEF,BOU,4.5,0.2,a,,,0.0,0.0,0.19873206070977337,0.2790328973444312,0.0,0.0,0.0,0.35,0.8154753215150045,0.078
5,608,Jebbison,FWD,BOU,5.0,0.1,a,,,0.0,15.0,0.19873206070977337,0.0033112582781456954,0.08658310849486497,0.01077086285647397,0.0,0.7286450225488817,1.379827595684354,0.146
5,615,Di Gregorio,GK,BOU,4.5,0.0,a,,,0.25,20.0,0.19873206070977337,0.0,0.0,7.309941520467835e-05,0.012449536689097677,0.842566421397466,1.2652573653827055,0.187
5,82,Kelleher,GK,BRE,5.0,6.7,a,,,1.0,90.0,0.2326213863062964,0.0,0.0,0.0029836791497975714,0.059199634279003245,2.4836896353187776,2.1723283147594605,0.497
5,83,Valdimarsson,GK,BRE,4.5,0.1,a,,,0.0,0.0,0.2326213863062964,0.0,0.0,0.0,0.0,0.35,0.8154753215150045,0.078
5,84,Collins,DEF,BRE,5.5,1.6,d,25.0,Calf injury - 25% chance of playing,0.25,22.5,0.2326213863062964,0.4299643281807372,0.025136074229960566,0.01003653016358719,0.026849248181885242,0.9643959119835354,1.4082502185863421,0.175
5,85,Van den Berg,DEF,BRE,4.9,0.1,i,0.0,Groin injury - Unknown return date,0.0,0.0,0.2326213863062964,0.3654379706698375,0.0,0.0,0.0,0.0,0.43588989435406733,0.0
5,86,Lewis-Potter,MID,BRE,5.5,2.1,a,,,1.0,90.0,0.2326213863062964,0.061230788222949195,0.17979751402683616,0.17008272636387387,0.14572022276737814,3.4516322977251996,2.763491713365339,0.628
5,87,Ajer,DEF,BRE,4.5,4.7,a,,,1.0,90.0,0.2326213863062964,0.41713733650416174,0.04416481863554855,0.027050133102033885,0.08308057968472796,3.1696007378437234,2.5074350068778184,0.704
5,88,Kayode,DEF,BRE,4.6,8.9,a,,,1.0,75.0,0.2326213863062964,0.1269678953626635,0.06910707402518976,0.06895183959039058,0.11614009029511783,2.944107128556674,2.4512131666603008,0.64
5,89,Henry,DEF,BRE,4.5,0.2,a,,,0.0,0.0,0.2326213863062964,0.133935790725327,0.0,0.0,0.0,0.35,0.8154753215150045,0.078
5,90,Hickey,DEF,BRE,4.5,0.1,a,,,0.0,14.0,0.2326213863062964,0.22886288253332498,0.007663259542763878,0.004569029830522483,0.0,0.4096866467481507,0.9079560485387328,0.091
5,92,Ji-soo,DEF,BRE,4.5,0.0,a,,,0.0,0.0,0.2326213863062964,0.2790328973444312,0.0,0.0,0.0,0.35,0.8154753215150045,0.078
5,93,Schuster,DEF,BRE,4.5,0.1,a,,,0.0,0.0,0.2326213863062964,0.2790328973444312,0.0,0.0,0.0,0.35,0.8154753215150045,0.078
5,94,Schade,MID,BRE,6.0,3.8,a,,,1.0,90.0,0.2326213863062964,0.04841504185070402,0.32180966615080414,0.07123877633249347,0.1608290934997838,3.8566891056583725,3.04278939423282,0.643
5,95,O.Dango,MID,BRE,6.4,0.7,a,,,1.0,66.0,0.2326213863062964,0.11032018377243981,0.2052544963190038,0.12098094477881384,0.17896541733640625,3.5551815468109487,2.826016970376297,0.555
5,96,Damsgaard,MID,BRE,5.5,0.5,a,,,0.0,14.0,0.2326213863062964,0.23770137645824332,0.01355216380625578,0.034353218025399375,0.0,0.520820473107477,1.0348293974089358,0.095
5,97,Jensen,MID,BRE,5.5,0.1,i,0.0,Unspecified injury - Expected back 18 Sep,0.0,0.0,0.2326213863062964,0.1559447897328275,0.0,0.0,0.0,0.0,0.43588989435406733,0.0
5,98,Janelt,MID,BRE,5.0,1.9,a,,,1.0,90.0,0.2326213863062964,0.3600659571278669,0.08577970814041161,0.11246194844413872,0.09264671843522226,3.305464140986764,2.6067336106164207,0.661
5,99,Milambo,MID,BRE,5.0,0.0,i,0.0,Knee injury - Unknown return date,0.0,0.0,0.2326213863062964,0.17348723329835605,0.0,0.0,0.0,0.0,0.43588989435406733,0.0
5,100,Carvalho,MID,BRE,5.0,0.0,a,100.0,,0.0,0.0,0.2326213863062964,0.16014206150617483,0.0,0.0,0.0,0.35,0.8154753215150045,0.07
5,102,Yarmoliuk,MID,BRE,4.9,0.8,a,,,0.0,23.0,0.2326213863062964,0.3190694341361042,0.013064889550992288,0.013847995529209092,0.0,0.45686843434258867,0.9728511512851656,0.093
5,103,Dasilva,MID,BRE,5.0,0.0,i,0.0,Hamstring injury - Expected back 10 Oct,0.0,0.0,0.2326213863062964,0.17348723329835605,0.0,0.0,0.0,0.0,0.43588989435406733,0.0
5,105,Anthony,MID,BRE,6.0,0.1,a,,,0.0,23.0,0.2326213863062964,0.07337730475191126,0.04049959589973347,0.03218049542228089,0.0,0.64903946576551,1.2149784197066504,0.108
5,106,Thiago,FWD,BRE,7.9,11.5,a,,,1.0,82.0,0.2326213863062964,0.020794701986754968,0.6417426026243281,0.04009617010616282,0.2851880086429524,4.580709181114383,3.543134637558005,0.58
5,107,Furo,FWD,BRE,4.5,1.1,a,,,0.0,0.0,0.2326213863062964,0.0033112582781456954,0.0,0.0,0.0,0.35,0.8154753215150045,0.078
5,108,Wilson,FWD,BRE,5.5,0.4,a,,,0.0,7.0,0.2326213863062964,0.001986754966887417,0.034742909960232736,0.0034129268825874412,0.0,0.4992104204886933,1.0756194767155873,0.091
5,565,M.Sangaré,MID,BRE,5.7,13.5,a,,,1.0,75.0,0.2326213863062964,0.23706513842925175,0.1158530990029847,0.10336672017458658,0.11533446268520958,3.224911648335509,2.61198214501083,0.566
5,620,Diouf,DEF,BRE,4.5,0.1,a,,,0.25,20.0,0.2326213863062964,0.17496178019364703,0.005024830620224826,0.017160248142143057,0.023274211406825878,0.941098395411668,1.348419791831727,0.209
5,109,Verbruggen,GK,BHA,4.5,22.2,a,,,1.0,90.0,0.20190171326201903,0.0,0.0,0.021634826782145237,0.05804761768925559,2.406385801051964,2.1382546672458664,0.535
5,111,Steele,GK,BHA,4.0,4.3,a,,,0.0,0.0,0.20190171326201903,0.0,0.0,0.0,0.0,0.35,0.8154753215150045,0.087
5,113,F.Kadıoğlu,DEF,BHA,4.4,1.8,a,100.0,,0.0,0.0,0.20190171326201903,0.11379563336453563,0.0,0.0,0.0,0.35,0.8154753215150045,0.08
5,114,Boscagli,DEF,BHA,4.5,0.3,a,,,1.0,90.0,0.20190171326201903,0.2546854651491988,0.01976609377734434,0.08168846347502082,0.08598452335383255,2.716075743501751,2.2976380209505134,0.604
5,115,De Cuyper,DEF,BHA,4.8,20.8,a,,,1.0,77.0,0.20190171326201903,0.133935790725327,0.1864467508424465,0.16434797038048765,0.1939823597248869,3.849956642039895,2.904065792114648,0.802
5,116,Dunk,DEF,BHA,4.5,1.3,a,,,1.0,90.0,0.20190171326201903,0.2579180629121176,0.033599823235451395,0.026865665216151448,0.07163834927356574,2.6262115312772885,2.278464581431881,0.584
5,117,Coppola,DEF,BHA,4.5,0.0,a,,,0.0,0.0,0.20190171326201903,0.31059962629522675,0.0,0.0,0.0,0.35,0.8154753215150045,0.078
5,118,Igor,DEF,BHA,4.5,0.1,u,0.0,Has joined Burnley permanently,0.0,0.0,0.20190171326201903,0.33449190524101347,0.0,0.0,0.0,0.0,0.43588989435406733,0.0
5,119,Costinha,DEF,BHA,4.5,0.0,a,,,0.0,26.0,0.20190171326201903,0.2790328973444312,0.015582433477770297,0.015445916785437091,0.0,0.489832351222933,1.012015843843462,0.109
5,120,Svoboda,DEF,BHA,5.0,0.1,a,,,0.0,0.0,0.20190171326201903,0.2790328973444312,0.0,0.0,0.0,0.35,0.8154753215150045,0.07
5,121,Mitoma,MID,BHA,5.9,0.0,i,0.0,Hamstring injury - Expected back 10 Oct,0.0,0.0,0.20190171326201903,0.07178782067518182,0.0,0.0,0.0,0.0,0.43588989435406733,0.0
5,122,Minteh,MID,BHA,5.9,0.0,i,0.0,Leg injury - Expected back 28 Nov,0.0,0.0,0.20190171326201903,0.08329315674541278,0.0,0.0,0.0,0.0,0.43588989435406733,0.0
5,123,Hinshelwood,MID,BHA,6.0,1.0,d,50.0,Unspecified injury - 50% chance of playing,0.5,31.5,0.20190171326201903,0.09338929695697797,0.1097474604520944,0.03279922308563448,0.08136842743196539,1.7797963402502894,2.0099994550218456,0.297
5,124,Groß,MID,BHA,5.6,16.3,a,,,1.0,90.0,0.20190171326201903,0.13167247740581525,0.2450901693003845,0.20691327991714076,0.17839137855233572,4.022608999433438,3.018857087496167,0.718
5,125,Georginio,FWD,BHA,5.5,0.6,d,75.0,Unspecified injury - 75% chance of playing,0.5,45.0,0.20190171326201903,0.03353984191412091,0.10448277207139907,0.07272408232778517,0.07211748470281543,1.6115774745327585,1.9206493261500486,0.293
5,126,O'Riley,MID,BHA,5.5,0.1,a,,,0.0,0.0,0.20190171326201903,0.14870334282716233,0.0,0.0,0.0,0.35,0.8154753215150045,0.064
5,127,Gomez,MID,BHA,5.0,4.8,a,,,1.0,85.0,0.20190171326201903,0.14116241109945202,0.21126102768020513,0.1339603285860664,0.14812514453076134,3.6217996813140356,2.854642807879455,0.724
5,128,Buonanotte,MID,BHA,5.0,0.0,u,0.0,Has joined Elche on loan for the rest of the season,0.0,0.0,0.20190171326201903,0.17348723329835605,0.0,0.0,0.0,0.0,0.43588989435406733,0.0
5,129,Ayari,MID,BHA,5.4,0.4,a,100.0,,1.0,63.0,0.20190171326201903,0.21460141816909917,0.08961475105643327,0.057128255984686134,0.09356167484676162,2.8636363837151864,2.445117100549062,0.53
5,130,Wieffer,DEF,BHA,5.0,0.3,i,0.0,Knee injury - Unknown return date,0.0,0.0,0.20190171326201903,0.4954059020646417,0.0,0.0,0.0,0.0,0.43588989435406733,0.0
5,132,Howell,MID,BHA,4.5,0.0,u,0.0,Has joined Leicester City on loan for the rest of the season,0.0,0.0,0.20190171326201903,0.16014206150617483,0.0,0.0,0.0,0.0,0.43588989435406733,0.0
5,133,Watson,MID,BHA,5.0,0.0,u,0.0,Has joined Leicester City on loan for the rest of the season,0.0,0.0,0.20190171326201903,0.17348723329835605,0.0,0.0,0.0,0.0,0.43588989435406733,0.0
5,134,Oriola,MID,BHA,4.5,0.3,a,,,0.0,0.0,0.20190171326201903,0.17348723329835605,0.0,0.0,0.0,0.35,0.8154753215150045,0.078
5,135,Yohanna,MID,BHA,4.9,0.1,i,0.0,Unspecified injury - Expected back 10 Oct,0.0,0.0,0.20190171326201903,0.17348723329835605,0.0,0.0,0.0,0.0,0.43588989435406733,0.0
5,137,Tzimas,FWD,BHA,5.5,0.0,i,0.0,Knee injury - Unknown return date,0.0,0.0,0.20190171326201903,0.0033112582781456954,0.0,0.0,0.0,0.0,0.43588989435406733,0.0
5,138,Kostoulas,FWD,BHA,5.5,0.5,a,,,0.0,26.0,0.20190171326201903,0.002838221381267739,0.13108066169655977,0.022247444038498085,0.0,0.9410649789017334,1.6045271671407286,0.171
5,139,Ferguson,FWD,BHA,5.0,0.0,i,0.0,Ankle injury - Expected back 10 Oct,0.0,0.0,0.20190171326201903,0.0033112582781456954,0.0,0.0,0.0,0.0,0.43588989435406733,0.0
5,328,Struijk,DEF,BHA,5.0,0.2,a,100.0,,0.0,0.0,0.20190171326201903,0.37155442654848125,0.0,0.0,0.0,0.35,0.8154753215150045,0.07
5,504,Vuskovic,DEF,BHA,5.0,3.1,a,,,1.0,90.0,0.20190171326201903,0.25756882831793654,0.06720855806200685,0.03370420195622441,0.0857948943218857,2.861893503851867,2.416784848862345,0.572
5,594,David,FWD,BHA,6.0,0.2,a,,,0.0,0.0,0.20190171326201903,0.0033112582781456954,0.0,0.0,0.0,0.35,0.8154753215150045,0.058
5,600,Osman,MID,BHA,5.0,0.0,a,,,0.0,12.0,0.20190171326201903,0.17348723329835605,0.016348730975212212,0.0153984417373309,0.0,0.47793898008805374,1.0030834701153117,0.096
5,605,Yalcouyé,MID,BHA,4.5,3.0,a,,,0.0,4.0,0.20190171326201903,0.17348723329835605,0.007879659852905552,0.005248354293004811,0.0,0.4051433621435422,0.9039083732271559,0.09
5,614,Hadjam,DEF,BHA,4.5,0.0,a,,,0.25,20.0,0.20190171326201903,0.2790328973444312,0.009907478749843447,0.008794984748007748,0.019982952081155095,0.9461199143987434,1.3627445504777016,0.21
5,624,Cozier-Duberry,MID,BHA,5.0,0.0,u,0.0,Has joined Middlesbrough on loan for the rest of the season,0.0,0.0,0.20190171326201903,0.17348723329835605,0.0,0.0,0.0,0.0,0.43588989435406733,0.0
5,639,Andrés,MID,BHA,5.5,0.0,a,,,0.25,20.0,0.20190171326201903,0.17348723329835605,0.028122817044516416,0.025132385761208857,0.026016778936304802,1.0232695428100218,1.4535986494236088,0.186
5,652,Azeez,MID,BHA,5.5,0.0,d,50.0,Hamstring injury - 50% chance of playing,0.125,10.0,0.20190171326201903,0.17348723329835605,0.014061408522258208,0.012566192880604428,0.013008389468152401,0.5335097714050109,1.047872614778662,0.097
5,28,Martinez,GK,CHE,5.0,5.0,a,,,0.0,0.0,0.19360884669918427,0.0,0.0,0.0,0.0,0.35,0.8154753215150045,0.07
5,40,Rogers,MID,CHE,7.6,31.0,a,,,1.0,81.0,0.19360884669918427,0.061636935991605454,0.22341603608520655,0.18840430258437196,0.1795132385969767,3.7233384279639288,2.90083422994881,0.49
5,101,Henderson,MID,CHE,4.9,0.0,d,75.0,Wrist injury - 75% chance of playing,0.0,0.0,0.19360884669918427,0.16393054192194428,0.0,0.0,0.0,0.175,0.5766281297335397,0.036
5,136,Welbeck,FWD,CHE,5.9,0.8,a,100.0,,0.0,0.0,0.19360884669918427,0.0010739216037229282,0.0,0.0,0.0,0.35,0.8154753215150045,0.059
5,140,Sánchez,GK,CHE,4.9,1.0,u,0.0,Has joined Como on loan for the rest of the season,0.0,0.0,0.19360884669918427,0.0,0.0,0.0,0.0,0.0,0.43588989435406733,0.0
5,141,Jörgensen,GK,CHE,5.0,0.0,u,0.0,Has joined RC Strasbourg on loan for the rest of the season,0.0,0.0,0.19360884669918427,0.0,0.0,0.0,0.0,0.0,0.43588989435406733,0.0
5,142,James,DEF,CHE,5.4,7.8,a,,,1.0,90.0,0.19360884669918427,0.1671373365041617,0.052471056530333016,0.11932070136733477,0.10852932693897979,2.8376399559023118,2.3887951472230493,0.525
5,143,Chalobah,DEF,CHE,5.5,0.1,u,0.0,Has joined Como permanently,0.0,0.0,0.19360884669918427,0.41305701828888514,0.0,0.0,0.0,0.0,0.43588989435406733,0.0
5,144,Gusto,DEF,CHE,5.0,1.1,a,,,1.0,75.0,0.19360884669918427,0.09301096578147708,0.04515267505855502,0.06906215772448819,0.09637244144367421,2.4944046285180583,2.2383665572322244,0.499
5,145,Fofana,DEF,CHE,5.0,0.1,a,100.0,,0.0,0.0,0.19360884669918427,0.34494649227110585,0.0,0.0,0.0,0.35,0.8154753215150045,0.07
5,146,B.Badiashile,DEF,CHE,4.5,0.0,u,0.0,Has joined Napoli on loan for the rest of the season,0.0,0.0,0.19360884669918427,0.28989298454221163,0.0,0.0,0.0,0.0,0.43588989435406733,0.0
5,148,Hato,DEF,CHE,4.5,0.9,a,,,1.0,64.0,0.19360884669918427,0.18906064209274673,0.016076967049608506,0.033253065644483444,0.07268183714141944,2.3655639043348464,2.1426696480171317,0.526
5,149,Colwill,DEF,CHE,4.9,1.1,a,,,1.0,90.0,0.19360884669918427,0.35655965120887834,0.04319063014151691,0.0350289832391503,0.07577907635802959,2.8448690516605897,2.3799989451687207,0.581
5,150,M.Sarr,DEF,CHE,4.5,0.0,u,0.0,Has joined Real Sociedad on loan for the rest of the season,0.0,0.0,0.19360884669918427,0.25756882831793654,0.0,0.0,0.0,0.0,0.43588989435406733,0.0
5,151,Acheampong,DEF,CHE,4.5,0.4,a,,,1.0,90.0,0.19360884669918427,0.21741973840665874,0.058189565001277754,0.020742109971304188,0.07602829791519974,2.6362338230167026,2.3147314431137365,0.586
5,152,Palestra,DEF,CHE,5.4,1.0,d,75.0,Unspecified injury - 75% chance of playing,0.0,0.0,0.19360884669918427,0.2790328973444312,0.0,0.0,0.0,0.175,0.5766281297335397,0.032
5,154,Palmer,MID,CHE,9.7,24.6,a,100.0,,1.0,82.0,0.19360884669918427,0.1200543176347139,0.47711291389658556,0.1625374373712193,0.2650802269252337,5.107277191932943,3.544926536340648,0.527
5,156,Neto,MID,CHE,6.5,1.4,a,,,0.0,14.0,0.19360884669918427,0.049567780942387445,0.02596621693564043,0.03223838088707683,0.0,0.5765462273394326,1.1185862208872253,0.089
5,157,Estêvão,MID,CHE,6.4,0.8,a,,,0.0,7.0,0.19360884669918427,0.10957088418843541,0.019201378650688373,0.01443108531120861,0.0,0.48930014918706766,1.022193012771834,0.076
5,158,Gittens,MID,CHE,5.9,0.0,a,,,0.0,0.0,0.19360884669918427,0.14870334282716233,0.0,0.0,0.0,0.35,0.8154753215150045,0.059
5,159,Caicedo,MID,CHE,5.4,1.6,d,75.0,Calf injury - 75% chance of playing,0.0,0.0,0.19360884669918427,0.3507406232460529,0.0,0.0,0.0,0.175,0.5766281297335397,0.032
5,161,Lavia,MID,CHE,5.0,0.2,a,,,1.0,64.0,0.19360884669918427,0.14870334282716233,0.08818578667925853,0.049725895429985595,0.087239290708062,2.6990802001595395,2.378522041179916,0.54
5,163,D.Essugo,MID,CHE,4.5,0.1,u,0.0,Has joined RC Strasbourg on loan for the rest of the season,0.0,0.0,0.19360884669918427,0.17348723329835605,0.0,0.0,0.0,0.0,0.43588989435406733,0.0
5,164,Quenda,MID,CHE,5.4,0.0,a,100.0,,0.0,8.0,0.19360884669918427,0.17348723329835605,0.011149134579426068,0.009963594710665912,0.0,0.43563645702912807,0.9458351208492417,0.081
5,165,João Pedro,FWD,CHE,7.7,72.9,a,,,1.0,90.0,0.19360884669918427,0.0009240720776220546,0.5133372444816295,0.08163658577556883,0.22760172525993785,4.097560753135987,3.296268935910441,0.532
5,168,Marc Guiu,FWD,CHE,5.0,0.3,u,0.0,Has joined RB Leipzig permanently,0.0,0.0,0.19360884669918427,0.003056546102903719,0.0,0.0,0.0,0.0,0.43588989435406733,0.0
5,169,Mheuka,FWD,CHE,4.5,0.4,a,,,0.0,0.0,0.19360884669918427,0.0033112582781456954,0.0,0.0,0.0,0.35,0.8154753215150045,0.078
5,170,Emegha,FWD,CHE,5.0,0.1,d,75.0,Hamstring injury - 75% chance of playing,0.0,0.0,0.19360884669918427,0.0033112582781456954,0.0,0.0,0.0,0.175,0.5766281297335397,0.035
5,200,Lacroix,DEF,CHE,6.0,8.1,a,,,1.0,90.0,0.19360884669918427,0.5180509525134718,0.06147148566048761,0.04030339661408826,0.08402342047089761,3.2757657634125477,2.5676416931586785,0.546
5,560,Penders,GK,CHE,4.5,0.1,a,,,0.0,0.0,0.19360884669918427,0.0,0.0,0.0,0.0,0.35,0.8154753215150045,0.078
5,561,Anselmino,DEF,CHE,4.5,0.0,a,100.0,,0.0,0.0,0.19360884669918427,0.2790328973444312,0.0,0.0,0.0,0.35,0.8154753215150045,0.078
5,568,Barco,MID,CHE,5.5,0.1,a,,,0.0,0.0,0.19360884669918427,0.17348723329835605,0.0,0.0,0.0,0.35,0.8154753215150045,0.064
5,583,Chavarria,DEF,CHE,4.9,0.2,a,,,0.0,25.0,0.19360884669918427,0.2790328973444312,0.011379840175167405,0.010552634487565073,0.0,0.44993694451369964,0.9608117586848288,0.092
5,91,Pinnock,DEF,COV,4.5,0.1,a,,,0.0,0.0,0.2401707528401771,0.3342746730083234,0.0,0.0,0.0,0.35,0.8154753215150045,0.078
5,104,Onyeka,MID,COV,4.9,0.1,a,,,1.0,90.0,0.2401707528401771,0.16014206150617483,0.08436845113354925,0.12775271283918213,0.0982594826744737,2.988978362644091,2.487020224249306,0.61
5,110,Rushworth,GK,COV,4.5,0.9,a,,,1.0,90.0,0.2401707528401771,0.0,0.0,0.0002302631578947368,0.060123280315307434,2.5083052100132517,2.18306662725286,0.557
5,171,Dovin,GK,COV,4.0,1.2,u,0.0,Has joined Leyton Orient on loan for the rest of the season,0.0,0.0,0.2401707528401771,0.0,0.0,0.0,0.0,0.0,0.43588989435406733,0.0
5,172,Wilson,GK,COV,4.5,0.4,a,,,0.0,0.0,0.2401707528401771,0.0,0.0,0.0,0.0,0.35,0.8154753215150045,0.078
5,173,Thomas,DEF,COV,4.0,8.9,a,,,1.0,90.0,0.2401707528401771,0.33449190524101347,0.05469698862519113,0.04826476485373381,0.096079301927668,3.1990075332483294,2.53106622689391,0.8
5,174,Kitching,DEF,COV,4.0,0.4,u,0.0,Has joined Sheffield United on loan for the rest of the season,0.0,0.0,0.2401707528401771,0.2790328973444312,0.0,0.0,0.0,0.0,0.43588989435406733,0.0
5,175,van Ewijk,DEF,COV,4.0,10.9,a,,,1.0,90.0,0.2401707528401771,0.25756882831793654,0.031208558062006855,0.05470420195622441,0.09011215421642521,2.9298896519269912,2.3987583636192547,0.732
5,176,Dasilva,DEF,COV,4.0,0.7,a,,,1.0,90.0,0.2401707528401771,0.25756882831793654,0.049105782424502156,0.042634718165331306,0.09215186341648599,3.0031042559293444,2.449598493797048,0.751
5,177,Kesler-Hayden,DEF,COV,4.0,0.0,i,0.0,Hamstring injury - Unknown return date,0.0,0.0,0.2401707528401771,0.2790328973444312,0.0,0.0,0.0,0.0,0.43588989435406733,0.0
5,178,Bidwell,DEF,COV,4.0,0.1,a,,,0.0,0.0,0.2401707528401771,0.2790328973444312,0.0,0.0,0.0,0.35,0.8154753215150045,0.087
5,179,Latibeaudiere,DEF,COV,4.0,0.0,a,,,0.0,0.0,0.2401707528401771,0.2790328973444312,0.0,0.0,0.0,0.35,0.8154753215150045,0.087
5,180,Woolfenden,DEF,COV,4.0,0.1,i,0.0,Knee injury - Unknown return date,0.0,0.0,0.2401707528401771,0.2790328973444312,0.0,0.0,0.0,0.0,0.43588989435406733,0.0
5,181,Brau,DEF,COV,4.0,0.0,u,0.0,Has joined Academico de Viseu on loan for the rest of the season,0.0,0.0,0.2401707528401771,0.2790328973444312,0.0,0.0,0.0,0.0,0.43588989435406733,0.0
5,182,Amenda,DEF,COV,4.0,0.8,a,,,1.0,90.0,0.2401707528401771,0.25756882831793654,0.03420855806200686,0.06670420195622441,0.09536215421642522,2.989139651926991,2.4258228886366218,0.747
5,183,Rudoni,MID,COV,5.0,0.1,a,100.0,,0.0,20.0,0.2401707528401771,0.17348723329835605,0.034632444980701796,0.02701749612592774,0.0,0.6042147132812922,1.1643893786524617,0.121
5,184,Grimes,MID,COV,5.0,0.1,a,,,1.0,90.0,0.2401707528401771,0.16014206150617483,0.09458687369022672,0.09198037635963255,0.08931561280146845,2.923809596115824,2.4744210382959135,0.585
5,185,Sakamoto,MID,COV,4.9,0.1,a,,,0.0,0.0,0.2401707528401771,0.17348723329835605,0.0,0.0,0.0,0.35,0.8154753215150045,0.071
5,186,Mason-Clark,MID,COV,5.4,0.1,a,100.0,,0.0,0.0,0.2401707528401771,0.17348723329835605,0.0,0.0,0.0,0.35,0.8154753215150045,0.065
5,187,Eccles,MID,COV,4.9,0.0,i,0.0,Unspecified injury - Expected back 12 Oct,0.0,0.0,0.2401707528401771,0.17348723329835605,0.0,0.0,0.0,0.0,0.43588989435406733,0.0
5,188,Torp,MID,COV,5.4,0.1,a,,,0.0,28.0,0.2401707528401771,0.17348723329835605,0.0373158534606239,0.03708467354127415,0.0,0.647833287926942,1.2061419351904372,0.12
5,189,Shepherd,MID,COV,4.5,0.2,a,,,0.0,0.0,0.2401707528401771,0.17348723329835605,0.0,0.0,0.0,0.35,0.8154753215150045,0.078
5,190,Tchaouna,MID,COV,5.4,0.1,a,,,1.0,81.0,0.2401707528401771,0.12327387198321091,0.0901497654266337,0.07363342397669562,0.08771053782975688,2.7771406539550827,2.4119423365981327,0.514
5,191,Borges Rodrigues,MID,COV,4.5,0.1,u,0.0,Has joined Burton Albion on loan for the rest of the season,0.0,0.0,0.2401707528401771,0.17348723329835605,0.0,0.0,0.0,0.0,0.43588989435406733,0.0
5,192,Andrews,MID,COV,4.5,0.4,u,0.0,Has joined Oxford United on loan for the rest of the season,0.0,0.0,0.2401707528401771,0.17348723329835605,0.0,0.0,0.0,0.0,0.43588989435406733,0.0
5,193,Wright,FWD,COV,5.4,0.1,i,0.0,Thigh injury - Unknown return date,0.0,0.0,0.2401707528401771,0.0033112582781456954,0.0,0.0,0.0,0.0,0.43588989435406733,0.0
5,194,Thomas-Asante,FWD,COV,5.0,0.8,a,,,1.0,69.0,0.2401707528401771,0.003056546102903719,0.28558546489902237,0.040015450076950426,0.17266097125130964,3.0106732259075932,2.726498105375935,0.602
5,195,Simms,FWD,COV,5.0,0.8,a,,,1.0,69.0,0.2401707528401771,0.003056546102903719,0.32054031018262896,0.04027842010859739,0.18873866954740365,3.1673592154330543,2.8180178087475913,0.633
5,196,Markelo,FWD,COV,5.0,0.0,u,0.0,Has joined Shabab Al-Ahli Dubai permanently,0.0,0.0,0.2401707528401771,0.0033112582781456954,0.0,0.0,0.0,0.0,0.43588989435406733,0.0
5,197,Bassette,FWD,COV,4.5,0.0,u,0.0,Has joined KVC Westerlo on loan for the rest of the season,0.0,0.0,0.2401707528401771,0.0033112582781456954,0.0,0.0,0.0,0.0,0.43588989435406733,0.0
5,492,Awoniyi,FWD,COV,5.5,0.7,a,,,0.0,20.0,0.2401707528401771,0.002838221381267739,0.12368874232360973,0.01505437072283894,0.0,0.8899180814629558,1.5598002464165963,0.162
5,575,Yirenkyi,MID,COV,4.9,0.2,a,,,1.0,61.0,0.2401707528401771,0.16014206150617483,0.073096138923581,0.07152591604268221,0.09869895612725198,2.7643758846575284,2.3855588473963056,0.564
5,584,Hamer,MID,COV,5.4,0.1,a,,,0.0,8.0,0.2401707528401771,0.17348723329835605,0.010849157864284555,0.009885145558842647,0.0,0.43390122599795067,0.9431369341626981,0.08
5,599,Cherif,FWD,COV,5.0,0.1,a,,,0.0,0.0,0.2401707528401771,0.0033112582781456954,0.0,0.0,0.0,0.35,0.8154753215150045,0.07
5,623,Bentley,GK,COV,4.0,0.4,a,,,0.25,20.0,0.2401707528401771,0.0,0.0,3.6549707602339175e-05,0.01502506349987949,0.8895074976787515,1.3000247096073319,0.222
5,655,Gboho,MID,COV,5.5,0.0,a,,,0.25,20.0,0.2401707528401771,0.17348723329835605,0.028122817044516416,0.025132385761208857,0.026973504925758753,1.0330281479024521,1.459962459545367,0.188
5,42,Guessand,MID,CRY,5.5,0.0,a,,,0.0,27.0,0.231403217790357,0.10957088418843541,0.04185094530777858,0.027334767394362264,0.0,0.6412590287219797,1.212228454714058,0.117
5,153,Disasi,DEF,CRY,4.5,0.1,a,,,0.0,0.0,0.231403217790357,0.20570749108204517,0.0,0.0,0.0,0.35,0.8154753215150045,0.078
5,198,Henderson,GK,CRY,5.0,2.0,a,100.0,,1.0,90.0,0.231403217790357,0.0,8.75e-05,0.0011518914473684211,0.0582845914541682,2.472630860748933,2.1676078140251693,0.495
5,199,Benitez,GK,CRY,4.5,0.1,a,,,0.0,0.0,0.231403217790357,0.0,0.0,0.0,0.0,0.35,0.8154753215150045,0.078
5,202,Richards,DEF,CRY,5.0,0.7,a,,,1.0,90.0,0.231403217790357,0.394281699275754,0.057170487130081424,0.028588701093206503,0.08786652032574002,3.208216362154387,2.5374463562554035,0.642
5,203,Canvot,DEF,CRY,4.9,0.2,a,,,1.0,90.0,0.231403217790357,0.4573479543753028,0.06623798491179286,0.01867315602487422,0.08756970377542272,3.3486198064725112,2.5999626039173194,0.683
5,204,Mitchell,DEF,CRY,4.5,6.1,a,,,1.0,90.0,0.231403217790357,0.19475822433610782,0.1056442679508442,0.07780341023311924,0.12205749181197645,3.3137709520959895,2.632495093383356,0.736
5,205,Sosa,DEF,CRY,4.5,0.0,u,0.0,Has joined FC Cologne on loan for the rest of the season,0.0,0.0,0.231403217790357,0.2790328973444312,0.0,0.0,0.0,0.0,0.43588989435406733,0.0
5,206,Chadi Riad,DEF,CRY,4.4,0.0,i,0.0,Knee injury - Unknown return date,0.0,0.0,0.231403217790357,0.22886288253332498,0.0,0.0,0.0,0.0,0.43588989435406733,0.0
5,207,Mingueza,DEF,CRY,4.4,0.1,a,,,0.0,0.0,0.231403217790357,0.2790328973444312,0.0,0.0,0.0,0.35,0.8154753215150045,0.08
5,208,Sarr,MID,CRY,6.3,0.8,i,0.0,Groin injury - Unknown return date,0.0,0.0,0.231403217790357,0.061230788222949195,0.0,0.0,0.0,0.0,0.43588989435406733,0.0
5,210,Wharton,MID,CRY,5.5,0.9,a,100.0,,1.0,90.0,0.231403217790357,0.2946791902336652,0.03697036449504217,0.18196783058770008,0.09976869005799549,3.1556246746933785,2.493493346469501,0.574
5,211,Yeremy,MID,CRY,5.5,0.4,a,,,0.0,35.0,0.231403217790357,0.09941441288968622,0.07043445788187168,0.10197916905218066,0.0,1.0081097965659005,1.529057016846148,0.183
5,212,Hughes,MID,CRY,4.5,8.7,a,,,0.0,0.0,0.231403217790357,0.08327387198321091,0.0,0.0,0.0,0.35,0.8154753215150045,0.078
5,213,Lerma,MID,CRY,4.9,0.1,a,,,0.0,0.0,0.231403217790357,0.21720881427072403,0.0,0.0,0.0,0.35,0.8154753215150045,0.071
5,214,Kamada,MID,CRY,5.0,0.4,a,,,1.0,90.0,0.231403217790357,0.24490444847212947,0.06102043635609547,0.11669771936802921,0.08534167628247935,2.974052161722891,2.452921059759173,0.595
5,215,Devenny,MID,CRY,5.0,0.0,u,0.0,Has joined Stoke City permanently,0.0,0.0,0.231403217790357,0.16220246313580383,0.0,0.0,0.0,0.0,0.43588989435406733,0.0
5,216,Esse,MID,CRY,5.0,0.0,u,0.0,Has joined Millwall on loan for the rest of the season,0.0,0.0,0.231403217790357,0.17348723329835605,0.0,0.0,0.0,0.0,0.43588989435406733,0.0
5,217,M.França,MID,CRY,4.9,0.0,a,,,0.0,0.0,0.231403217790357,0.17348723329835605,0.0,0.0,0.0,0.35,0.8154753215150045,0.071
5,218,Doucouré,MID,CRY,4.9,0.1,a,,,0.0,0.0,0.231403217790357,0.17348723329835605,0.0,0.0,0.0,0.35,0.8154753215150045,0.071
5,219,J.Rak-Sakyi,MID,CRY,4.9,0.0,u,0.0,has joined  Kasimpasa on loan for the rest of the seaon.,0.0,0.0,0.231403217790357,0.17348723329835605,0.0,0.0,0.0,0.0,0.43588989435406733,0.0
5,220,Cardines,DEF,CRY,4.5,0.0,u,0.0,Has joined Bristol City on loan for the rest of the season,0.0,0.0,0.231403217790357,0.25756882831793654,0.0,0.0,0.0,0.0,0.43588989435406733,0.0
5,221,Drakes-Thomas,MID,CRY,4.5,0.1,a,,,0.0,0.0,0.231403217790357,0.17348723329835605,0.0,0.0,0.0,0.35,0.8154753215150045,0.078
5,222,Strand Larsen,FWD,CRY,6.0,0.5,a,,,0.0,27.0,0.231403217790357,0.0011352885525070956,0.08465391640755225,0.010803315246877663,0.0,0.7210256113708419,1.3703547570063428,0.12
5,223,Mateta,FWD,CRY,6.4,1.8,i,0.0,Hamstring injury - Expected back 11 Oct,0.0,0.0,0.231403217790357,0.0011037527593818985,0.0,0.0,0.0,0.0,0.43588989435406733,0.0
5,224,Nketiah,FWD,CRY,5.5,0.7,a,,,0.0,55.0,0.231403217790357,0.002838221381267739,0.30156348448209264,0.07265734350778429,0.0,1.7742259684517232,2.2760514596447132,0.323
5,225,Uche,FWD,CRY,5.0,0.0,u,0.0,has returned to Getafe CF,0.0,0.0,0.231403217790357,0.0033112582781456954,0.0,0.0,0.0,0.0,0.43588989435406733,0.0
5,241,McNeil,MID,CRY,5.4,0.1,a,,,1.0,62.0,0.231403217790357,0.16327387198321092,0.06085875356677013,0.13281188321316487,0.12153750014303492,2.9075818024326168,2.4268411456093686,0.538
5,555,Matthews,GK,CRY,4.0,1.8,a,,,0.0,0.0,0.231403217790357,0.0,0.0,0.0,0.0,0.35,0.8154753215150045,0.087
5,577,Tomiyasu,DEF,CRY,4.5,0.3,a,,,0.0,18.0,0.231403217790357,0.2790328973444312,0.01429652990982567,0.0072237445851876195,0.0,0.45745041321451685,0.9772077386955835,0.102
5,588,Khalaili,DEF,CRY,5.0,0.2,a,,,0.0,35.0,0.231403217790357,0.2790328973444312,0.04188036987744865,0.01886706516747735,0.0,0.6578834147671239,1.2252594449022733,0.132
5,595,Gozo,MID,CRY,5.0,0.0,a,,,0.0,0.0,0.231403217790357,0.17348723329835605,0.0,0.0,0.0,0.35,0.8154753215150045,0.07
5,633,Ahanor,DEF,CRY,4.5,0.0,a,,,0.25,20.0,0.231403217790357,0.2790328973444312,0.009907478749843447,0.008794984748007748,0.02182679611417622,0.9900323779109866,1.3930205994636027,0.22
5,643,Chilwell,DEF,CRY,4.5,0.4,a,,,0.25,20.0,0.231403217790357,0.2790328973444312,0.01651484908462919,0.030077406775185417,0.03280840185669931,1.104505471743757,1.4824471291823238,0.245
5,644,Timber,MID,CRY,5.0,0.0,a,,,0.25,20.0,0.231403217790357,0.17348723329835605,0.02620223793362169,0.02309387002724414,0.025195422954349848,1.0135150901132166,1.44322281676006,0.203
5,647,Osorio,MID,CRY,5.5,0.0,a,,,0.25,20.0,0.231403217790357,0.17348723329835605,0.028091569470022514,0.025104460888140848,0.026731017398285747,1.030529114821847,1.4582711459058786,0.187
5,21,Nørgaard,MID,EVE,4.9,0.1,i,0.0,Groin injury - Unknown return date,0.0,0.0,0.4480652004563265,0.17348723329835605,0.0,0.0,0.0,0.0,0.43588989435406733,0.0
5,209,Johnson,MID,EVE,5.9,0.1,a,,,0.0,6.0,0.4480652004563265,0.07435167141358116,0.017422071069321633,0.005059358766076174,0.0,0.4522884316448367,0.981774132140952,0.077
5,226,Pickford,GK,EVE,5.5,8.6,a,,,1.0,90.0,0.4480652004563265,0.0,0.0,0.006643843404808317,0.11434164530576453,3.4114174368783807,2.5459169527046486,0.62
5,227,Travers,GK,EVE,5.0,0.0,a,,,0.0,0.0,0.4480652004563265,0.0,0.0,0.0,0.0,0.35,0.8154753215150045,0.07
5,228,King,GK,EVE,4.5,0.0,a,,,0.0,0.0,0.4480652004563265,0.0,0.0,0.0,0.0,0.35,0.8154753215150045,0.078
5,229,Tarkowski,DEF,EVE,6.0,11.4,a,,,1.0,90.0,0.4480652004563265,0.5069678953626635,0.05628616101580171,0.046502967902163676,0.1479924952353695,4.591448970940269,3.0102275679558383,0.765
5,230,Branthwaite,DEF,EVE,5.5,1.9,a,,,1.0,90.0,0.4480652004563265,0.3174197384066587,0.048537215047540036,0.018899612559884787,0.1356191897766803,4.101003314846125,2.8430845201106627,0.746
5,231,Keane,DEF,EVE,4.9,0.9,a,,,0.0,0.0,0.4480652004563265,0.4475218236130043,0.0,0.0,0.0,0.35,0.8154753215150045,0.071
5,232,O'Brien,DEF,EVE,4.9,0.3,a,,,0.0,0.0,0.4480652004563265,0.19475822433610782,0.0,0.0,0.0,0.35,0.8154753215150045,0.071
5,233,Mykolenko,DEF,EVE,4.5,1.9,a,,,1.0,90.0,0.4480652004563265,0.22496510365506903,0.009539955496518732,0.05237296115857356,0.13368582094336393,3.7953899065598216,2.696011972422002,0.843
5,234,Patterson,DEF,EVE,4.5,0.0,u,0.0,Has joined Torino permanently,0.0,0.0,0.4480652004563265,0.35655965120887834,0.0,0.0,0.0,0.0,0.43588989435406733,0.0
5,235,Aznou,DEF,EVE,4.0,0.1,u,0.0,Has joined Malaga on loan for the rest of the season,0.0,0.0,0.4480652004563265,0.2790328973444312,0.0,0.0,0.0,0.0,0.43588989435406733,0.0
5,236,Dewsbury-Hall,MID,EVE,6.5,4.5,a,,,1.0,90.0,0.4480652004563265,0.1686153999900065,0.1432536250481421,0.15467900384188055,0.14908294015714058,3.621860397324925,2.782275418646797,0.557
5,238,Grealish,MID,EVE,6.5,0.4,a,100.0,,0.0,8.0,0.4480652004563265,0.06939489331934243,0.010744917647424647,0.01668763968345012,0.0,0.4537875072874736,0.962634806004202,0.07
5,239,Garner,MID,EVE,6.0,0.1,d,75.0,Unspecified injury - 75% chance of playing,0.0,5.5,0.4480652004563265,0.4416369359916055,0.0028677036807797335,0.008749689398512398,0.0,0.21558758659943583,0.6533166434613513,0.036
5,242,George,MID,EVE,5.5,0.5,a,,,1.0,83.0,0.4480652004563265,0.13878978663868485,0.11646972769052776,0.14096202505388813,0.14250652259321217,3.385334428042516,2.6703845751921103,0.616
5,243,Alcaraz,MID,EVE,5.0,0.1,a,,,0.0,1.0,0.4480652004563265,0.10957088418843541,0.0019356923062057753,0.0009591928573827873,0.0,0.3625560401031772,0.8369412345160628,0.073
5,244,Armstrong,MID,EVE,5.0,0.4,a,,,1.0,90.0,0.4480652004563265,0.22676926664334848,0.12019007363434803,0.05764173844763086,0.10704765427432526,3.2803986728325394,2.6370244443667774,0.656
5,245,Dibling,MID,EVE,5.4,0.0,a,,,0.0,0.0,0.4480652004563265,0.22013191425573378,0.0,0.0,0.0,0.35,0.8154753215150045,0.065
5,246,Röhl,MID,EVE,5.0,0.0,a,,,1.0,90.0,0.4480652004563265,0.16220246313580383,0.07538657445862705,0.07234236626109394,0.096511649297535,2.971144136963651,2.4693102897332886,0.594
5,247,Hackney,MID,EVE,5.5,0.2,a,100.0,,1.0,78.0,0.4480652004563265,0.16014206150617483,0.09959399681068,0.09416003834940219,0.1230533419372043,3.180384818629993,2.5768770122497244,0.578
5,248,Beto,FWD,EVE,5.4,1.0,u,0.0,Has joined Fiorentina permanently,0.0,0.0,0.4480652004563265,0.0014191106906338694,0.0,0.0,0.0,0.0,0.43588989435406733,0.0
5,249,Barry,FWD,EVE,5.6,5.8,a,,,1.0,78.0,0.4480652004563265,0.0012417218543046358,0.5400289989132224,0.02688899649231219,0.2737541720363293,4.086821925378076,3.317398928633347,0.73
5,649,Maitland-Niles,DEF,EVE,4.5,0.2,a,,,0.25,20.0,0.4480652004563265,0.2790328973444312,0.010438444797530894,0.008667946079425413,0.03552721643632195,1.2733692758472963,1.5754466963039557,0.283
5,654,Graham,MID,EVE,4.5,0.1,a,,,0.25,20.0,0.4480652004563265,0.17348723329835605,0.028122817044516416,0.025132385761208857,0.03217086611616249,1.08604123204457,1.4940599864636566,0.241
5,250,Leno,GK,FUL,4.5,3.0,a,,,1.0,90.0,0.21197571790058997,0.0,0.0,0.0004463125406107862,0.05315013886436127,2.3816414092185845,2.1272326336146947,0.529
5,251,Lecomte,GK,FUL,4.0,1.2,a,,,0.0,0.0,0.21197571790058997,0.0,0.0,0.0,0.0,0.35,0.8154753215150045,0.087
5,252,McNally,GK,FUL,4.0,0.1,u,0.0,Has joined York City on loan for the rest of the season,0.0,0.0,0.21197571790058997,0.0,0.0,0.0,0.0,0.0,0.43588989435406733,0.0
5,253,Andersen,DEF,FUL,5.0,0.1,a,100.0,,0.0,0.0,0.21197571790058997,0.5429859248403064,0.0,0.0,0.0,0.35,0.8154753215150045,0.07
5,254,Robinson,DEF,FUL,4.5,1.4,a,,,1.0,81.0,0.21197571790058997,0.253392923039075,0.042801654232598456,0.0832305562450872,0.10200645577202525,2.9310336082821102,2.413663974361717,0.651
5,255,J.Cuenca,DEF,FUL,4.5,0.0,a,,,1.0,90.0,0.21197571790058997,0.4934084681797033,0.013683033461124384,0.03746877722217078,0.0708970632143008,3.029555757085548,2.4162479465545927,0.673
5,256,Tete,DEF,FUL,4.4,0.2,a,,,0.0,0.0,0.21197571790058997,0.3338191860688121,0.0,0.0,0.0,0.35,0.8154753215150045,0.08
5,257,Bassey,DEF,FUL,4.5,0.7,a,,,1.0,90.0,0.21197571790058997,0.2767901162959311,0.03371893182429047,0.016068839313127636,0.07041964937324383,2.686516152230217,2.3036263325858983,0.597
5,258,Castagne,DEF,FUL,4.5,0.8,a,,,1.0,90.0,0.21197571790058997,0.1671373365041617,0.1008082857896202,0.0726958519103504,0.1137203776701372,3.1004729272939016,2.548675788835476,0.689
5,261,Iwobi,MID,FUL,5.4,0.8,a,,,1.0,90.0,0.21197571790058997,0.07516699511171397,0.0807636516987909,0.23492377225349226,0.1316881701733581,3.1436026769018857,2.5411467876347342,0.582
5,262,Smith Rowe,MID,FUL,5.4,0.3,a,,,0.0,0.0,0.21197571790058997,0.06715634837355719,0.0,0.0,0.0,0.35,0.8154753215150045,0.065
5,263,Kevin,MID,FUL,5.4,0.0,a,,,0.0,17.0,0.21197571790058997,0.11565815553223738,0.020602426656986576,0.023714055428184378,0.0,0.524154299569486,1.058067922736505,0.097
5,264,Bobb,MID,FUL,5.5,0.3,a,,,1.0,66.0,0.21197571790058997,0.09051507824262055,0.09518450550450143,0.15787325708565167,0.1419751402989957,3.0230828435134223,2.5129592984572016,0.55
5,265,Berge,MID,FUL,5.0,0.3,a,,,1.0,72.0,0.21197571790058997,0.1539531912952233,0.028611726339788257,0.05375987869597898,0.05723514899320717,2.4098649492318387,2.1795443931196314,0.482
5,266,Cairney,MID,FUL,5.0,0.0,i,0.0,Knee injury - Expected back 10 Oct,0.0,0.0,0.21197571790058997,0.10957088418843541,0.0,0.0,0.0,0.0,0.43588989435406733,0.0
5,268,King,MID,FUL,5.5,1.1,a,,,1.0,90.0,0.21197571790058997,0.08007103075308741,0.2102090531407299,0.09699526088773502,0.12871908170002172,3.3830984871211,2.7729301189129285,0.615
5,269,Sessegnon,DEF,FUL,4.5,0.3,a,,,0.0,17.0,0.21197571790058997,0.47963733650416174,0.02199071992944208,0.025916676436522526,0.0,0.55969434888622,1.0933268415530968,0.124
5,270,Reed,MID,FUL,4.5,1.2,a,,,0.0,0.0,0.21197571790058997,0.16014206150617483,0.0,0.0,0.0,0.35,0.8154753215150045,0.078
5,271,Muniz,FWD,FUL,5.4,0.4,a,,,0.0,8.0,0.21197571790058997,0.001892147587511826,0.04110088976301557,0.0021013089378629354,0.0,0.5207074858656511,1.11173268447178,0.096
5,272,Kusi-Asare,FWD,FUL,4.5,6.2,a,,,0.0,0.0,0.21197571790058997,0.0033112582781456954,0.0,0.0,0.0,0.35,0.8154753215150045,0.078
5,569,Gonzalo,FWD,FUL,6.0,4.1,a,,,1.0,90.0,0.21197571790058997,0.003056546102903719,0.5448676302447893,0.061002898910499606,0.2332522569944101,4.171355519534409,3.3458603181519866,0.695
5,570,Palacios,MID,FUL,5.5,0.2,a,,,1.0,72.0,0.21197571790058997,0.16014206150617483,0.15707644884739952,0.07150697333007096,0.12120281899270233,3.180785036859817,2.643094826735895,0.578
5,580,Charles,MID,FUL,5.0,0.1,a,,,0.0,23.0,0.21197571790058997,0.17348723329835605,0.03036608500384553,0.02809560366325353,0.0,0.5861172360089881,1.1383405722542574,0.117
5,610,De Fougerolles,DEF,FUL,4.0,0.1,d,75.0,Unspecified injury - 75% chance of playing,0.0,0.0,0.21197571790058997,0.2790328973444312,0.0,0.0,0.0,0.175,0.5766281297335397,0.044
5,626,Zepa,MID,FUL,4.5,0.4,a,,,0.25,20.0,0.21197571790058997,0.17348723329835605,0.028122817044516416,0.025132385761208857,0.026268629052269076,1.0258384139928574,1.4552765678226003,0.228
5,635,Larsson,MID,FUL,5.0,0.0,a,,,0.25,20.0,0.21197571790058997,0.17348723329835605,0.03065810607076245,0.02971410104634964,0.029070949499877638,1.0550623254271183,1.4793806321349823,0.211
5,636,Ángel,MID,FUL,5.0,0.0,a,,,0.25,20.0,0.21197571790058997,0.17348723329835605,0.028122817044516416,0.025132385761208857,0.026268629052269076,1.0258384139928574,1.4552765678226003,0.205
5,650,Affengruber,DEF,FUL,4.5,0.0,a,,,0.25,20.0,0.21197571790058997,0.2790328973444312,0.009907478749843447,0.008794984748007748,0.020612577371065782,0.9613681818894216,1.3733333237378906,0.214
5,240,Iroegbunam,MID,HUL,5.0,0.0,a,100.0,,0.0,0.0,0.9222658156932846,0.3243516714135812,0.0,0.0,0.0,0.35,0.8154753215150045,0.07
5,273,Phillips,GK,HUL,4.0,1.5,a,,,0.0,0.0,0.9222658156932846,0.0,0.0,0.0,0.0,0.35,0.8154753215150045,0.087
5,274,Butland,GK,HUL,4.5,0.1,i,0.0,Arm injury - Unknown return date,0.0,0.0,0.9222658156932846,0.0,0.0,0.0,0.0,0.0,0.43588989435406733,0.0
5,275,Cartwright,GK,HUL,4.0,0.0,u,0.0,Has joined Grimsby Town on loan for the rest of the season,0.0,0.0,0.9222658156932846,0.0,0.0,0.0,0.0,0.0,0.43588989435406733,0.0
5,276,Lo-Tutala,GK,HUL,4.0,0.0,u,0.0,Has joined Colchester United on loan for the rest of the season,0.0,0.0,0.9222658156932846,0.0,0.0,0.0,0.0,0.0,0.43588989435406733,0.0
5,277,Egan,DEF,HUL,4.1,6.3,a,,,1.0,90.0,0.9222658156932846,0.33449190524101347,0.031208558062006855,0.02770420195622441,0.2511859199297021,6.0980970824958804,3.4312732046740626,1.487
5,278,Hughes,DEF,HUL,4.0,0.1,i,0.0,Groin injury - Unknown return date,0.0,0.0,0.9222658156932846,0.2790328973444312,0.0,0.0,0.0,0.0,0.43588989435406733,0.0
5,279,Ajayi,DEF,HUL,4.1,11.7,a,100.0,,1.0,63.0,0.9222658156932846,0.25756882831793654,0.058692247385265,0.020224067428043817,0.2700246113299756,6.117859044712699,3.4606481573927326,1.492
5,280,Coyle,DEF,HUL,4.0,0.6,a,100.0,,1.0,69.0,0.9222658156932846,0.25756882831793654,0.027458577355191114,0.025883078006881256,0.2549180791973107,5.932327524136104,3.3817412319676006,1.483
5,281,Drameh,DEF,HUL,4.0,0.1,u,0.0,Has joined Genoa permanently,0.0,0.0,0.9222658156932846,0.2790328973444312,0.0,0.0,0.0,0.0,0.43588989435406733,0.0
5,282,Giles,DEF,HUL,4.0,1.4,a,,,1.0,84.0,0.9222658156932846,0.25756882831793654,0.03214317470731313,0.04593259591065397,0.2598448679050588,6.025510450667902,3.4119391706935356,1.506
5,283,Jacob,DEF,HUL,4.0,0.0,u,0.0,Has joined Newport County on loan until January,0.0,0.0,0.9222658156932846,0.2790328973444312,0.0,0.0,0.0,0.0,0.43588989435406733,0.0
5,284,McCarthy,DEF,HUL,4.0,0.1,a,,,0.0,0.0,0.9222658156932846,0.2790328973444312,0.0,0.0,0.0,0.35,0.8154753215150045,0.087
5,285,McNair,DEF,HUL,4.0,0.1,a,100.0,,0.0,26.0,0.9222658156932846,0.2790328973444312,0.012507641506191249,0.011103179634096006,0.0,0.45835538793943553,0.9725847449564871,0.115
5,286,Belloumi,MID,HUL,5.0,1.0,a,,,1.0,90.0,0.9222658156932846,0.16014206150617483,0.11065509091678839,0.08692549015973289,0.16137978494611088,3.688577653618435,2.7698787134774974,0.738
5,287,Millar,MID,HUL,5.0,0.0,u,0.0,Has joined Birmingham on loan for the rest of the season,0.0,0.0,0.9222658156932846,0.17348723329835605,0.0,0.0,0.0,0.0,0.43588989435406733,0.0
5,288,Dowell,MID,HUL,4.5,0.3,a,,,0.0,0.0,0.9222658156932846,0.17348723329835605,0.0,0.0,0.0,0.35,0.8154753215150045,0.078
5,289,Crooks,MID,HUL,4.5,0.5,a,100.0,,1.0,90.0,0.9222658156932846,0.16014206150617483,0.1138974090302915,0.10178616233289588,0.16771583154644404,3.7557073073057725,2.796288314545322,0.835
5,290,Slater,MID,HUL,4.5,5.3,a,,,1.0,90.0,0.9222658156932846,0.16014206150617483,0.09158687369022672,0.13410037635963254,0.1712171190867792,3.744598560225994,2.7684397242076173,0.832
5,291,Matazo,MID,HUL,4.5,0.0,i,0.0,Knee injury - Unknown return date,0.0,0.0,0.9222658156932846,0.17348723329835605,0.0,0.0,0.0,0.0,0.43588989435406733,0.0
5,292,Ömür,MID,HUL,4.9,0.0,a,,,0.0,0.0,0.9222658156932846,0.17348723329835605,0.0,0.0,0.0,0.35,0.8154753215150045,0.071
5,293,Kamara,MID,HUL,5.0,0.0,u,0.0,Has joined Portsmouth permanently,0.0,0.0,0.9222658156932846,0.17348723329835605,0.0,0.0,0.0,0.0,0.43588989435406733,0.0
5,294,Zambrano,MID,HUL,4.5,0.1,a,100.0,,0.0,0.0,0.9222658156932846,0.17348723329835605,0.0,0.0,0.0,0.35,0.8154753215150045,0.078
5,295,McBurnie,FWD,HUL,5.5,1.9,a,,,1.0,90.0,0.9222658156932846,0.003056546102903719,0.4548676302447894,0.0460028989104996,0.2675312667736796,3.800634529313679,3.154427267692937,0.691
5,296,Akintola,MID,HUL,5.0,0.0,a,,,0.0,0.0,0.9222658156932846,0.17348723329835605,0.0,0.0,0.0,0.35,0.8154753215150045,0.07
5,297,Gyabi,MID,HUL,4.5,0.0,i,0.0,Thigh injury - Unknown return date,0.0,0.0,0.9222658156932846,0.17348723329835605,0.0,0.0,0.0,0.0,0.43588989435406733,0.0
5,298,Destan,FWD,HUL,4.5,0.2,u,0.0,Has joined Konyaspor permanently,0.0,0.0,0.9222658156932846,0.0033112582781456954,0.0,0.0,0.0,0.0,0.43588989435406733,0.0
5,299,Burstow,FWD,HUL,4.5,0.0,u,0.0,Has joined Sheffield Wednesday on loan for the rest of the season,0.0,0.0,0.9222658156932846,0.0033112582781456954,0.0,0.0,0.0,0.0,0.43588989435406733,0.0
5,340,Gelhardt,MID,HUL,5.0,0.0,a,100.0,,0.0,0.0,0.9222658156932846,0.17348723329835605,0.0,0.0,0.0,0.35,0.8154753215150045,0.07
5,556,Targett,DEF,HUL,4.0,1.9,a,,,0.0,5.0,0.9222658156932846,0.2790328973444312,0.0023582961385930547,0.002834030796253027,0.0,0.3726518692203174,0.8498166439592493,0.093
5,563,Morita,MID,HUL,5.0,0.0,i,0.0,Calf injury - Expected back 11 Oct,0.0,0.0,0.9222658156932846,0.17348723329835605,0.0,0.0,0.0,0.0,0.43588989435406733,0.0
5,572,Tzolakis,GK,HUL,4.6,9.6,a,,,1.0,90.0,0.9222658156932846,0.0,0.0,0.0002302631578947368,0.2306470460285843,5.2169877947279035,3.148376853234539,1.134
5,574,Hjertø-Dahl,MID,HUL,4.9,0.1,a,,,0.0,0.0,0.9222658156932846,0.17348723329835605,0.0,0.0,0.0,0.35,0.8154753215150045,0.071
5,576,Stroud,MID,HUL,5.0,0.1,a,,,1.0,70.0,0.9222658156932846,0.16014206150617483,0.08093417323464318,0.07267726019128841,0.16135172661099767,3.497200316967263,2.670259470846543,0.699
5,585,Herrington,DEF,HUL,4.0,0.6,a,,,0.0,26.0,0.9222658156932846,0.2790328973444312,0.01179210137425811,0.010467986291184334,0.0,0.4521565671191016,0.9642873460602093,0.113
5,586,Mendy,DEF,HUL,4.1,7.9,a,100.0,,1.0,63.0,0.9222658156932846,0.33449190524101347,0.04686874185106984,0.02182475465218123,0.2649132021749467,6.188147125563373,3.4696818283059945,1.509
5,589,Gourna-Douath,MID,HUL,5.0,0.0,a,,,0.0,0.0,0.9222658156932846,0.17348723329835605,0.0,0.0,0.0,0.35,0.8154753215150045,0.07
5,617,Cho,MID,HUL,5.0,0.0,a,,,0.25,20.0,0.9222658156932846,0.17348723329835605,0.02876521453821892,0.024713512665188706,0.04411389422867387,1.2090057698420338,1.5715286347786277,0.242
5,632,Ansah,FWD,HUL,5.0,0.0,i,0.0,Back injury - Unknown return date,0.0,0.0,0.9222658156932846,0.0033112582781456954,0.0,0.0,0.0,0.0,0.43588989435406733,0.0
5,637,Vaz,FWD,HUL,5.0,0.0,a,,,0.25,20.0,0.9222658156932846,0.0033112582781456954,0.09551353341104425,0.01269933298746019,0.06566546153674324,1.1423407729512478,1.6563600662517908,0.228
5,638,Norton-Cuffy,DEF,HUL,4.0,0.3,a,,,0.25,20.0,0.9222658156932846,0.2790328973444312,0.009621262697070192,0.008540907410843082,0.06479296796082114,1.7792689248247096,1.8542757436124135,0.445
5,642,Thomas,MID,HUL,5.5,0.0,a,,,0.25,20.0,0.9222658156932846,0.17348723329835605,0.027279132533180924,0.025245080855039258,0.04373805441394381,1.2027942245716656,1.5649229443922312,0.219
5,645,Mouzakitis,MID,HUL,5.0,0.0,a,,,0.25,20.0,0.9222658156932846,0.17348723329835605,0.028122817044516416,0.025132385761208857,0.044025881497086444,1.2069623889299945,1.5690651488176288,0.241
5,259,Diop,DEF,IPS,4.0,14.6,a,,,1.0,90.0,0.11778370343918167,0.20706641753015118,0.037201021235709966,0.010714518829083584,0.04621636488247316,1.9304165203693633,1.9725611564958005,0.483
5,267,Lukić,MID,IPS,5.0,0.1,a,,,1.0,90.0,0.11778370343918167,0.16939489331934243,0.06036958199004083,0.06594674114731225,0.055989083441991744,2.5457248277057696,2.280152333635016,0.509
5,300,Walton,GK,IPS,4.5,0.4,a,,,0.0,0.0,0.11778370343918167,0.0,0.0,0.0,0.0,0.35,0.8154753215150045,0.078
5,301,Palmer,GK,IPS,4.0,4.2,a,,,0.0,0.0,0.11778370343918167,0.0,0.0,0.0,0.0,0.35,0.8154753215150045,0.087
5,302,Button,GK,IPS,4.0,0.5,a,,,0.0,0.0,0.11778370343918167,0.0,0.0,0.0,0.0,0.35,0.8154753215150045,0.087
5,303,Kipré,DEF,IPS,4.0,0.5,a,,,0.0,0.0,0.11778370343918167,0.2790328973444312,0.0,0.0,0.0,0.35,0.8154753215150045,0.087
5,304,O'Shea,DEF,IPS,4.0,3.0,a,,,1.0,90.0,0.11778370343918167,0.33449190524101347,0.03268360893838272,0.033307080313634094,0.0525426670980013,2.211878930642566,2.097301032720666,0.553
5,305,Davis,DEF,IPS,4.0,5.1,a,,,1.0,90.0,0.11778370343918167,0.25756882831793654,0.08974180799746337,0.12145829914796397,0.10336596336069498,2.727966616224272,2.391983992172794,0.682
5,306,Greaves,DEF,IPS,4.0,1.2,a,,,1.0,90.0,0.11778370343918167,0.25756882831793654,0.03637433187491641,0.015678678297665154,0.04766447942019897,2.0347214129975977,2.0209445009561575,0.509
5,307,Johnson,DEF,IPS,4.0,0.1,u,0.0,Has joined Stoke City on loan for the rest of the season,0.0,0.0,0.11778370343918167,0.2790328973444312,0.0,0.0,0.0,0.0,0.43588989435406733,0.0
5,308,Furlong,DEF,IPS,4.0,0.5,a,,,0.0,0.0,0.11778370343918167,0.2790328973444312,0.0,0.0,0.0,0.35,0.8154753215150045,0.087
5,309,Núñez,MID,IPS,5.0,0.1,a,,,1.0,79.0,0.11778370343918167,0.23706513842925175,0.09653608282824007,0.0949609064661788,0.08813476480941429,2.970258760223021,2.49453565646859,0.594
5,310,Matusiwa,MID,IPS,4.9,0.0,i,0.0,Muscular injury - Unknown return date,0.0,0.0,0.11778370343918167,0.17348723329835605,0.0,0.0,0.0,0.0,0.43588989435406733,0.0
5,311,Burns,MID,IPS,5.0,0.0,u,0.0,Has joined Leicester City permanently,0.0,0.0,0.11778370343918167,0.17348723329835605,0.0,0.0,0.0,0.0,0.43588989435406733,0.0
5,312,Taylor,MID,IPS,4.5,0.0,i,0.0,Knee injury - Unknown return date,0.0,0.0,0.11778370343918167,0.17348723329835605,0.0,0.0,0.0,0.0,0.43588989435406733,0.0
5,313,Clarke,MID,IPS,5.5,0.2,a,,,0.0,19.0,0.11778370343918167,0.17348723329835605,0.044483708651325525,0.019219802290068064,0.0,0.6300779501268318,1.2099794862512891,0.115
5,314,Ogbene,MID,IPS,4.9,0.0,u,0.0,Has joined Lincoln City on loan until January,0.0,0.0,0.11778370343918167,0.17348723329835605,0.0,0.0,0.0,0.0,0.43588989435406733,0.0
5,315,Fatawu,MID,IPS,5.5,0.2,a,,,1.0,65.0,0.11778370343918167,0.16014206150617483,0.051352061350588646,0.1503114869705906,0.10950762837648965,2.7902247963766134,2.368446638879394,0.507
5,316,Emersonn,FWD,IPS,5.5,1.7,a,100.0,,1.0,65.0,0.11778370343918167,0.003056546102903719,0.32448874912320463,0.03746052224263305,0.1871845556981318,3.1731451637481927,2.824165063494128,0.577
5,317,Hirst,FWD,IPS,5.0,0.1,u,0.0,Has joined Stoke City permanently,0.0,0.0,0.11778370343918167,0.0033112582781456954,0.0,0.0,0.0,0.0,0.43588989435406733,0.0
5,318,Philogene,MID,IPS,5.4,0.1,i,0.0,Ankle injury - Unknown return date,0.0,0.0,0.11778370343918167,0.17348723329835605,0.0,0.0,0.0,0.0,0.43588989435406733,0.0
5,319,Szmodics,MID,IPS,5.0,0.0,u,0.0,Has joined Derby County on loan for the rest of the season,0.0,0.0,0.11778370343918167,0.17348723329835605,0.0,0.0,0.0,0.0,0.43588989435406733,0.0
5,320,Akpom,FWD,IPS,5.0,1.2,a,,,0.0,24.0,0.11778370343918167,0.0033112582781456954,0.13179343946388147,0.014070860950105894,0.0,0.9193863407058436,1.5929829516113447,0.184
5,321,Walle Egeli,FWD,IPS,4.5,3.4,a,,,0.0,10.0,0.11778370343918167,0.0033112582781456954,0.047226135964349665,0.0062791146437997615,0.0,0.5577418877887979,1.1589074176071243,0.124
5,322,Al-Hamadi,FWD,IPS,5.0,0.1,u,0.0,Has joined Sheffield Wednesday on loan for the rest of the season,0.0,0.0,0.11778370343918167,0.0033112582781456954,0.0,0.0,0.0,0.0,0.43588989435406733,0.0
5,323,McAteer,MID,IPS,4.5,1.2,a,,,0.0,24.0,0.11778370343918167,0.17348723329835605,0.03001767454823847,0.021105364344035746,0.0,0.5634044657732996,1.1182908978699146,0.125
5,324,Mehmeti,MID,IPS,4.9,0.0,a,,,0.0,0.0,0.11778370343918167,0.17348723329835605,0.0,0.0,0.0,0.35,0.8154753215150045,0.071
5,554,Van Oevelen,GK,IPS,4.5,0.0,u,0.0,Has joined Valencia on loan for the rest of the season,0.0,0.0,0.11778370343918167,0.0,0.0,0.0,0.0,0.0,0.43588989435406733,0.0
5,562,Maeda,MID,IPS,5.4,0.3,a,,,1.0,79.0,0.11778370343918167,0.16014206150617483,0.14762469676763829,0.075447422055149,0.10072484810237131,3.0382129984414186,2.580378436905045,0.563
5,564,Scherpen,GK,IPS,4.5,0.6,a,,,1.0,90.0,0.11778370343918167,0.0,0.0,0.0002302631578947368,0.029526517965058573,1.926356568078548,1.913132896416044,0.428
5,571,Florentino,MID,IPS,4.9,0.1,a,100.0,,0.0,0.0,0.11778370343918167,0.4594813371308649,0.0,0.0,0.0,0.35,0.8154753215150045,0.071
5,591,Enciso,MID,IPS,5.5,0.9,a,100.0,,1.0,70.0,0.11778370343918167,0.16014206150617483,0.17573317222752302,0.10908165219086485,0.1399450413321927,3.3188782593778114,2.7129813353915613,0.603
5,592,Ouattara,DEF,IPS,4.0,0.9,a,,,0.0,10.0,0.11778370343918167,0.2790328973444312,0.004739077335341782,0.004447675111871114,0.0,0.391777489347664,0.8790970900717464,0.098
5,602,Humphreys,MID,IPS,4.5,0.0,u,0.0,Has joined Huddersfield Town on loan for the rest of the season,0.0,0.0,0.11778370343918167,0.17348723329835605,0.0,0.0,0.0,0.0,0.43588989435406733,0.0
5,619,Palacios,MID,IPS,5.0,0.0,a,,,0.25,20.0,0.11778370343918167,0.17348723329835605,0.024841821722656168,0.0229780518668456,0.02177366781184586,0.9768113111339191,1.4159775497833231,0.195
5,640,Flemming,FWD,IPS,5.5,0.0,a,,,0.25,20.0,0.11778370343918167,0.0012417218543046358,0.08918241236105273,0.006354309476892909,0.04056217680967064,1.0719259467375404,1.6036688476638945,0.195
5,260,Wilson,MID,LEE,6.3,3.1,a,,,1.0,65.0,0.3488692853593928,0.07167085580419238,0.1408860589724751,0.08909209050957188,0.14633787790031588,3.140878561501763,2.6101696536218104,0.499
5,326,Perri,GK,LEE,4.5,0.4,u,0.0,Has joined Torino on loan for the rest of the season,0.0,0.0,0.3488692853593928,0.0,0.0,0.0,0.0,0.0,0.43588989435406733,0.0
5,327,Bijol,DEF,LEE,5.0,0.9,a,,,1.0,90.0,0.3488692853593928,0.4514233755333287,0.04628268526222158,0.029839390394653904,0.11386004781975462,3.883138852419806,2.7668863242227646,0.777
5,329,Rodon,DEF,LEE,4.4,1.5,i,0.0,Hamstring injury - Expected back 21 Nov,0.0,0.0,0.3488692853593928,0.2966309948474039,0.0,0.0,0.0,0.0,0.43588989435406733,0.0
5,330,Bogle,DEF,LEE,4.5,1.7,a,,,1.0,90.0,0.3488692853593928,0.12155442654848124,0.1376823955390994,0.07203474525949352,0.16061832061935571,3.997922585343073,2.902093603829214,0.888
5,331,Gudmundsson,DEF,LEE,4.5,0.1,a,100.0,,0.0,0.0,0.3488692853593928,0.13370986920332936,0.0,0.0,0.0,0.35,0.8154753215150045,0.078
5,332,Justin,DEF,LEE,4.5,1.5,a,,,1.0,90.0,0.3488692853593928,0.25298165964039926,0.060234795647555295,0.028870007779315122,0.11840400253925285,3.6033545643623004,2.684731354563004,0.801
5,333,Bornauw,DEF,LEE,4.5,0.0,u,0.0,Has joined Hamburg SV on loan for the rest of the season,0.0,0.0,0.3488692853593928,0.2717746730083234,0.0,0.0,0.0,0.0,0.43588989435406733,0.0
5,334,Muharemović,DEF,LEE,5.0,3.6,a,,,1.0,90.0,0.3488692853593928,0.25756882831793654,0.040208558062006856,0.03070420195622441,0.11203678734622916,3.490772896553383,2.621777994381574,0.698
5,335,Stach,MID,LEE,6.0,2.8,a,,,1.0,90.0,0.3488692853593928,0.3270461699895068,0.126504467243917,0.1479401851391116,0.13094255686999928,3.7000101438182535,2.790886252916479,0.617
5,336,Okafor,MID,LEE,5.9,0.3,a,,,0.0,24.0,0.3488692853593928,0.06939489331934243,0.060771233116667794,0.02373790745457171,0.0,0.7250698879470541,1.3199470390130845,0.123
5,337,Aaronson,MID,LEE,5.4,0.6,a,,,1.0,81.0,0.3488692853593928,0.12394748291659202,0.1211081040249392,0.09801127925152471,0.12010002203234191,3.1386974910087826,2.5865370395697647,0.581
5,338,Ampadu,MID,LEE,5.5,1.0,a,,,1.0,90.0,0.3488692853593928,0.46003847499125566,0.054769989677949577,0.06381623895111055,0.07639210855611032,3.2791213103137413,2.5610447922017694,0.596
5,339,Longstaff,MID,LEE,4.9,0.1,a,,,0.0,8.0,0.3488692853593928,0.19437365712287014,0.008732995182204113,0.00941636645687721,0.0,0.4219140752816522,0.924139986218735,0.086
5,341,Gnonto,MID,LEE,5.0,0.0,u,0.0,Has joined ACF Fiorentina on loan for the rest of the season,0.0,0.0,0.3488692853593928,0.14870334282716233,0.0,0.0,0.0,0.0,0.43588989435406733,0.0
5,342,Harrison,MID,LEE,5.0,0.0,u,0.0,Has joined New England Revolution permanently,0.0,0.0,0.3488692853593928,0.16014206150617483,0.0,0.0,0.0,0.0,0.43588989435406733,0.0
5,343,James,MID,LEE,5.0,0.1,a,,,0.0,0.0,0.3488692853593928,0.13878978663868485,0.0,0.0,0.0,0.35,0.8154753215150045,0.07
5,344,Gruev,MID,LEE,5.0,0.0,d,25.0,Knee injury - 25% chance of playing,0.0,0.0,0.3488692853593928,0.11853256921462588,0.0,0.0,0.0,0.0875,0.43588989435406733,0.017
5,345,Tanaka,MID,LEE,4.9,0.2,a,,,0.0,0.0,0.3488692853593928,0.21174361664917804,0.0,0.0,0.0,0.35,0.8154753215150045,0.071
5,346,Calvert-Lewin,FWD,LEE,6.0,23.0,a,,,1.0,90.0,0.3488692853593928,0.0009240720776220546,0.5916140648886031,0.035223303476999146,0.2542800074639001,4.298106470072135,3.4228769598787325,0.716
5,347,Nmecha,FWD,LEE,5.4,0.5,a,,,0.0,0.0,0.3488692853593928,0.001892147587511826,0.0,0.0,0.0,0.35,0.8154753215150045,0.065
5,348,Piroe,FWD,LEE,5.0,0.1,u,0.0,Has joined West Ham United on loan for the rest of the season,0.0,0.0,0.3488692853593928,0.003056546102903719,0.0,0.0,0.0,0.0,0.43588989435406733,0.0
5,349,Mateo Joseph,FWD,LEE,4.5,0.1,i,0.0,Knee injury - Unknown return date,0.0,0.0,0.3488692853593928,0.0033112582781456954,0.0,0.0,0.0,0.0,0.43588989435406733,0.0
5,385,Trafford,GK,LEE,5.0,5.4,a,,,1.0,90.0,0.3488692853593928,0.0,0.0,0.00012792397660818714,0.08726209473166108,2.978795046768756,2.379014625608812,0.596
5,598,Elvedi,DEF,LEE,4.5,0.0,a,,,0.0,0.0,0.3488692853593928,0.2790328973444312,0.0,0.0,0.0,0.35,0.8154753215150045,0.078
5,603,Lienou,DEF,LEE,4.0,0.1,a,,,0.0,0.0,0.3488692853593928,0.2790328973444312,0.0,0.0,0.0,0.35,0.8154753215150045,0.087
5,604,Cresswell,MID,LEE,4.5,0.1,a,,,0.0,0.0,0.3488692853593928,0.17348723329835605,0.0,0.0,0.0,0.35,0.8154753215150045,0.078
5,625,Cairns,GK,LEE,4.0,0.2,a,,,0.25,20.0,0.3488692853593928,0.0,0.0,7.309941520467835e-05,0.021833113229698893,1.0073397065021306,1.3834541706735528,0.252
5,629,Zetterer,GK,LEE,4.0,0.5,a,,,0.25,20.0,0.3488692853593928,0.0,0.0,7.309941520467835e-05,0.021833113229698893,1.0073397065021306,1.3834541706735528,0.252
5,641,Bard,DEF,LEE,4.5,0.0,a,,,0.25,20.0,0.3488692853593928,0.2790328973444312,0.009907478749843447,0.008794984748007748,0.02916842533724096,1.1487147625741223,1.4973319342717208,0.255
5,648,Bahoya,MID,LEE,5.0,0.0,a,,,0.25,20.0,0.3488692853593928,0.17348723329835605,0.028122817044516416,0.025132385761208857,0.029690968238739145,1.060746273694852,1.4778886366324484,0.212
5,350,A.Becker,GK,LIV,5.5,3.9,a,,,1.0,90.0,0.21104841738545374,0.0,0.0,0.002754552363354592,0.05372619767353754,2.385135079326867,2.1287922986334404,0.434
5,351,Mamardashvili,GK,LIV,4.9,0.1,a,,,0.0,0.0,0.21104841738545374,0.0,0.0,0.0,0.0,0.35,0.8154753215150045,0.071
5,352,Woodman,GK,LIV,4.0,1.1,a,,,0.0,0.0,0.21104841738545374,0.0,0.0,0.0,0.0,0.35,0.8154753215150045,0.087
5,353,Pecsi,GK,LIV,4.0,0.0,u,0.0,Has joined TSV Hartberg on loan for the rest of the season,0.0,0.0,0.21104841738545374,0.0,0.0,0.0,0.0,0.0,0.43588989435406733,0.0
5,354,Jaros,GK,LIV,4.0,0.0,i,0.0,Knee injury - Unknown return date,0.0,0.0,0.21104841738545374,0.0,0.0,0.0,0.0,0.0,0.43588989435406733,0.0
5,355,Davies,GK,LIV,4.0,0.2,a,,,0.0,0.0,0.21104841738545374,0.0,0.0,0.0,0.0,0.35,0.8154753215150045,0.087
5,356,Virgil,DEF,LIV,6.5,17.2,a,,,1.0,90.0,0.21104841738545374,0.39898813270849365,0.07836303487887541,0.02890651262226402,0.09030644597176224,3.232288978962017,2.571289028736576,0.497
5,357,Frimpong,DEF,LIV,5.4,2.4,a,,,1.0,90.0,0.21104841738545374,0.1455823812231815,0.03787491146096896,0.09794308340447565,0.10029840254926904,2.7401953246457453,2.3310127810873817,0.507
5,358,Kerkez,DEF,LIV,5.4,2.8,a,,,1.0,90.0,0.21104841738545374,0.12078874355925485,0.02778849297930934,0.042786409488628496,0.07746332021014168,2.4457514163674943,2.194005161565053,0.453
5,359,Gomez,DEF,LIV,5.0,0.0,i,0.0,Muscular injury - Unknown return date,0.0,0.0,0.21104841738545374,0.19696439812548086,0.0,0.0,0.0,0.0,0.43588989435406733,0.0
5,360,Bradley,DEF,LIV,5.0,0.0,i,0.0,Knee injury - Unknown return date,0.0,0.0,0.21104841738545374,0.20706641753015118,0.0,0.0,0.0,0.0,0.43588989435406733,0.0
5,361,Lucky,DEF,LIV,4.0,0.1,a,,,0.0,0.0,0.21104841738545374,0.2790328973444312,0.0,0.0,0.0,0.35,0.8154753215150045,0.087
5,362,Jacquet,DEF,LIV,5.0,2.7,a,100.0,,1.0,69.0,0.21104841738545374,0.25756882831793654,0.025255814579809258,0.0304272893608705,0.07818265179754333,2.6458726731305955,2.2756741784418497,0.529
5,363,Leoni,DEF,LIV,4.0,0.0,i,0.0,Knee injury - Unknown return date,0.0,0.0,0.21104841738545374,0.2790328973444312,0.0,0.0,0.0,0.0,0.43588989435406733,0.0
5,364,Tsimikas,DEF,LIV,4.9,0.1,a,,,0.0,0.0,0.21104841738545374,0.2790328973444312,0.0,0.0,0.0,0.35,0.8154753215150045,0.071
5,365,Ramsay,DEF,LIV,4.0,0.1,u,0.0,Has joined St Mirren on loan for the rest of the season,0.0,0.0,0.21104841738545374,0.2790328973444312,0.0,0.0,0.0,0.0,0.43588989435406733,0.0
5,366,Wirtz,MID,LIV,7.4,8.1,a,,,1.0,62.0,0.21104841738545374,0.07704616998950682,0.16609574261794796,0.1119561881372469,0.16237316139642663,3.234649935673217,2.6725286403492103,0.437
5,367,Gakpo,MID,LIV,7.2,13.6,d,75.0,Thigh injury - 75% chance of playing,0.5,45.0,0.21104841738545374,0.0927692454450062,0.12053055261132266,0.11696777873052142,0.0936768368389181,2.10216291389381,2.1719329759608548,0.292
5,368,Szoboszlai,MID,LIV,7.0,38.4,a,,,1.0,90.0,0.21104841738545374,0.24656830203225047,0.3429873671413332,0.21860971329773887,0.21766381989222058,4.806280015226062,3.3451242475844625,0.687
5,369,Ngumoha,MID,LIV,5.8,0.6,a,,,1.0,62.0,0.21104841738545374,0.11565815553223738,0.1141182247714758,0.1494657443375793,0.15502250346330723,3.1509864105073584,2.5829408681951733,0.543
5,370,Chiesa,MID,LIV,5.4,0.1,i,0.0,Back injury - Unknown return date,0.0,0.0,0.21104841738545374,0.16014206150617483,0.0,0.0,0.0,0.0,0.43588989435406733,0.0
5,371,Gravenberch,MID,LIV,5.9,1.4,a,,,1.0,77.0,0.21104841738545374,0.19743145216478855,0.04147222671590036,0.068422971978352,0.06606196847710316,2.6061304339694895,2.280456354512717,0.442
5,372,Mac Allister,MID,LIV,5.4,1.4,a,,,0.0,27.0,0.21104841738545374,0.14833772681903104,0.030331498276548796,0.04180216686855194,0.0,0.6270639919883998,1.1719260106496707,0.116
5,373,C.Jones,MID,LIV,5.5,0.0,u,0.0,Has joined Internazionale permanently,0.0,0.0,0.21104841738545374,0.20272822665267576,0.0,0.0,0.0,0.0,0.43588989435406733,0.0
5,374,Endo,MID,LIV,5.0,0.1,a,100.0,,0.0,0.0,0.21104841738545374,0.16014206150617483,0.0,0.0,0.0,0.35,0.8154753215150045,0.07
5,375,Nyoni,MID,LIV,4.9,0.0,a,,,0.0,0.0,0.21104841738545374,0.17348723329835605,0.0,0.0,0.0,0.35,0.8154753215150045,0.071
5,376,Bajcetic,MID,LIV,5.0,0.0,u,0.0,Has joined Celta Vigo permanently,0.0,0.0,0.21104841738545374,0.17348723329835605,0.0,0.0,0.0,0.0,0.43588989435406733,0.0
5,377,Munoz,MID,LIV,6.5,1.2,a,,,0.0,27.0,0.21104841738545374,0.17348723329835605,0.04297264240807774,0.03434297662210557,0.0,0.6678921419067054,1.2356500006357816,0.103
5,378,McConnell,MID,LIV,4.5,0.2,a,,,0.0,0.0,0.21104841738545374,0.17348723329835605,0.0,0.0,0.0,0.35,0.8154753215150045,0.078
5,379,Isak,FWD,LIV,9.1,21.9,a,,,1.0,90.0,0.21104841738545374,0.001892147587511826,0.6516006870232897,0.07200476396430369,0.27436674958420304,4.670265341131294,3.5753472936610224,0.513
5,380,Ekitiké,FWD,LIV,7.4,0.1,i,0.0,Achilles injury - Unknown return date,0.0,0.0,0.21104841738545374,0.001281777397991882,0.0,0.0,0.0,0.0,0.43588989435406733,0.0
5,381,Koumas,MID,LIV,5.0,0.0,a,,,0.0,12.0,0.21104841738545374,0.17348723329835605,0.01703440359010182,0.014861617446794838,0.0,0.4797568702908936,1.0068487846212602,0.096
5,382,Danns,FWD,LIV,4.5,0.1,a,100.0,,0.0,0.0,0.21104841738545374,0.0033112582781456954,0.0,0.0,0.0,0.35,0.8154753215150045,0.078
5,383,Elliott,MID,LIV,5.4,0.0,u,0.0,Has joined Valencia on loan for the rest of the season,0.0,0.0,0.21104841738545374,0.17348723329835605,0.0,0.0,0.0,0.0,0.43588989435406733,0.0
5,579,Araujo,DEF,LIV,5.4,2.4,a,,,0.0,20.0,0.21104841738545374,0.2790328973444312,0.008553456654031509,0.008807818313928172,0.0,0.42774419486597354,0.9295346740006737,0.079
5,627,Barcola,MID,LIV,8.0,1.9,a,,,0.25,20.0,0.21104841738545374,0.17348723329835605,0.027310380107674833,0.025947079802181344,0.026246335274142215,1.0239847385349585,1.4523888197939525,0.128
5,155,Enzo,MID,MCI,6.9,3.2,a,,,0.0,25.0,0.482883722865165,0.08684780424638879,0.06559521671875286,0.05160375554403703,0.0,0.8327873502258754,1.4056554576928446,0.121
5,237,Ndiaye,MID,MCI,5.9,9.5,a,,,1.0,90.0,0.482883722865165,0.2018188177684505,0.1783785395994348,0.11533728388810874,0.15108891050715673,3.7745931098985577,2.8708880414261833,0.64
5,384,Donnarumma,GK,MCI,5.5,7.6,a,,,1.0,90.0,0.482883722865165,0.0,0.0,0.0023628542510121457,0.1215479297041455,3.5381620583811455,2.592779958061265,0.643
5,386,Bettinelli,GK,MCI,4.5,0.0,a,,,0.0,0.0,0.482883722865165,0.0,0.0,0.0,0.0,0.35,0.8154753215150045,0.078
5,387,O'Reilly,DEF,MCI,6.4,14.0,a,100.0,,1.0,62.0,0.482883722865165,0.10605840897885792,0.11459944095633676,0.0805172755950504,0.2198528108996573,4.532660004920997,3.0495328585027437,0.708
5,388,Guéhi,DEF,MCI,6.0,18.5,a,,,1.0,90.0,0.482883722865165,0.2989248910027745,0.1481174126937833,0.08231084109930936,0.2013708195438737,5.075540867426676,3.245340062963107,0.846
5,389,Matheus N.,DEF,MCI,5.9,1.0,a,100.0,,0.0,33.0,0.482883722865165,0.17496178019364703,0.010676986922865742,0.038163356408590005,0.0,0.5285519907629644,1.0335911686865493,0.09
5,390,Rúben,DEF,MCI,5.5,1.8,a,,,1.0,90.0,0.482883722865165,0.231899854670366,0.03925398335280014,0.10155761442575154,0.17000498993878432,4.325408714903382,2.907541995987887,0.786
5,391,Gvardiol,DEF,MCI,5.6,20.0,a,,,1.0,90.0,0.482883722865165,0.23512573215308055,0.10938100089939577,0.0596677649836769,0.17988799877536668,4.636319895261509,3.0765717619443302,0.828
5,392,Aït-Nouri,DEF,MCI,5.3,0.5,a,,,0.0,0.0,0.482883722865165,0.19765430764241704,0.0,0.0,0.0,0.35,0.8154753215150045,0.066
5,393,Khusanov,DEF,MCI,5.5,1.6,a,,,1.0,90.0,0.482883722865165,0.30919980622715465,0.023711107051377057,0.0457313825772644,0.14502580208631577,4.181925484561405,2.8439277527699134,0.76
5,394,Alleyne,DEF,MCI,5.0,0.0,u,0.0,Has joined Burnley on loan for the rest of the season,0.0,0.0,0.482883722865165,0.33449190524101347,0.0,0.0,0.0,0.0,0.43588989435406733,0.0
5,395,Lewis,DEF,MCI,4.5,0.2,a,,,0.0,56.0,0.482883722865165,0.20927467300832342,0.043679023650859405,0.05097144399027276,0.0,0.7649884738759747,1.3097909154783096,0.17
5,396,Vitor Reis,DEF,MCI,4.5,0.0,a,,,0.0,0.0,0.482883722865165,0.2790328973444312,0.0,0.0,0.0,0.35,0.8154753215150045,0.078
5,397,Semenyo,MID,MCI,8.4,17.2,a,,,1.0,90.0,0.482883722865165,0.10587180832458902,0.21331437436669606,0.16761692306137094,0.18161432638633992,3.960094119757128,2.967164483768758,0.471
5,398,Foden,MID,MCI,7.0,4.4,a,,,1.0,81.0,0.482883722865165,0.14519562284515064,0.31894266961692896,0.235266834664421,0.26381429061815254,4.845741113767089,3.334750985284965,0.692
5,399,Cherki,MID,MCI,7.8,29.8,a,,,0.0,27.0,0.482883722865165,0.1457802428421526,0.0649444716745441,0.15425730291168452,0.0,1.137494267107774,1.5971555771283006,0.146
5,400,Doku,MID,MCI,7.4,0.8,i,0.0,Calf injury - Expected back 20 Sep,0.0,0.0,0.482883722865165,0.06939489331934243,0.0,0.0,0.0,0.0,0.43588989435406733,0.0
5,402,Rodrigo,MID,MCI,6.5,0.0,u,0.0,Has joined Barcelona permanently,0.0,0.0,0.482883722865165,0.3600659571278669,0.0,0.0,0.0,0.0,0.43588989435406733,0.0
5,404,Reijnders,MID,MCI,6.0,0.0,u,0.0,Has joined Al Qadsiah permanently,0.0,0.0,0.482883722865165,0.10627057929587147,0.0,0.0,0.0,0.0,0.43588989435406733,0.0
5,406,Kovačić,MID,MCI,5.4,0.1,a,,,0.0,27.0,0.482883722865165,0.17348723329835605,0.024845406100155898,0.03956022434583031,0.0,0.5929077035382704,1.1294233366296489,0.11
5,407,Echeverri,MID,MCI,4.9,0.0,u,0.0,Has joined Benfica on loan for the rest of the season,0.0,0.0,0.482883722865165,0.17348723329835605,0.0,0.0,0.0,0.0,0.43588989435406733,0.0
5,408,Phillips,MID,MCI,5.0,0.0,u,0.0,Has joined Sheffield United on loan for the rest of the season,0.0,0.0,0.482883722865165,0.17348723329835605,0.0,0.0,0.0,0.0,0.43588989435406733,0.0
5,409,Mukasa,MID,MCI,4.5,0.1,u,0.0,has joined West Ham on loan for the rest of the seaon.,0.0,0.0,0.482883722865165,0.17348723329835605,0.0,0.0,0.0,0.0,0.43588989435406733,0.0
5,410,Monga,MID,MCI,4.9,0.0,u,0.0,Has joined Swansea City on loan for the rest of the season,0.0,0.0,0.482883722865165,0.17348723329835605,0.0,0.0,0.0,0.0,0.43588989435406733,0.0
5,411,Haaland,FWD,MCI,15.5,71.3,a,,,1.0,90.0,0.482883722865165,0.0008638065073423554,0.8544851659244428,0.10226751987452759,0.3831518123161561,5.67948443961102,3.9897282402198266,0.366
5,481,Anderson,MID,MCI,6.3,4.5,a,100.0,,1.0,62.0,0.482883722865165,0.5616369359916055,0.04497855738145518,0.10717998072373847,0.12559472632383262,3.7196924426628297,2.708742694562942,0.59
5,587,Rulli,GK,MCI,5.0,0.0,a,,,0.0,0.0,0.482883722865165,0.0,0.0,0.0,0.0,0.35,0.8154753215150045,0.07
5,616,Bouaddi,MID,MCI,5.5,0.2,a,,,0.25,20.0,0.482883722865165,0.17348723329835605,0.027435370405650458,0.02717976694877437,0.0335768034049339,1.0981603398557414,1.500372243198271,0.2
5,621,McAidoo,MID,MCI,4.5,0.1,a,,,0.25,20.0,0.482883722865165,0.17348723329835605,0.030006254218910594,0.02482521215746075,0.033661982957325344,1.1040362741004923,1.5092072243745716,0.245
5,622,Braithwaite,DEF,MCI,4.0,0.2,a,,,0.25,20.0,0.482883722865165,0.2790328973444312,0.009896470440121399,0.008785212542732184,0.037536145353571415,1.3112535506452019,1.5971100678621408,0.328
5,628,Allan,MID,MCI,6.0,0.0,a,,,0.25,20.0,0.482883722865165,0.17348723329835605,0.028122817044516416,0.025132385761208857,0.03304132917638345,1.094919955258824,1.4996949080592572,0.182
5,653,Samba,MID,MCI,4.5,0.0,a,,,0.25,20.0,0.482883722865165,0.17348723329835605,0.028122817044516416,0.025132385761208857,0.03304132917638345,1.094919955258824,1.4996949080592572,0.243
5,43,Tielemans,MID,MUN,5.9,1.7,a,100.0,,1.0,66.0,0.251433241499004,0.12369232726000827,0.08580706815984494,0.10689304862203645,0.11711383443216197,2.8957407854349944,2.4529064191863412,0.491
5,131,Baleba,MID,MUN,5.0,0.1,i,0.0,Ankle injury - Expected back 19 Sep,0.0,0.0,0.251433241499004,0.22525358516963973,0.0,0.0,0.0,0.0,0.43588989435406733,0.0
5,162,Andrey Santos,MID,MUN,4.9,0.7,a,,,1.0,66.0,0.251433241499004,0.17007694998251136,0.09306464319287985,0.06846757826821617,0.10223824802905987,2.887224368945012,2.458478017016382,0.589
5,325,Darlow,GK,MUN,4.5,0.0,a,100.0,,0.0,0.0,0.251433241499004,0.0,0.0,0.0,0.0,0.35,0.8154753215150045,0.078
5,412,Lammens,GK,MUN,5.0,11.9,a,,,1.0,90.0,0.251433241499004,0.0,0.0,3.1116642958748205e-05,0.06286920119978656,2.557789238436326,2.2044953057398464,0.512
5,413,Bayindir,GK,MUN,4.5,0.0,u,0.0,Has joined Celta Vigo on loan for the rest of the season,0.0,0.0,0.251433241499004,0.0,0.0,0.0,0.0,0.0,0.43588989435406733,0.0
5,414,Heaton,GK,MUN,4.0,0.1,i,0.0,Hamstring injury - Unknown return date,0.0,0.0,0.251433241499004,0.0,0.0,0.0,0.0,0.0,0.43588989435406733,0.0
5,415,Dorgu,MID,MUN,5.8,0.6,a,,,0.0,45.0,0.251433241499004,0.08007103075308741,0.08467087530016183,0.058036078950410984,0.0,0.9474626133520421,1.5192775313187024,0.163
5,416,De Ligt,DEF,MUN,5.0,0.0,i,0.0,Back injury - Unknown return date,0.0,0.0,0.251433241499004,0.293935790725327,0.0,0.0,0.0,0.0,0.43588989435406733,0.0
5,417,Dalot,DEF,MUN,4.9,1.9,a,,,0.0,10.0,0.251433241499004,0.15870986920332936,0.007557803916716183,0.008543955234668865,0.0,0.4209786892043037,0.9193510390424726,0.086
5,418,Maguire,DEF,MUN,4.9,11.7,a,,,1.0,90.0,0.251433241499004,0.35463733650416174,0.057756844448805994,0.05751088074813013,0.10320201419367864,3.3505323198821695,2.5908594084722076,0.684
5,419,Martinez,DEF,MUN,5.0,1.2,a,100.0,,0.0,0.0,0.251433241499004,0.30618311533888226,0.0,0.0,0.0,0.35,0.8154753215150045,0.07
5,420,Yoro,DEF,MUN,4.9,0.5,a,,,0.0,0.0,0.251433241499004,0.21891016441838534,0.0,0.0,0.0,0.35,0.8154753215150045,0.071
5,421,Heaven,DEF,MUN,4.4,0.3,a,,,1.0,90.0,0.251433241499004,0.3629736855710076,0.04794306694060409,0.024415113517377598,0.08818367353504458,3.192682894765063,2.5206657655661617,0.726
5,422,Mazraoui,DEF,MUN,4.4,0.6,a,,,1.0,79.0,0.251433241499004,0.18906064209274673,0.03715692645920824,0.045654274133457344,0.09587796630726955,2.879377826497152,2.386159975588359,0.654
5,423,Shaw,DEF,MUN,4.4,13.3,a,,,1.0,90.0,0.251433241499004,0.16696789536266352,0.018498482076013883,0.09796550990104463,0.10362070756672148,2.8914529547768466,2.3674356393642664,0.657
5,424,Amass,DEF,MUN,4.0,0.2,a,,,0.0,0.0,0.251433241499004,0.2790328973444312,0.0,0.0,0.0,0.35,0.8154753215150045,0.087
5,425,Fredricson,DEF,MUN,4.0,0.0,u,0.0,Has joined Lausanne-Sport permanently,0.0,0.0,0.251433241499004,0.2790328973444312,0.0,0.0,0.0,0.0,0.43588989435406733,0.0
5,426,B.Fernandes,MID,MUN,12.0,44.6,a,,,1.0,90.0,0.251433241499004,0.15067759148043133,0.5309436762340174,0.3259484846765394,0.3250555804685953,6.0361847661713774,3.8281082943315123,0.503
5,427,Mbeumo,MID,MUN,7.9,24.7,a,,,1.0,90.0,0.251433241499004,0.04731469999046074,0.47549723489200146,0.1919337796195975,0.25874417922896004,5.100409322709291,3.541717256148444,0.646
5,428,Cunha,MID,MUN,7.9,6.8,a,,,1.0,79.0,0.251433241499004,0.07516699511171397,0.2155103969895996,0.133707969452026,0.16438862216143466,3.5826903686501477,2.8460804771427104,0.454
5,429,Rashford,MID,MUN,7.0,1.6,a,,,0.0,45.0,0.251433241499004,0.17348723329835605,0.11343141216386744,0.08649484632352131,0.0,1.1766415997899011,1.707690695818191,0.168
5,430,Mount,MID,MUN,5.4,0.0,a,100.0,,0.0,0.0,0.251433241499004,0.1855384908900124,0.0,0.0,0.0,0.35,0.8154753215150045,0.065
5,431,Amad,MID,MUN,5.8,0.4,i,0.0,Unspecified injury - Unknown return date,0.0,0.0,0.251433241499004,0.05948133713086493,0.0,0.0,0.0,0.0,0.43588989435406733,0.0
5,432,Mainoo,MID,MUN,5.5,1.3,a,,,0.0,23.0,0.251433241499004,0.2886373856992955,0.014770644832865953,0.02655170060092481,0.0,0.5035083259671042,1.0223940963907674,0.092
5,433,Ugarte,MID,MUN,5.0,0.0,i,0.0,Knee injury - Unknown return date,0.0,0.0,0.251433241499004,0.30409233997901364,0.0,0.0,0.0,0.0,0.43588989435406733,0.0
5,434,J.Fletcher,MID,MUN,4.9,0.0,a,,,0.0,0.0,0.251433241499004,0.17348723329835605,0.0,0.0,0.0,0.35,0.8154753215150045,0.071
5,435,Lacey,MID,MUN,4.9,0.1,a,,,0.0,10.0,0.251433241499004,0.17348723329835605,0.014788195267946514,0.011613968817873185,0.0,0.4587828827933521,0.9800084943075994,0.094
5,436,Collyer,MID,MUN,5.0,0.0,u,0.0,Has joined West Brom permanently,0.0,0.0,0.251433241499004,0.17348723329835605,0.0,0.0,0.0,0.0,0.43588989435406733,0.0
5,437,Bendito Mantato,MID,MUN,4.5,0.2,a,,,0.0,0.0,0.251433241499004,0.17348723329835605,0.0,0.0,0.0,0.35,0.8154753215150045,0.078
5,438,Fletcher,MID,MUN,4.5,0.3,a,,,0.0,0.0,0.251433241499004,0.17348723329835605,0.0,0.0,0.0,0.35,0.8154753215150045,0.078
5,439,Šeško,FWD,MUN,7.0,1.7,a,100.0,,0.0,23.0,0.251433241499004,0.0015282730514518594,0.12663584916530518,0.006188318521519716,0.0,0.8751083522257799,1.556444976290782,0.125
5,440,Zirkzee,FWD,MUN,5.4,0.4,a,,,0.0,0.0,0.251433241499004,0.0024834437086092716,0.0,0.0,0.0,0.35,0.8154753215150045,0.065
5,441,Obi,FWD,MUN,4.5,1.2,a,,,0.0,0.0,0.251433241499004,0.0033112582781456954,0.0,0.0,0.0,0.35,0.8154753215150045,0.078
5,405,N.Gonzalez,MID,NEW,5.5,0.3,a,,,0.0,0.0,0.4094539673972379,0.3131671310200094,0.0,0.0,0.0,0.35,0.8154753215150045,0.064
5,442,Pope,GK,NEW,4.9,1.0,a,,,0.0,0.0,0.4094539673972379,0.0,0.0,0.0,0.0,0.35,0.8154753215150045,0.071
5,443,Gillespie,GK,NEW,4.5,0.0,a,,,0.0,0.0,0.4094539673972379,0.0,0.0,0.0,0.0,0.35,0.8154753215150045,0.078
5,444,Jaouen,GK,NEW,4.5,0.0,d,50.0,Ankle injury - 50% chance of playing,0.0,0.0,0.4094539673972379,0.0,0.0,0.0,0.0,0.175,0.5766281297335397,0.039
5,445,Thiaw,DEF,NEW,5.0,2.1,a,,,1.0,90.0,0.4094539673972379,0.36329766151407056,0.09271721392555025,0.02737324666870817,0.1443951530572999,4.308769902490548,2.956850706120507,0.862
5,446,Schär,DEF,NEW,5.0,0.2,a,100.0,,0.0,1.0,0.4094539673972379,0.40645194644057286,0.001146002465209472,0.0004036384428526118,0.0,0.35808693011981463,0.829000109782203,0.072
5,447,Botman,DEF,NEW,5.0,0.7,a,,,1.0,90.0,0.4094539673972379,0.46510287176161136,0.0594227934450679,0.04786160640960718,0.13991303179844575,4.353307924426972,2.937315409873726,0.871
5,448,Burn,DEF,NEW,4.9,0.9,i,0.0,Ankle injury - Expected back 14 Sep,0.0,0.0,0.4094539673972379,0.3707887435592549,0.0,0.0,0.0,0.0,0.43588989435406733,0.0
5,449,Hall,DEF,NEW,5.1,12.6,a,,,1.0,90.0,0.4094539673972379,0.2596776324481438,0.02478576112717103,0.17826865639528394,0.1734325379821687,4.192243946323565,2.848504531289673,0.822
5,450,Livramento,DEF,NEW,4.9,0.1,a,100.0,,0.0,0.0,0.4094539673972379,0.16724595262050673,0.0,0.0,0.0,0.35,0.8154753215150045,0.071
5,451,A.Murphy,DEF,NEW,4.0,0.1,u,0.0,Has joined FC Kaiserslautern on loan for the rest of the season,0.0,0.0,0.4094539673972379,0.2790328973444312,0.0,0.0,0.0,0.0,0.43588989435406733,0.0
5,453,Barnes,MID,NEW,6.0,2.2,a,,,1.0,90.0,0.4094539673972379,0.06715634837355719,0.23251051197506675,0.12275552370786438,0.16528850922874969,3.76637297124048,2.9242386559936095,0.628
5,454,Elanga,MID,NEW,6.1,11.1,a,,,1.0,75.0,0.4094539673972379,0.08674361664917803,0.12731540215354448,0.1252309274558806,0.1470148551756823,3.265590552950993,2.6397943979651433,0.535
5,456,J.Ramsey,MID,NEW,4.9,0.4,a,,,0.0,34.0,0.4094539673972379,0.16327387198321092,0.03701113095632695,0.043638555465002345,0.0,0.6659713211766418,1.2195951360896702,0.136
5,457,J.Murphy,MID,NEW,5.9,0.1,a,,,0.0,14.0,0.4094539673972379,0.07178782067518182,0.029255657442884206,0.03164767808593199,0.0,0.591221321472217,1.1396729598681006,0.1
5,458,Joelinton,MID,NEW,5.4,0.0,i,0.0,Unspecified injury - Unknown return date,0.0,0.0,0.4094539673972379,0.3150577124868835,0.0,0.0,0.0,0.0,0.43588989435406733,0.0
5,459,L.Miley,MID,NEW,5.5,0.1,a,100.0,,1.0,75.0,0.4094539673972379,0.2886373856992955,0.06816824001495538,0.08032154544537552,0.10331110663306275,3.1629073827361283,2.533482478188546,0.575
5,460,Willock,MID,NEW,5.0,0.5,a,,,0.0,34.0,0.4094539673972379,0.10409233997901364,0.05901028116516989,0.03626858088524463,0.0,0.7538571484815833,1.3365591154550656,0.151
5,461,Touré,MID,NEW,5.8,0.1,a,,,0.0,0.0,0.4094539673972379,0.17348723329835605,0.0,0.0,0.0,0.35,0.8154753215150045,0.06
5,462,Steur,MID,NEW,4.9,0.1,a,,,0.0,55.0,0.4094539673972379,0.17348723329835605,0.06986176467475287,0.06243303496180301,0.0,0.8866079282591733,1.4504225769550563,0.181
5,463,Woltemade,FWD,NEW,5.9,0.7,u,0.0,Has joined Juventus on loan for the rest of the season,0.0,0.0,0.4094539673972379,0.0012040939193257074,0.0,0.0,0.0,0.0,0.43588989435406733,0.0
5,464,Wissa,FWD,NEW,6.2,17.4,a,,,1.0,90.0,0.4094539673972379,0.002337358784573432,0.5284279790796628,0.05552851491839529,0.24533016963904408,4.099928370876498,3.3106542826370924,0.661
5,465,Osula,FWD,NEW,5.9,0.4,i,0.0,Foot injury - Unknown return date,0.0,0.0,0.4094539673972379,0.001986754966887417,0.0,0.0,0.0,0.0,0.43588989435406733,0.0
5,466,Neave,FWD,NEW,4.5,0.7,u,0.0,Has joined Wolves on loan for the rest of the season,0.0,0.0,0.4094539673972379,0.0033112582781456954,0.0,0.0,0.0,0.0,0.43588989435406733,0.0
5,559,Bamba,MID,NEW,4.9,0.1,a,,,0.0,14.0,0.4094539673972379,0.17348723329835605,0.019379745701121203,0.017319006276779705,0.0,0.49885574733594507,1.0315543583083844,0.102
5,567,Horníček,GK,NEW,5.0,1.3,a,,,1.0,90.0,0.4094539673972379,0.0,0.0,0.0002302631578947368,0.10244408395457263,3.231711457366386,2.477953141000881,0.646
5,593,Dedić,DEF,NEW,4.5,3.3,d,75.0,Hamstring injury - 75% chance of playing,0.5,45.0,0.4094539673972379,0.25756882831793654,0.023104279031003427,0.018352100978112205,0.0656914789278452,2.0125787924446707,1.9906092986397141,0.447
5,609,Shahar,DEF,NEW,4.0,0.3,a,,,0.0,0.0,0.4094539673972379,0.2790328973444312,0.0,0.0,0.0,0.35,0.8154753215150045,0.087
5,634,Fernandez-Pardo,FWD,NEW,6.0,0.1,a,,,0.25,20.0,0.4094539673972379,0.0033112582781456954,0.09264812740871292,0.012318352997836386,0.05156690084500974,1.1156376482813177,1.6357262289841723,0.186
5,167,Delap,FWD,NFO,5.5,0.8,a,,,0.0,0.0,0.954714136637235,0.001806140878988561,0.0,0.0,0.0,0.35,0.8154753215150045,0.064
5,201,Muñoz,DEF,NFO,5.4,5.8,a,,,0.0,54.0,0.954714136637235,0.2723261781087678,0.07694475574291526,0.061684725881832894,0.0,0.9967227121029902,1.534744828123937,0.185
5,467,Sels,GK,NFO,5.0,1.4,a,,,1.0,90.0,0.954714136637235,0.0,0.0,0.0030998345450592973,0.23976347625007952,5.345522718962508,3.1869253467925422,1.069
5,468,John,GK,NFO,4.5,0.1,a,,,0.0,0.0,0.954714136637235,0.0,0.0,0.0,0.0,0.35,0.8154753215150045,0.078
5,469,N.Williams,DEF,NFO,5.0,8.2,a,,,1.0,90.0,0.954714136637235,0.15634882485389734,0.05765676191762588,0.08161847314217288,0.28742486643023835,6.248292603228486,3.495382170470044,1.25
5,470,Morato,DEF,NFO,5.0,0.0,u,0.0,Has joined West Ham on loan for the rest of the season,0.0,0.0,0.954714136637235,0.3980151833897375,0.0,0.0,0.0,0.0,0.43588989435406733,0.0
5,471,Milenković,DEF,NFO,5.5,1.6,a,,,1.0,90.0,0.954714136637235,0.3269678953626635,0.0569313558529564,0.017157496978378893,0.2646096326502761,6.341681094305255,3.520054291384967,1.153
5,472,Murillo,DEF,NFO,5.5,1.6,a,100.0,,1.0,90.0,0.954714136637235,0.3707887435592549,0.06237258604168231,0.046787080373783624,0.2768844174047218,6.556122371059999,3.582020103414286,1.192
5,473,Aina,DEF,NFO,4.5,2.7,a,,,1.0,73.0,0.954714136637235,0.17252886348816693,0.01781479284524066,0.0790698574993585,0.2804849243764988,6.024426270899048,3.3990143676924394,1.339
5,474,Jair Cunha,DEF,NFO,4.5,0.2,a,,,1.0,90.0,0.954714136637235,0.25578792753724555,0.035213538514422285,0.016853621245125502,0.2569020400751505,6.071783829700395,3.427487491956358,1.349
5,475,Savona,DEF,NFO,4.5,0.0,i,0.0,Knee injury - Unknown return date,0.0,0.0,0.954714136637235,0.15219976218787157,0.0,0.0,0.0,0.0,0.43588989435406733,0.0
5,476,O.Richards,DEF,NFO,4.0,0.2,a,,,0.0,0.0,0.954714136637235,0.2790328973444312,0.0,0.0,0.0,0.35,0.8154753215150045,0.087
5,477,Abbott,DEF,NFO,4.0,0.2,u,0.0,Has joined Southampton on loan for the rest of the season,0.0,0.0,0.954714136637235,0.25756882831793654,0.0,0.0,0.0,0.0,0.43588989435406733,0.0
5,478,Netz,DEF,NFO,4.5,0.0,a,,,0.0,16.0,0.954714136637235,0.28989298454221163,0.004343004383493018,0.011843159219826836,0.0,0.4115875039604386,0.8989295210559008,0.091
5,479,Bindon,DEF,NFO,4.0,0.1,u,0.0,Has joined Charlton Athletic on loan for the rest of the season,0.0,0.0,0.954714136637235,0.2790328973444312,0.0,0.0,0.0,0.0,0.43588989435406733,0.0
5,480,Gibbs-White,MID,NFO,7.9,9.4,a,100.0,,1.0,90.0,0.954714136637235,0.06420514165792235,0.4169358334372506,0.10024940842564647,0.2764862483157375,5.228388107135763,3.5264078612919203,0.662
5,482,Hudson-Odoi,MID,NFO,5.9,0.2,a,100.0,,0.0,0.0,0.954714136637235,0.07178782067518182,0.0,0.0,0.0,0.35,0.8154753215150045,0.059
5,483,Ndoye,MID,NFO,5.5,0.7,a,,,1.0,61.0,0.954714136637235,0.09051507824262055,0.0740591018148492,0.10524465435172421,0.18806269758580652,3.4889769193879028,2.659588456458275,0.634
5,484,Hutchinson,MID,NFO,5.4,0.1,u,0.0,Has joined AC Milan on loan for the rest of the season,0.0,0.0,0.954714136637235,0.11414247405852862,0.0,0.0,0.0,0.0,0.43588989435406733,0.0
5,485,Bakwa,MID,NFO,5.5,0.0,u,0.0,Has joined Lille on loan for the rest of the season,0.0,0.0,0.954714136637235,0.13011542497376705,0.0,0.0,0.0,0.0,0.43588989435406733,0.0
5,486,McAtee,MID,NFO,5.5,0.1,a,,,1.0,73.0,0.954714136637235,0.14870334282716233,0.18727613508045135,0.1380330982878479,0.23584457600757863,4.308275702781613,3.051127766214941,0.783
5,487,Dominguez,MID,NFO,4.9,0.1,a,,,0.0,0.0,0.954714136637235,0.15409233997901364,0.0,0.0,0.0,0.35,0.8154753215150045,0.071
5,488,I.Sangaré,MID,NFO,4.9,0.5,a,100.0,,1.0,90.0,0.954714136637235,0.31662419427372207,0.05025903896479922,0.06814315193105994,0.13691218047727421,3.623562354264355,2.6807317484021165,0.74
5,489,Yates,MID,NFO,4.5,1.4,a,100.0,,0.0,0.0,0.954714136637235,0.2054564533053515,0.0,0.0,0.0,0.35,0.8154753215150045,0.078
5,490,Wood,FWD,NFO,5.9,1.1,a,,,0.0,28.0,0.954714136637235,0.001806140878988561,0.1266808815423256,0.013890364479820606,0.0,0.8983946196087642,1.5706798103084554,0.152
5,491,Igor Jesus,FWD,NFO,5.9,2.6,a,,,1.0,90.0,0.954714136637235,0.0010739216037229282,0.31287098458841667,0.04585985209520361,0.22102720650299063,3.1820667168931185,2.814809526349416,0.539
5,493,Kalimuendo,FWD,NFO,5.4,0.1,a,,,0.0,1.0,0.954714136637235,0.0033112582781456954,0.00479810347778169,0.000566596079166875,0.0,0.37089220214862734,0.8564366905668405,0.069
5,558,Schlager,MID,NFO,5.0,0.1,a,,,0.0,16.0,0.954714136637235,0.17348723329835605,0.019147275930277142,0.01688876999338463,0.0,0.49640268963153955,1.0286149745563633,0.099
5,581,Diomande,DEF,NFO,5.4,0.5,a,,,0.0,0.0,0.954714136637235,0.2790328973444312,0.0,0.0,0.0,0.35,0.8154753215150045,0.065
5,590,Benda,GK,NFO,4.5,0.1,a,,,0.0,0.0,0.954714136637235,0.0,0.0,0.0,0.0,0.35,0.8154753215150045,0.078
5,112,Van Hecke,DEF,TOT,4.9,6.9,a,,,1.0,90.0,0.2230470435326677,0.33364070955373826,0.06718336119756844,0.03624273276137477,0.09196089376879704,3.1369935095217722,2.522575635194469,0.64
5,147,Tosin,DEF,TOT,4.4,0.2,a,,,0.0,0.0,0.2230470435326677,0.3341260404280618,0.0,0.0,0.0,0.35,0.8154753215150045,0.08
5,401,Marmoush,FWD,TOT,7.0,2.2,a,,,0.0,0.0,0.2230470435326677,0.002337358784573432,0.0,0.0,0.0,0.35,0.8154753215150045,0.05
5,403,Sávio,MID,TOT,6.5,0.7,a,100.0,,0.0,0.0,0.2230470435326677,0.11565815553223738,0.0,0.0,0.0,0.35,0.8154753215150045,0.054
5,455,Tonali,MID,TOT,5.4,2.6,a,,,1.0,90.0,0.2230470435326677,0.15204616998950682,0.08727617185015832,0.07993643359551621,0.08082911625925285,2.81198750912734,2.4220721084317236,0.521
5,494,Vicario,GK,TOT,4.5,0.2,u,0.0,Has joined Juventus on loan for the rest of the season,0.0,0.0,0.2230470435326677,0.0,0.0,0.0,0.0,0.0,0.43588989435406733,0.0
5,495,Austin,GK,TOT,4.0,1.0,a,,,0.0,0.0,0.2230470435326677,0.0,0.0,0.0,0.0,0.35,0.8154753215150045,0.087
5,496,Kinsky,GK,TOT,4.5,18.4,a,,,1.0,90.0,0.2230470435326677,0.0,0.0,0.0004528508771929824,0.055920258690184466,2.4320199010788177,2.1496134099064776,0.54
5,497,Dubravka,GK,TOT,4.0,17.9,a,,,0.0,0.0,0.2230470435326677,0.0,0.0,0.0,0.0,0.35,0.8154753215150045,0.087
5,498,Senesi,DEF,TOT,5.9,4.7,a,,,1.0,90.0,0.2230470435326677,0.6069678953626635,0.04338491634405901,0.09231788054188063,0.10325773979324579,3.676647151655104,2.6918282051812024,0.623
5,499,Pedro Porro,DEF,TOT,5.5,11.4,a,100.0,,0.0,0.0,0.2230470435326677,0.2639161573984459,0.0,0.0,0.0,0.35,0.8154753215150045,0.064
5,500,Romero,DEF,TOT,5.0,0.1,u,0.0,Has joined Atletico Madrid permanently,0.0,0.0,0.2230470435326677,0.38588733650416174,0.0,0.0,0.0,0.0,0.43588989435406733,0.0
5,502,Robertson,DEF,TOT,4.5,2.8,a,,,1.0,90.0,0.2230470435326677,0.19765430764241704,0.048804876553889466,0.11945181886602063,0.11465160428013545,3.0488255909681437,2.466900460529936,0.678
5,503,Van de Ven,DEF,TOT,5.0,3.8,a,100.0,,0.0,0.0,0.2230470435326677,0.14107543929184832,0.0,0.0,0.0,0.35,0.8154753215150045,0.07
5,505,Spence,DEF,TOT,4.5,0.3,u,0.0,Has joined Internazionale permanently,0.0,0.0,0.2230470435326677,0.12789396376862278,0.0,0.0,0.0,0.0,0.43588989435406733,0.0
5,506,Udogie,DEF,TOT,4.5,0.4,a,,,0.0,4.0,0.2230470435326677,0.133935790725327,0.0006955717047865069,0.0031051278265129597,0.0,0.36348881370825786,0.833547944796464,0.081
5,507,Phillips,DEF,TOT,4.5,0.0,u,0.0,Has joined Middlesbrough permanently,0.0,0.0,0.2230470435326677,0.2790328973444312,0.0,0.0,0.0,0.0,0.43588989435406733,0.0
5,508,Davies,DEF,TOT,4.0,0.9,a,,,0.0,0.0,0.2230470435326677,0.25756882831793654,0.0,0.0,0.0,0.35,0.8154753215150045,0.087
5,509,Byfield,DEF,TOT,4.0,0.1,a,,,0.0,0.0,0.2230470435326677,0.2790328973444312,0.0,0.0,0.0,0.35,0.8154753215150045,0.087
5,510,Rowswell,DEF,TOT,4.0,0.1,a,,,0.0,0.0,0.2230470435326677,0.2790328973444312,0.0,0.0,0.0,0.35,0.8154753215150045,0.087
5,511,Souza,DEF,TOT,4.0,0.2,u,0.0,Has joined FC Porto on loan for the rest of the season,0.0,0.0,0.2230470435326677,0.2790328973444312,0.0,0.0,0.0,0.0,0.43588989435406733,0.0
5,512,Kudus,MID,TOT,6.5,0.1,a,100.0,,0.0,0.0,0.2230470435326677,0.07178782067518182,0.0,0.0,0.0,0.35,0.8154753215150045,0.054
5,513,Xavi,MID,TOT,6.0,0.0,i,0.0,Knee injury - Unknown return date,0.0,0.0,0.2230470435326677,0.16939489331934243,0.0,0.0,0.0,0.0,0.43588989435406733,0.0
5,514,Tel,MID,TOT,5.8,0.3,a,,,1.0,90.0,0.2230470435326677,0.08327387198321091,0.17133788675299141,0.12590819068083217,0.12634083145510502,3.289182041761721,2.6976792247903045,0.567
5,515,Maddison,MID,TOT,6.3,0.5,d,75.0,Shoulder injury - 75% chance of playing,0.0,11.0,0.2230470435326677,0.17348723329835605,0.030001814745636166,0.030886154874761675,0.0,0.41766753835246584,0.9867011763160628,0.066
5,516,Bentancur,MID,TOT,5.5,0.2,a,,,0.0,45.0,0.2230470435326677,0.4570256605933416,0.02431190533833241,0.023119623535873542,0.0,0.5409183972992826,1.0833357683094522,0.098
5,517,Odobert,MID,TOT,5.5,0.0,i,0.0,Knee injury - Unknown return date,0.0,0.0,0.2230470435326677,0.10409233997901364,0.0,0.0,0.0,0.0,0.43588989435406733,0.0
5,518,P.M.Sarr,MID,TOT,4.9,0.1,u,0.0,Has joined Juventus on loan for the rest of the season,0.0,0.0,0.2230470435326677,0.2432738719832109,0.0,0.0,0.0,0.0,0.43588989435406733,0.0
5,519,Gallagher,MID,TOT,5.4,0.2,a,,,0.0,45.0,0.2230470435326677,0.16327387198321092,0.04474213781237413,0.0356016121182887,0.0,0.6805155254167368,1.24957285708599,0.126
5,520,Bergvall,MID,TOT,5.4,0.2,a,,,0.0,45.0,0.2230470435326677,0.14675460950382252,0.042220972992205084,0.030293364128239072,0.0,0.6519849573457426,1.221514329392063,0.121
5,521,Kulusevski,MID,TOT,6.5,0.0,i,0.0,Knee injury - Unknown return date,0.0,0.0,0.2230470435326677,0.17348723329835605,0.0,0.0,0.0,0.0,0.43588989435406733,0.0
5,522,Gray,MID,TOT,5.0,0.2,a,,,1.0,85.0,0.2230470435326677,0.07435167141358116,0.04162005385242681,0.04095809767097726,0.05290719580017533,2.295892113526284,2.147537040149599,0.459
5,523,Moore,MID,TOT,5.0,0.1,u,0.0,Has joined FC Köln on loan for the rest of the season,0.0,0.0,0.2230470435326677,0.16014206150617483,0.0,0.0,0.0,0.0,0.43588989435406733,0.0
5,524,Olusesi,MID,TOT,4.5,0.7,a,,,0.0,0.0,0.2230470435326677,0.17348723329835605,0.0,0.0,0.0,0.35,0.8154753215150045,0.078
5,525,Fernandes,MID,TOT,5.8,1.0,a,,,0.0,45.0,0.2230470435326677,0.3713444956430494,0.0408564229488938,0.05429392316680321,0.0,0.7171638842448786,1.2679707874232087,0.124
5,526,Solanke,FWD,TOT,5.9,0.9,a,,,0.0,22.0,0.2230470435326677,0.001806140878988561,0.127172653074355,0.010087958658888103,0.0,0.8889544882740843,1.5659021189611086,0.151
5,527,Richarlison,FWD,TOT,5.9,1.1,u,0.0,not included in squad.,0.0,0.0,0.2230470435326677,0.0012417218543046358,0.0,0.0,0.0,0.0,0.43588989435406733,0.0
5,528,Scarlett,FWD,TOT,4.5,1.4,u,0.0,Has joined Leyton Orient permanently,0.0,0.0,0.2230470435326677,0.0033112582781456954,0.0,0.0,0.0,0.0,0.43588989435406733,0.0
5,578,Mudryk,MID,TOT,5.4,0.1,a,,,0.0,0.0,0.2230470435326677,0.17348723329835605,0.0,0.0,0.0,0.35,0.8154753215150045,0.065
5,601,Williams-Barnett,MID,TOT,4.5,0.1,a,,,0.0,0.0,0.2230470435326677,0.17348723329835605,0.0,0.0,0.0,0.35,0.8154753215150045,0.078
5,501,Danso,DEF,SUN,5.0,0.2,a,,,0.0,0.0,0.1540040078825441,0.5684590654864139,0.0,0.0,0.0,0.35,0.8154753215150045,0.07
5,529,Roefs,GK,SUN,5.0,3.0,a,,,1.0,90.0,0.1540040078825441,0.0,0.0,0.0017787828947368421,0.039123575983793915,2.113304013904713,2.0038157665860785,0.423
5,530,Patterson,GK,SUN,4.0,0.1,u,0.0,Has joined Wrexham permanently,0.0,0.0,0.1540040078825441,0.0,0.0,0.0,0.0,0.0,0.43588989435406733,0.0
5,531,Ellborg,GK,SUN,4.5,0.1,a,,,0.0,0.0,0.1540040078825441,0.0,0.0,0.0,0.0,0.35,0.8154753215150045,0.078
5,532,Ballard,DEF,SUN,4.9,3.3,a,,,1.0,90.0,0.1540040078825441,0.49566842194666216,0.07415954168384853,0.03510674282201272,0.07674420154768746,3.0403361977641308,2.4943127361770294,0.62
5,533,Mukiele,DEF,SUN,5.5,2.2,a,100.0,,0.0,0.0,0.1540040078825441,0.38019522716588783,0.0,0.0,0.0,0.35,0.8154753215150045,0.064
5,534,Hume,DEF,SUN,4.4,4.2,a,,,1.0,79.0,0.1540040078825441,0.11885321706962611,0.04810872736567382,0.06467431825036374,0.08347145686817,2.2861213164868714,2.152273882552845,0.52
5,535,Alderete,DEF,SUN,4.9,0.3,a,100.0,,0.0,23.0,0.1540040078825441,0.3569394132123994,0.012720632536673021,0.007908359038496808,0.0,0.45004887233552854,0.9650992967863681,0.092
5,536,Reinildo,DEF,SUN,4.5,0.4,a,,,1.0,90.0,0.1540040078825441,0.21612925788626985,0.009202752950291012,0.05132735549681332,0.05968653992712254,2.167847579895501,2.043068016367345,0.482
5,537,Seelt,DEF,SUN,4.5,0.0,u,0.0,Has joined Swansea City on loan for the rest of the season,0.0,0.0,0.1540040078825441,0.25756882831793654,0.0,0.0,0.0,0.0,0.43588989435406733,0.0
5,538,Hjelde,DEF,SUN,4.0,0.0,u,0.0,Has joined KV Mechelen on loan for the rest of the season,0.0,0.0,0.1540040078825441,0.2790328973444312,0.0,0.0,0.0,0.0,0.43588989435406733,0.0
5,539,O'Nien,DEF,SUN,4.0,2.7,a,,,1.0,66.0,0.1540040078825441,0.22886288253332498,0.02300839995281183,0.020294997986382173,0.05916853280525134,2.180496251608042,2.069056132097955,0.545
5,540,Masuaku,DEF,SUN,4.0,0.2,u,0.0,Has joined Konyaspor permanently,0.0,0.0,0.1540040078825441,0.2790328973444312,0.0,0.0,0.0,0.0,0.43588989435406733,0.0
5,541,Meunier,DEF,SUN,4.5,0.3,a,100.0,,1.0,90.0,0.1540040078825441,0.25756882831793654,0.054146067693235725,0.04239152489720546,0.07228915937729044,2.4995514055987798,2.252559450224809,0.555
5,542,E.Le Fée,MID,SUN,5.9,4.8,a,,,1.0,79.0,0.1540040078825441,0.21917058259957115,0.20326513257213516,0.13906105361183396,0.15189755097553323,3.700363933906863,2.872330459723576,0.627
5,543,Diarra,MID,SUN,5.4,0.0,i,0.0,Hamstring injury - Unknown return date,0.0,0.0,0.1540040078825441,0.07710543702149159,0.0,0.0,0.0,0.0,0.43588989435406733,0.0
5,544,Xhaka,MID,SUN,5.5,4.3,a,,,1.0,90.0,0.1540040078825441,0.35737437332400607,0.03688453988678067,0.13775653739675126,0.07652477783749058,3.0434696236297594,2.450285600540726,0.553
5,545,Sadiki,MID,SUN,4.9,0.3,a,,,1.0,90.0,0.1540040078825441,0.1322140608604407,0.07649080508872902,0.06171321411243866,0.0637718075086631,2.5863230345247756,2.317964321582506,0.528
5,546,Adingra,MID,SUN,4.9,0.0,u,0.0,Has joined Ajax on loan for the rest of the season,0.0,0.0,0.1540040078825441,0.10957088418843541,0.0,0.0,0.0,0.0,0.43588989435406733,0.0
5,547,Mundle,MID,SUN,4.9,0.0,i,0.0,Knee injury - Unknown return date,0.0,0.0,0.1540040078825441,0.16014206150617483,0.0,0.0,0.0,0.0,0.43588989435406733,0.0
5,548,Rigg,MID,SUN,4.9,0.1,a,,,0.0,10.0,0.1540040078825441,0.10957088418843541,0.012123896869315028,0.01214594990903989,0.0,0.4470573340736948,0.9602876214738532,0.091
5,549,Talbi,MID,SUN,5.4,0.1,a,,,0.0,31.0,0.1540040078825441,0.07435167141358116,0.0412858949288013,0.026083902008363632,0.0,0.6346811806690974,1.2056573364120058,0.118
5,550,Jocelin.T,MID,SUN,5.0,0.0,a,,,0.0,0.0,0.1540040078825441,0.17348723329835605,0.0,0.0,0.0,0.35,0.8154753215150045,0.07
5,551,N.Angulo,MID,SUN,5.0,0.1,a,,,0.0,58.0,0.1540040078825441,0.12246157644589839,0.08522609386550457,0.04866879554990359,0.0,0.9221368559772336,1.5044655494725598,0.184
5,552,Brobbey,FWD,SUN,5.9,7.4,a,,,1.0,66.0,0.1540040078825441,0.001168679392286716,0.2149627771381096,0.023707878556129245,0.12931139555141385,2.6324365098540476,2.5082675358803628,0.446
5,553,Isidor,FWD,SUN,5.5,1.5,a,,,0.0,23.0,0.1540040078825441,0.001892147587511826,0.12848388668985147,0.008996387714272783,0.0,0.8909247099022242,1.5696051315389277,0.162
5,612,Methalie,DEF,SUN,4.5,0.0,a,100.0,,0.25,20.0,0.1540040078825441,0.2790328973444312,0.009907478749843447,0.008794984748007748,0.016989345494937913,0.868995460332824,1.3078747062052336,0.193
5,613,Ahoka,MID,SUN,4.5,0.3,a,,,0.25,20.0,0.1540040078825441,0.17348723329835605,0.028122817044516416,0.025132385761208857,0.02481933630181793,1.0110556279382557,1.4455942014790264,0.225
5,646,Fofana,MID,SUN,5.5,0.0,a,,,0.25,20.0,0.1540040078825441,0.17348723329835605,0.0276228558526139,0.0246855877921207,0.024446549882177853,1.0068426416518383,1.441782977515748,0.183
5,651,J.Angulo,FWD,SUN,4.5,0.4,a,,,0.25,20.0,0.1540040078825441,0.0033112582781456954,0.09551353341104425,0.01269933298746019,0.046458916341474726,1.1231342277559795,1.645307337005043,0.25
6,1,Raya,GK,ARS,6.0,39.0,a,,,1.0,90.0,0.5217826057935138,0.0,0.0,0.0008893914473684211,0.1307569384549574,3.6892271401475782,2.647551995009805,0.615
6,2,Arrizabalaga,GK,ARS,4.9,0.1,a,,,0.0,0.0,0.5217826057935138,0.0,0.0,0.0,0.0,0.35,0.8154753215150045,0.071
6,3,Meslier,GK,ARS,4.9,0.0,a,,,0.0,0.0,0.5217826057935138,0.0,0.0,0.0,0.0,0.35,0.8154753215150045,0.071
6,4,Gabriel,DEF,ARS,8.0,24.4,a,,,1.0,90.0,0.5217826057935138,0.33368359925891106,0.11439652186372516,0.04176251858355221,0.18510131560492551,4.969054852978795,3.1823864240286817,0.621
6,5,J.Timber,DEF,ARS,6.5,0.1,d,25.0,Groin injury - 25% chance of playing,0.0,0.0,0.5217826057935138,0.1670630202140309,0.0,0.0,0.0,0.0875,0.43588989435406733,0.013
6,6,Saliba,DEF,ARS,5.9,0.2,i,0.0,Back injury - Unknown return date,0.0,0.0,0.5217826057935138,0.18370986920332938,0.0,0.0,0.0,0.0,0.43588989435406733,0.0
6,7,Lewis-Skelly,MID,ARS,5.5,0.7,a,,,1.0,90.0,0.5217826057935138,0.11565815553223738,0.03904923025694533,0.056863556399710344,0.08574773590918086,2.7144355599023875,2.322008386151137,0.494
6,8,Calafiori,DEF,ARS,5.8,48.4,a,,,1.0,80.0,0.5217826057935138,0.10463733650416171,0.1328620392065705,0.08240284017530351,0.21520619770499133,4.810428680442448,3.152298641956386,0.829
6,9,Hincapie,DEF,ARS,5.3,1.1,a,,,0.0,9.0,0.5217826057935138,0.34494649227110585,0.0022618375502210216,0.007247769566958388,0.0,0.3853143340022013,0.8635208508805728,0.073
6,10,White,DEF,ARS,5.5,7.6,a,100.0,,1.0,90.0,0.5217826057935138,0.21741973840665874,0.04844959519108494,0.0888041343345994,0.17848445678236796,4.493955777405392,2.971399257625396,0.817
6,11,Mosquera,DEF,ARS,5.4,3.1,d,50.0,Muscular injury - 50% chance of playing,0.5,45.0,0.5217826057935138,0.2546854651491988,0.008230368210651866,0.02203407841688792,0.07581538204382815,2.192264968397898,2.0529699581873864,0.406
6,12,Saka,MID,ARS,9.5,11.4,a,,,1.0,67.0,0.5217826057935138,0.19671796665500757,0.3534454629473472,0.19833557801657176,0.31159770521164165,5.08583280997334,3.4327474589071403,0.535
6,13,Rice,MID,ARS,7.4,13.3,a,,,1.0,67.0,0.5217826057935138,0.33503847499125566,0.06417471759784278,0.14403395560283785,0.1500674129050445,3.5695536590167145,2.6771627252968417,0.482
6,14,Eze,MID,ARS,6.4,1.2,a,,,0.0,14.0,0.5217826057935138,0.06939489331934243,0.0436685553247451,0.022102920074464683,0.0,0.6346515368471195,1.2115482870930063,0.099
6,15,Ødegaard,MID,ARS,6.7,16.0,a,,,1.0,75.0,0.5217826057935138,0.1284102833158447,0.17605155762640973,0.23712051866903594,0.22571053262343854,4.103644795393782,2.9754385318817533,0.612
6,16,Madueke,MID,ARS,6.3,0.2,a,,,0.0,22.0,0.5217826057935138,0.09051507824262055,0.06683815631015784,0.03783550684333909,0.0,0.7976973020808065,1.3844326678515209,0.127
6,17,Merino,MID,ARS,5.9,0.4,a,,,0.0,14.0,0.5217826057935138,0.10409233997901364,0.04459573157433962,0.014240674410254128,0.0,0.6157006811024603,1.1989185475005015,0.104
6,18,Martinelli,MID,ARS,6.3,0.1,u,0.0,Has joined Al Hilal permanently,0.0,0.0,0.5217826057935138,0.12246157644589839,0.0,0.0,0.0,0.0,0.43588989435406733,0.0
6,19,Zubimendi,MID,ARS,5.4,0.7,a,,,0.0,22.0,0.5217826057935138,0.20640560908136985,0.022870809068685976,0.018072077876487867,0.0,0.5185702789728934,1.0594849618850724,0.096
6,20,Dowman,MID,ARS,5.3,0.1,a,,,0.0,0.0,0.5217826057935138,0.16014206150617483,0.0,0.0,0.0,0.35,0.8154753215150045,0.066
6,22,Nwaneri,MID,ARS,5.4,0.0,u,0.0,Has joined Borussia Dortmund on loan for the rest of the season,0.0,0.0,0.5217826057935138,0.16014206150617483,0.0,0.0,0.0,0.0,0.43588989435406733,0.0
6,23,Fábio Vieira,MID,ARS,5.5,0.0,u,0.0,Has joined Hamburger SV permanently,0.0,0.0,0.5217826057935138,0.17348723329835605,0.0,0.0,0.0,0.0,0.43588989435406733,0.0
6,24,Nelson,MID,ARS,5.5,0.0,u,0.0,has departed the club as a free agent.,0.0,0.0,0.5217826057935138,0.17348723329835605,0.0,0.0,0.0,0.0,0.43588989435406733,0.0
6,25,Gyökeres,FWD,ARS,7.2,3.9,a,,,0.0,0.0,0.5217826057935138,0.001168679392286716,0.0,0.0,0.0,0.35,0.8154753215150045,0.049
6,26,Havertz,FWD,ARS,7.5,7.8,a,,,1.0,90.0,0.5217826057935138,0.002207505518763797,0.38671371508036695,0.0913966287224128,0.21951688091032426,3.614623437553556,3.0311824131572744,0.482
6,27,G.Jesus,FWD,ARS,5.9,0.2,u,0.0,Has joined FC Barcelona permanently,0.0,0.0,0.5217826057935138,0.003056546102903719,0.0,0.0,0.0,0.0,0.43588989435406733,0.0
6,31,Konsa,DEF,ARS,4.4,14.7,a,,,0.0,0.0,0.5217826057935138,0.1380085819159386,0.0,0.0,0.0,0.35,0.8154753215150045,0.08
6,452,Bruno G.,MID,ARS,6.8,1.8,a,100.0,,0.0,0.0,0.5217826057935138,0.18158581537385315,0.0,0.0,0.0,0.35,0.8154753215150045,0.051
6,557,Tzolis,MID,ARS,6.4,16.7,a,,,1.0,75.0,0.5217826057935138,0.16014206150617483,0.09640865455854025,0.10142227573014215,0.13526725130059797,3.26627874178512,2.604684536895585,0.51
6,29,M.Bizot,GK,AVL,4.5,0.1,a,,,1.0,90.0,0.2594050005508369,0.0,0.0,0.00012871853546910755,0.0648963016251234,2.593387841593409,2.2197830747682255,0.576
6,30,Digne,DEF,AVL,4.5,0.1,u,0.0,Has joined Paris Saint-Germain permanently,0.0,0.0,0.2594050005508369,0.1402707989720379,0.0,0.0,0.0,0.0,0.43588989435406733,0.0
6,32,Cash,DEF,AVL,4.5,6.5,d,75.0,Muscular injury - 75% chance of playing,0.5,45.0,0.2594050005508369,0.09453032104637336,0.01777668435812637,0.029162183071051544,0.04885422866906688,1.4767048948337274,1.7065753444641232,0.328
6,33,Mings,DEF,AVL,4.5,0.4,a,,,0.0,16.0,0.2594050005508369,0.2826305680051221,0.013616899083690862,0.004558647226314737,0.0,0.4453773361810894,0.9632851775285526,0.099
6,34,Pau,DEF,AVL,4.5,0.4,a,,,1.0,73.0,0.2594050005508369,0.17252886348816693,0.029772805929759474,0.016159539446011707,0.08467137177245979,2.747712165387447,2.3236372242272902,0.611
6,35,Bogarde,MID,AVL,5.0,0.1,a,,,0.0,16.0,0.2594050005508369,0.09462939998092149,0.005380585409243374,0.007161804039947474,0.0,0.3983883391660593,0.8883813127655111,0.08
6,36,Maatsen,DEF,AVL,4.5,0.8,a,,,1.0,81.0,0.2594050005508369,0.17827982560443917,0.0536244967225351,0.13021112097792695,0.13634287924344446,3.295230332504772,2.565674299690878,0.732
6,37,Lindelöf,DEF,AVL,4.5,0.3,a,,,1.0,90.0,0.2594050005508369,0.1455823812231815,0.015181529050265017,0.02670909960723574,0.07951297016783448,2.637073255621953,2.2586563173673193,0.586
6,38,A.García,DEF,AVL,4.0,1.7,a,,,0.0,0.0,0.2594050005508369,0.2790328973444312,0.0,0.0,0.0,0.35,0.8154753215150045,0.087
6,39,Nedeljkovic,DEF,AVL,4.0,0.2,u,0.0,Has joined Rangers on loan for the rest of the season,0.0,0.0,0.2594050005508369,0.2790328973444312,0.0,0.0,0.0,0.0,0.43588989435406733,0.0
6,41,Buendía,MID,AVL,5.9,1.0,a,,,1.0,85.0,0.2594050005508369,0.1814945285564383,0.2926869167277788,0.09878951975768119,0.17101706181146004,4.073422737774014,3.081497152706343,0.69
6,44,Bailey,MID,AVL,5.4,0.1,u,0.0,Has joined Olympiakos permanently,0.0,0.0,0.2594050005508369,0.13878978663868485,0.0,0.0,0.0,0.0,0.43588989435406733,0.0
6,45,McGinn,MID,AVL,5.4,2.3,a,,,1.0,81.0,0.2594050005508369,0.08110123156790192,0.15108653595360777,0.09614225876855303,0.12208503133592401,3.123823354001331,2.61568032991881,0.578
6,46,Barkley,MID,AVL,5.0,0.3,a,,,1.0,73.0,0.2594050005508369,0.15409233997901364,0.1432615956079615,0.07569568100649103,0.12042206462159402,3.155999591749029,2.618390497609347,0.631
6,47,Kamara,MID,AVL,5.0,0.3,a,100.0,,1.0,90.0,0.2594050005508369,0.17523609653725078,0.034892204793464256,0.04833942927835574,0.05507157198022068,2.5056379019179205,2.229364313521869,0.501
6,48,Onana,MID,AVL,5.0,0.0,i,0.0,Knee injury - Unknown return date,0.0,0.0,0.2594050005508369,0.2838077124868835,0.0,0.0,0.0,0.0,0.43588989435406733,0.0
6,49,Iling Jr,MID,AVL,5.0,0.0,u,0.0,Has joined Bolton Wanderers on loan for the rest of the season,0.0,0.0,0.2594050005508369,0.17348723329835605,0.0,0.0,0.0,0.0,0.43588989435406733,0.0
6,50,Burrowes,MID,AVL,4.5,0.7,a,,,0.0,0.0,0.2594050005508369,0.17348723329835605,0.0,0.0,0.0,0.35,0.8154753215150045,0.078
6,51,George Hemmings,MID,AVL,4.5,1.2,a,,,1.0,90.0,0.2594050005508369,0.16014206150617483,0.10212850808675339,0.09628816855404522,0.0953863368793632,2.9982073766533968,2.511844952253617,0.666
6,52,Alysson,MID,AVL,5.0,0.0,a,,,0.0,8.0,0.2594050005508369,0.17348723329835605,0.010477281163324652,0.009444770080395924,0.0,0.430720716057811,0.9387401384247873,0.086
6,53,Manzambi,MID,AVL,5.9,0.1,i,0.0,Knee injury - Expected back 12 Sep,0.0,0.0,0.2594050005508369,0.17348723329835605,0.0,0.0,0.0,0.0,0.43588989435406733,0.0
6,54,Gomes,MID,AVL,5.5,0.0,s,0.0,Suspended until 19 Sep,0.0,0.0,0.2594050005508369,0.3972522511530296,0.0,0.0,0.0,0.0,0.43588989435406733,0.0
6,55,Watkins,FWD,AVL,7.8,3.2,u,0.0,Has joined Al Hilal permanently,0.0,0.0,0.2594050005508369,0.0009030704394942806,0.0,0.0,0.0,0.0,0.43588989435406733,0.0
6,56,Abraham,FWD,AVL,5.5,0.2,a,100.0,,0.0,0.0,0.2594050005508369,0.003056546102903719,0.0,0.0,0.0,0.35,0.8154753215150045,0.064
6,160,Garnacho,MID,AVL,5.9,0.4,a,,,0.0,4.0,0.2594050005508369,0.09462939998092149,0.011364545188524587,0.006939398674983371,0.0,0.42764092196757303,0.938458855182014,0.072
6,166,N.Jackson,FWD,AVL,6.5,1.2,a,,,0.0,0.0,0.2594050005508369,0.0033112582781456954,0.0,0.0,0.0,0.35,0.8154753215150045,0.054
6,582,Madjo,FWD,AVL,5.5,0.3,i,0.0,Unspecified injury - Unknown return date,0.0,0.0,0.2594050005508369,0.0033112582781456954,0.0,0.0,0.0,0.0,0.43588989435406733,0.0
6,596,Ruggeri,DEF,AVL,4.5,0.1,a,,,0.0,8.0,0.2594050005508369,0.2790328973444312,0.0038617150504945347,0.003518953808198774,0.0,0.3837271517275635,0.8673245520480426,0.085
6,597,Suzuki,GK,AVL,5.0,1.7,a,,,0.0,0.0,0.2594050005508369,0.0,0.0,0.0,0.0,0.35,0.8154753215150045,0.07
6,606,Rowe,DEF,AVL,4.0,0.2,a,,,0.0,0.0,0.2594050005508369,0.2790328973444312,0.0,0.0,0.0,0.35,0.8154753215150045,0.087
6,607,Lynch,MID,AVL,4.5,0.1,u,0.0,Has joined Oxford United on loan until January,0.0,0.0,0.2594050005508369,0.17348723329835605,0.0,0.0,0.0,0.0,0.43588989435406733,0.0
6,611,Wan-Bissaka,DEF,AVL,4.5,0.2,a,,,0.25,20.0,0.2594050005508369,0.32423985051809073,0.004843134076403607,0.01362883868746987,0.023486151810202485,1.0346998612893974,1.4124406327022303,0.23
6,618,Goretzka,MID,AVL,6.0,0.0,i,0.0,Knee injury - Expected back 10 Oct,0.0,0.0,0.2594050005508369,0.17348723329835605,0.0,0.0,0.0,0.0,0.43588989435406733,0.0
6,630,Harwood-Bellis,DEF,AVL,4.5,0.0,a,,,0.25,20.0,0.2594050005508369,0.2790328973444312,0.012235297934462291,0.0053627804326828,0.023142055891490685,1.0331153752947932,1.427000701004341,0.23
6,631,Mbaye,MID,AVL,6.0,0.1,a,,,0.25,20.0,0.2594050005508369,0.17348723329835605,0.028122817044516416,0.025132385761208857,0.02745436111852525,1.0379328810686703,1.4631504968039248,0.173
6,57,Petrović,GK,BOU,4.5,3.3,a,,,1.0,90.0,0.1880025422121342,0.0,0.0,2.6774785801713583e-05,0.04701000672806415,2.2694848658143574,2.0765406918833254,0.504
6,58,Forster,GK,BOU,4.0,3.5,a,,,0.0,0.0,0.1880025422121342,0.0,0.0,0.0,0.0,0.35,0.8154753215150045,0.087
6,59,Dennis,GK,BOU,4.0,0.1,u,0.0,Has joined MK Dons permanently,0.0,0.0,0.1880025422121342,0.0,0.0,0.0,0.0,0.0,0.43588989435406733,0.0
6,60,Hill,DEF,BOU,5.5,0.8,a,,,1.0,90.0,0.1880025422121342,0.481899854670366,0.029510467822338255,0.10882200029392353,0.09541699939372517,3.2008054835654574,2.501718054799221,0.582
6,61,Truffert,DEF,BOU,5.5,3.5,a,,,1.0,90.0,0.1880025422121342,0.30094891702221915,0.02588658597907604,0.06578184192275366,0.07908458531867393,2.7006595780447333,2.2992548171439045,0.491
6,62,Diakité,DEF,BOU,5.0,0.2,a,,,0.0,0.0,0.1880025422121342,0.293935790725327,0.0,0.0,0.0,0.35,0.8154753215150045,0.07
6,63,Milosavljević,DEF,BOU,5.0,0.0,i,0.0,Unspecified injury - Unknown return date,0.0,0.0,0.1880025422121342,0.3967746730083234,0.0,0.0,0.0,0.0,0.43588989435406733,0.0
6,64,Smith,DEF,BOU,4.5,0.1,a,,,1.0,90.0,0.1880025422121342,0.1395164486722156,0.017688597982599898,0.02844994881965294,0.06314912693382205,2.2265047706077157,2.0824242248039324,0.495
6,65,J.Araujo,DEF,BOU,4.4,0.0,i,0.0,Thigh injury - Unknown return date,0.0,0.0,0.1880025422121342,0.2790328973444312,0.0,0.0,0.0,0.0,0.43588989435406733,0.0
6,66,Soler,DEF,BOU,4.0,0.3,a,100.0,,0.0,0.0,0.1880025422121342,0.2790328973444312,0.0,0.0,0.0,0.35,0.8154753215150045,0.087
6,67,Rayan,MID,BOU,6.4,2.0,a,,,1.0,88.0,0.1880025422121342,0.08007103075308741,0.17748287846081842,0.10136840443525215,0.11861633843969323,3.200428979470386,2.673146522687943,0.5
6,68,Tavernier,MID,BOU,6.0,3.4,a,,,1.0,90.0,0.1880025422121342,0.11549651817227892,0.33676817043705126,0.16437117517593236,0.19419902518575766,4.326629335170969,3.2001882381271183,0.721
6,69,Scott,MID,BOU,6.1,5.1,a,,,1.0,90.0,0.1880025422121342,0.3713444956430494,0.11347059627410953,0.10020788013838129,0.09358772096558521,3.387800553569651,2.667891420096964,0.555
6,70,Kluivert,MID,BOU,6.0,1.0,a,,,1.0,74.0,0.1880025422121342,0.09462939998092149,0.2568275288605707,0.08951884561698244,0.16623148119476644,3.6360060971486265,2.9067811678462854,0.606
6,71,Cook,MID,BOU,5.0,0.2,a,,,1.0,75.0,0.1880025422121342,0.4324688952181082,0.0236655264840566,0.07125730729768172,0.05866784440954351,2.929472504759354,2.3891402047487946,0.586
6,72,Gannon-Doak,MID,BOU,4.9,0.1,a,,,0.0,1.0,0.1880025422121342,0.17348723329835605,0.0016272302670359445,0.0012503300386490991,0.0,0.361887141451127,0.8350742184736378,0.074
6,73,Adams,MID,BOU,5.0,0.3,a,100.0,,0.0,15.0,0.1880025422121342,0.2838077124868835,0.008160564502883268,0.006360305349020772,0.0,0.40988373856147864,0.9098035448843387,0.082
6,74,Brooks,MID,BOU,5.0,0.1,a,100.0,,0.0,0.0,0.1880025422121342,0.08674361664917803,0.0,0.0,0.0,0.35,0.8154753215150045,0.07
6,75,Christie,MID,BOU,5.0,0.0,a,100.0,,0.0,0.0,0.1880025422121342,0.16220246313580383,0.0,0.0,0.0,0.35,0.8154753215150045,0.07
6,76,Tóth.A,MID,BOU,5.0,0.0,a,,,0.0,15.0,0.1880025422121342,0.17348723329835605,0.018727794712220313,0.02257830858889092,0.0,0.5113738993277743,1.0411422462834237,0.102
6,77,Adli,MID,BOU,4.9,0.0,i,0.0,Unspecified injury - Unknown return date,0.0,0.0,0.1880025422121342,0.15409233997901364,0.0,0.0,0.0,0.0,0.43588989435406733,0.0
6,78,Kroupi.Jr,MID,BOU,7.4,0.2,i,0.0,Foot injury - Expected back 7 Nov,0.0,0.0,0.1880025422121342,0.06505771248688352,0.0,0.0,0.0,0.0,0.43588989435406733,0.0
6,79,Evanilson,FWD,BOU,6.0,3.2,a,,,1.0,74.0,0.1880025422121342,0.0009240720776220546,0.30530997614235433,0.05662170569317831,0.17286576743498747,3.1356710817067643,2.790991743466286,0.523
6,80,Enes Ünal,FWD,BOU,5.5,0.0,u,0.0,Has joined Getafe permanently,0.0,0.0,0.1880025422121342,0.0033112582781456954,0.0,0.0,0.0,0.0,0.43588989435406733,0.0
6,81,Rodríguez,FWD,BOU,6.0,0.1,a,100.0,,0.0,0.0,0.1880025422121342,0.0033112582781456954,0.0,0.0,0.0,0.35,0.8154753215150045,0.058
6,566,Silva,DEF,BOU,5.0,0.4,a,,,1.0,90.0,0.1880025422121342,0.33449190524101347,0.05820855806200685,0.03070420195622441,0.07812010155941448,2.8501131052060527,2.4009302880890857,0.57
6,573,Sanchez,DEF,BOU,4.5,0.2,a,,,0.0,0.0,0.1880025422121342,0.2790328973444312,0.0,0.0,0.0,0.35,0.8154753215150045,0.078
6,608,Jebbison,FWD,BOU,5.0,0.1,a,,,0.0,15.0,0.1880025422121342,0.0033112582781456954,0.08658310849486497,0.01077086285647397,0.0,0.7286450225488817,1.379827595684354,0.146
6,615,Di Gregorio,GK,BOU,4.5,0.0,a,,,0.25,20.0,0.1880025422121342,0.0,0.0,7.309941520467835e-05,0.011778941782995229,0.8300968737108313,1.2558598887019918,0.184
6,82,Kelleher,GK,BRE,5.0,6.7,a,,,1.0,90.0,0.2193135496928259,0.0,0.0,0.0029836791497975714,0.055872675125635624,2.423567927951089,2.145874894560974,0.485
6,83,Valdimarsson,GK,BRE,4.5,0.1,a,,,0.0,0.0,0.2193135496928259,0.0,0.0,0.0,0.0,0.35,0.8154753215150045,0.078
6,84,Collins,DEF,BRE,5.5,1.6,d,25.0,Calf injury - 25% chance of playing,0.25,22.5,0.2193135496928259,0.4299643281807372,0.025136074229960566,0.01003653016358719,0.026017508393543335,0.9448997768687756,1.3950362079281085,0.172
6,85,Van den Berg,DEF,BRE,4.9,0.1,i,0.0,Groin injury - Unknown return date,0.0,0.0,0.2193135496928259,0.3654379706698375,0.0,0.0,0.0,0.0,0.43588989435406733,0.0
6,86,Lewis-Potter,MID,BRE,5.5,2.1,a,,,1.0,90.0,0.2193135496928259,0.061230788222949195,0.17979751402683616,0.17008272636387387,0.14438943910603108,3.4380583043794593,2.7588214625963,0.625
6,87,Ajer,DEF,BRE,4.5,4.7,a,,,1.0,90.0,0.2193135496928259,0.41713733650416174,0.04416481863554855,0.027050133102033885,0.07975362053136033,3.0916161973846825,2.4777125916546874,0.687
6,88,Kayode,DEF,BRE,4.6,8.9,a,,,1.0,75.0,0.2193135496928259,0.1269678953626635,0.06910707402518976,0.06895183959039058,0.1128131311417502,2.8661225880976335,2.4208005621150708,0.623
6,89,Henry,DEF,BRE,4.5,0.2,a,,,0.0,0.0,0.2193135496928259,0.133935790725327,0.0,0.0,0.0,0.35,0.8154753215150045,0.078
6,90,Hickey,DEF,BRE,4.5,0.1,a,,,0.0,14.0,0.2193135496928259,0.22886288253332498,0.007663259542763878,0.004569029830522483,0.0,0.4096866467481507,0.9079560485387328,0.091
6,92,Ji-soo,DEF,BRE,4.5,0.0,a,,,0.0,0.0,0.2193135496928259,0.2790328973444312,0.0,0.0,0.0,0.35,0.8154753215150045,0.078
6,93,Schuster,DEF,BRE,4.5,0.1,a,,,0.0,0.0,0.2193135496928259,0.2790328973444312,0.0,0.0,0.0,0.35,0.8154753215150045,0.078
6,94,Schade,MID,BRE,6.0,3.8,a,,,1.0,90.0,0.2193135496928259,0.04841504185070402,0.32180966615080414,0.07123877633249347,0.15949830983843674,3.8431151123126326,3.0385484544925108,0.641
6,95,O.Dango,MID,BRE,6.4,0.7,a,,,1.0,66.0,0.2193135496928259,0.11032018377243981,0.2052544963190038,0.12098094477881384,0.1776346336750592,3.5416075534652087,2.821450217441009,0.553
6,96,Damsgaard,MID,BRE,5.5,0.5,a,,,0.0,14.0,0.2193135496928259,0.23770137645824332,0.01355216380625578,0.034353218025399375,0.0,0.520820473107477,1.0348293974089358,0.095
6,97,Jensen,MID,BRE,5.5,0.1,i,0.0,Unspecified injury - Expected back 18 Sep,0.0,0.0,0.2193135496928259,0.1559447897328275,0.0,0.0,0.0,0.0,0.43588989435406733,0.0
6,98,Janelt,MID,BRE,5.0,1.9,a,,,1.0,90.0,0.2193135496928259,0.3600659571278669,0.08577970814041161,0.11246194844413872,0.0913159347738752,3.291890147641024,2.6017819911284676,0.658
6,99,Milambo,MID,BRE,5.0,0.0,i,0.0,Knee injury - Unknown return date,0.0,0.0,0.2193135496928259,0.17348723329835605,0.0,0.0,0.0,0.0,0.43588989435406733,0.0
6,100,Carvalho,MID,BRE,5.0,0.0,a,100.0,,0.0,0.0,0.2193135496928259,0.16014206150617483,0.0,0.0,0.0,0.35,0.8154753215150045,0.07
6,102,Yarmoliuk,MID,BRE,4.9,0.8,a,,,0.0,23.0,0.2193135496928259,0.3190694341361042,0.013064889550992288,0.013847995529209092,0.0,0.45686843434258867,0.9728511512851656,0.093
6,103,Dasilva,MID,BRE,5.0,0.0,i,0.0,Hamstring injury - Expected back 10 Oct,0.0,0.0,0.2193135496928259,0.17348723329835605,0.0,0.0,0.0,0.0,0.43588989435406733,0.0
6,105,Anthony,MID,BRE,6.0,0.1,a,,,0.0,23.0,0.2193135496928259,0.07337730475191126,0.04049959589973347,0.03218049542228089,0.0,0.64903946576551,1.2149784197066504,0.108
6,106,Thiago,FWD,BRE,7.9,11.5,a,,,1.0,82.0,0.2193135496928259,0.020794701986754968,0.6417426026243281,0.04009617010616282,0.28385722498160537,4.579378397453035,3.542777804337542,0.58
6,107,Furo,FWD,BRE,4.5,1.1,a,,,0.0,0.0,0.2193135496928259,0.0033112582781456954,0.0,0.0,0.0,0.35,0.8154753215150045,0.078
6,108,Wilson,FWD,BRE,5.5,0.4,a,,,0.0,7.0,0.2193135496928259,0.001986754966887417,0.034742909960232736,0.0034129268825874412,0.0,0.4992104204886933,1.0756194767155873,0.091
6,565,M.Sangaré,MID,BRE,5.7,13.5,a,,,1.0,75.0,0.2193135496928259,0.23706513842925175,0.1158530990029847,0.10336672017458658,0.11400367902386252,3.2113376549897685,2.6070404942191576,0.563
6,620,Diouf,DEF,BRE,4.5,0.1,a,,,0.25,20.0,0.2193135496928259,0.17496178019364703,0.005024830620224826,0.017160248142143057,0.02244247161848397,0.9216022602969075,1.3346135314335281,0.205
6,109,Verbruggen,GK,BHA,4.5,22.2,a,,,1.0,90.0,0.3148711217307624,0.0,0.0,0.021634826782145237,0.08628996980644144,2.906386185928325,2.349922073870497,0.646
6,111,Steele,GK,BHA,4.0,4.3,a,,,0.0,0.0,0.3148711217307624,0.0,0.0,0.0,0.0,0.35,0.8154753215150045,0.087
6,113,F.Kadıoğlu,DEF,BHA,4.4,1.8,a,100.0,,0.0,0.0,0.3148711217307624,0.11379563336453563,0.0,0.0,0.0,0.35,0.8154753215150045,0.08
6,114,Boscagli,DEF,BHA,4.5,0.3,a,,,1.0,90.0,0.3148711217307624,0.2546854651491988,0.01976609377734434,0.08168846347502082,0.11422687547101841,3.3508741068691097,2.5466168470571646,0.745
6,115,De Cuyper,DEF,BHA,4.8,20.8,a,,,1.0,77.0,0.3148711217307624,0.133935790725327,0.1864467508424465,0.16434797038048765,0.22222471184207276,4.484755005407254,3.1047890452216653,0.934
6,116,Dunk,DEF,BHA,4.5,1.3,a,,,1.0,90.0,0.3148711217307624,0.2579180629121176,0.033599823235451395,0.026865665216151448,0.0998807013907516,3.2610098946446473,2.5293314806955487,0.725
6,117,Coppola,DEF,BHA,4.5,0.0,a,,,0.0,0.0,0.3148711217307624,0.31059962629522675,0.0,0.0,0.0,0.35,0.8154753215150045,0.078
6,118,Igor,DEF,BHA,4.5,0.1,u,0.0,Has joined Burnley permanently,0.0,0.0,0.3148711217307624,0.33449190524101347,0.0,0.0,0.0,0.0,0.43588989435406733,0.0
6,119,Costinha,DEF,BHA,4.5,0.0,a,,,0.0,26.0,0.3148711217307624,0.2790328973444312,0.015582433477770297,0.015445916785437091,0.0,0.489832351222933,1.012015843843462,0.109
6,120,Svoboda,DEF,BHA,5.0,0.1,a,,,0.0,0.0,0.3148711217307624,0.2790328973444312,0.0,0.0,0.0,0.35,0.8154753215150045,0.07
6,121,Mitoma,MID,BHA,5.9,0.0,i,0.0,Hamstring injury - Expected back 10 Oct,0.0,0.0,0.3148711217307624,0.07178782067518182,0.0,0.0,0.0,0.0,0.43588989435406733,0.0
6,122,Minteh,MID,BHA,5.9,0.0,i,0.0,Leg injury - Expected back 28 Nov,0.0,0.0,0.3148711217307624,0.08329315674541278,0.0,0.0,0.0,0.0,0.43588989435406733,0.0
6,123,Hinshelwood,MID,BHA,6.0,1.0,d,50.0,Unspecified injury - 50% chance of playing,0.5,31.5,0.3148711217307624,0.09338929695697797,0.1097474604520944,0.03279922308563448,0.08701689785540256,1.8374107385693488,2.037048150141358,0.306
6,124,Groß,MID,BHA,5.6,16.3,a,,,1.0,90.0,0.3148711217307624,0.13167247740581525,0.2450901693003845,0.20691327991714076,0.18968831939921005,4.137837796071556,3.0549030800236956,0.739
6,125,Georginio,FWD,BHA,5.5,0.6,d,75.0,Unspecified injury - 75% chance of playing,0.5,45.0,0.3148711217307624,0.03353984191412091,0.10448277207139907,0.07272408232778517,0.0777659551262526,1.6172259449561956,1.9234411682828165,0.294
6,126,O'Riley,MID,BHA,5.5,0.1,a,,,0.0,0.0,0.3148711217307624,0.14870334282716233,0.0,0.0,0.0,0.35,0.8154753215150045,0.064
6,127,Gomez,MID,BHA,5.0,4.8,a,,,1.0,85.0,0.3148711217307624,0.14116241109945202,0.21126102768020513,0.1339603285860664,0.1594220853776357,3.7370284779521534,2.8927357767674398,0.747
6,128,Buonanotte,MID,BHA,5.0,0.0,u,0.0,Has joined Elche on loan for the rest of the season,0.0,0.0,0.3148711217307624,0.17348723329835605,0.0,0.0,0.0,0.0,0.43588989435406733,0.0
6,129,Ayari,MID,BHA,5.4,0.4,a,100.0,,1.0,63.0,0.3148711217307624,0.21460141816909917,0.08961475105643327,0.057128255984686134,0.10485861569363596,2.978865180353304,2.4894843540399845,0.552
6,130,Wieffer,DEF,BHA,5.0,0.3,i,0.0,Knee injury - Unknown return date,0.0,0.0,0.3148711217307624,0.4954059020646417,0.0,0.0,0.0,0.0,0.43588989435406733,0.0
6,132,Howell,MID,BHA,4.5,0.0,u,0.0,Has joined Leicester City on loan for the rest of the season,0.0,0.0,0.3148711217307624,0.16014206150617483,0.0,0.0,0.0,0.0,0.43588989435406733,0.0
6,133,Watson,MID,BHA,5.0,0.0,u,0.0,Has joined Leicester City on loan for the rest of the season,0.0,0.0,0.3148711217307624,0.17348723329835605,0.0,0.0,0.0,0.0,0.43588989435406733,0.0
6,134,Oriola,MID,BHA,4.5,0.3,a,,,0.0,0.0,0.3148711217307624,0.17348723329835605,0.0,0.0,0.0,0.35,0.8154753215150045,0.078
6,135,Yohanna,MID,BHA,4.9,0.1,i,0.0,Unspecified injury - Expected back 10 Oct,0.0,0.0,0.3148711217307624,0.17348723329835605,0.0,0.0,0.0,0.0,0.43588989435406733,0.0
6,137,Tzimas,FWD,BHA,5.5,0.0,i,0.0,Knee injury - Unknown return date,0.0,0.0,0.3148711217307624,0.0033112582781456954,0.0,0.0,0.0,0.0,0.43588989435406733,0.0
6,138,Kostoulas,FWD,BHA,5.5,0.5,a,,,0.0,26.0,0.3148711217307624,0.002838221381267739,0.13108066169655977,0.022247444038498085,0.0,0.9410649789017334,1.6045271671407286,0.171
6,139,Ferguson,FWD,BHA,5.0,0.0,i,0.0,Ankle injury - Expected back 10 Oct,0.0,0.0,0.3148711217307624,0.0033112582781456954,0.0,0.0,0.0,0.0,0.43588989435406733,0.0
6,328,Struijk,DEF,BHA,5.0,0.2,a,100.0,,0.0,0.0,0.3148711217307624,0.37155442654848125,0.0,0.0,0.0,0.35,0.8154753215150045,0.07
6,504,Vuskovic,DEF,BHA,5.0,3.1,a,,,1.0,90.0,0.3148711217307624,0.25756882831793654,0.06720855806200685,0.03370420195622441,0.11403724643907154,3.496691867219226,2.654612193162792,0.699
6,594,David,FWD,BHA,6.0,0.2,a,,,0.0,0.0,0.3148711217307624,0.0033112582781456954,0.0,0.0,0.0,0.35,0.8154753215150045,0.058
6,600,Osman,MID,BHA,5.0,0.0,a,,,0.0,12.0,0.3148711217307624,0.17348723329835605,0.016348730975212212,0.0153984417373309,0.0,0.47793898008805374,1.0030834701153117,0.096
6,605,Yalcouyé,MID,BHA,4.5,3.0,a,,,0.0,4.0,0.3148711217307624,0.17348723329835605,0.007879659852905552,0.005248354293004811,0.0,0.4051433621435422,0.9039083732271559,0.09
6,614,Hadjam,DEF,BHA,4.5,0.0,a,,,0.25,20.0,0.3148711217307624,0.2790328973444312,0.009907478749843447,0.008794984748007748,0.02704354011045156,1.104819505240583,1.469218136444064,0.246
6,624,Cozier-Duberry,MID,BHA,5.0,0.0,u,0.0,Has joined Middlesbrough on loan for the rest of the season,0.0,0.0,0.3148711217307624,0.17348723329835605,0.0,0.0,0.0,0.0,0.43588989435406733,0.0
6,639,Andrés,MID,BHA,5.5,0.0,a,,,0.25,20.0,0.3148711217307624,0.17348723329835605,0.028122817044516416,0.025132385761208857,0.028841014148023387,1.0520767419695514,1.4723052373775098,0.191
6,652,Azeez,MID,BHA,5.5,0.0,d,50.0,Hamstring injury - 50% chance of playing,0.125,10.0,0.3148711217307624,0.17348723329835605,0.014061408522258208,0.012566192880604428,0.014420507074011693,0.5479133709847755,1.0608505342434544,0.1
6,28,Martinez,GK,CHE,5.0,5.0,a,,,0.0,0.0,0.25367162635582124,0.0,0.0,0.0,0.0,0.35,0.8154753215150045,0.07
6,40,Rogers,MID,CHE,7.6,31.0,a,,,1.0,81.0,0.25367162635582124,0.061636935991605454,0.22341603608520655,0.18840430258437196,0.18551951656264043,3.7846024632136985,2.9208288030313017,0.498
6,101,Henderson,MID,CHE,4.9,0.0,d,75.0,Wrist injury - 75% chance of playing,0.0,0.0,0.25367162635582124,0.16393054192194428,0.0,0.0,0.0,0.175,0.5766281297335397,0.036
6,136,Welbeck,FWD,CHE,5.9,0.8,a,100.0,,0.0,0.0,0.25367162635582124,0.0010739216037229282,0.0,0.0,0.0,0.35,0.8154753215150045,0.059
6,140,Sánchez,GK,CHE,4.9,1.0,u,0.0,Has joined Como on loan for the rest of the season,0.0,0.0,0.25367162635582124,0.0,0.0,0.0,0.0,0.0,0.43588989435406733,0.0
6,141,Jörgensen,GK,CHE,5.0,0.0,u,0.0,Has joined RC Strasbourg on loan for the rest of the season,0.0,0.0,0.25367162635582124,0.0,0.0,0.0,0.0,0.0,0.43588989435406733,0.0
6,142,James,DEF,CHE,5.4,7.8,a,,,1.0,90.0,0.25367162635582124,0.1671373365041617,0.052471056530333016,0.11932070136733477,0.12354502185313904,3.1916415753948986,2.5256574059900334,0.591
6,143,Chalobah,DEF,CHE,5.5,0.1,u,0.0,Has joined Como permanently,0.0,0.0,0.25367162635582124,0.41305701828888514,0.0,0.0,0.0,0.0,0.43588989435406733,0.0
6,144,Gusto,DEF,CHE,5.0,1.1,a,,,1.0,75.0,0.25367162635582124,0.09301096578147708,0.04515267505855502,0.06906215772448819,0.11138813635783346,2.848406248010645,2.383880853056955,0.57
6,145,Fofana,DEF,CHE,5.0,0.1,a,100.0,,0.0,0.0,0.25367162635582124,0.34494649227110585,0.0,0.0,0.0,0.35,0.8154753215150045,0.07
6,146,B.Badiashile,DEF,CHE,4.5,0.0,u,0.0,Has joined Napoli on loan for the rest of the season,0.0,0.0,0.25367162635582124,0.28989298454221163,0.0,0.0,0.0,0.0,0.43588989435406733,0.0
6,148,Hato,DEF,CHE,4.5,0.9,a,,,1.0,64.0,0.25367162635582124,0.18906064209274673,0.016076967049608506,0.033253065644483444,0.08769753205557869,2.719565523827433,2.2942616018165354,0.604
6,149,Colwill,DEF,CHE,4.9,1.1,a,,,1.0,90.0,0.25367162635582124,0.35655965120887834,0.04319063014151691,0.0350289832391503,0.09079477127218884,3.1988706711531774,2.5173394796967967,0.653
6,150,M.Sarr,DEF,CHE,4.5,0.0,u,0.0,Has joined Real Sociedad on loan for the rest of the season,0.0,0.0,0.25367162635582124,0.25756882831793654,0.0,0.0,0.0,0.0,0.43588989435406733,0.0
6,151,Acheampong,DEF,CHE,4.5,0.4,a,,,1.0,90.0,0.25367162635582124,0.21741973840665874,0.058189565001277754,0.020742109971304188,0.09104399282935899,2.9902354425092903,2.4557248890654093,0.664
6,152,Palestra,DEF,CHE,5.4,1.0,d,75.0,Unspecified injury - 75% chance of playing,0.0,0.0,0.25367162635582124,0.2790328973444312,0.0,0.0,0.0,0.175,0.5766281297335397,0.032
6,154,Palmer,MID,CHE,9.7,24.6,a,100.0,,1.0,82.0,0.25367162635582124,0.1200543176347139,0.47711291389658556,0.1625374373712193,0.27108650489089736,5.168541227182713,3.561306756659228,0.533
6,156,Neto,MID,CHE,6.5,1.4,a,,,0.0,14.0,0.25367162635582124,0.049567780942387445,0.02596621693564043,0.03223838088707683,0.0,0.5765462273394326,1.1185862208872253,0.089
6,157,Estêvão,MID,CHE,6.4,0.8,a,,,0.0,7.0,0.25367162635582124,0.10957088418843541,0.019201378650688373,0.01443108531120861,0.0,0.48930014918706766,1.022193012771834,0.076
6,158,Gittens,MID,CHE,5.9,0.0,a,,,0.0,0.0,0.25367162635582124,0.14870334282716233,0.0,0.0,0.0,0.35,0.8154753215150045,0.059
6,159,Caicedo,MID,CHE,5.4,1.6,d,75.0,Calf injury - 75% chance of playing,0.0,0.0,0.25367162635582124,0.3507406232460529,0.0,0.0,0.0,0.175,0.5766281297335397,0.032
6,161,Lavia,MID,CHE,5.0,0.2,a,,,1.0,64.0,0.25367162635582124,0.14870334282716233,0.08818578667925853,0.049725895429985595,0.0932455686737257,2.7603442354093093,2.402866781024957,0.552
6,163,D.Essugo,MID,CHE,4.5,0.1,u,0.0,Has joined RC Strasbourg on loan for the rest of the season,0.0,0.0,0.25367162635582124,0.17348723329835605,0.0,0.0,0.0,0.0,0.43588989435406733,0.0
6,164,Quenda,MID,CHE,5.4,0.0,a,100.0,,0.0,8.0,0.25367162635582124,0.17348723329835605,0.011149134579426068,0.009963594710665912,0.0,0.43563645702912807,0.9458351208492417,0.081
6,165,João Pedro,FWD,CHE,7.7,72.9,a,,,1.0,90.0,0.25367162635582124,0.0009240720776220546,0.5133372444816295,0.08163658577556883,0.23360800322560155,4.10356703110165,3.2979995187966464,0.533
6,168,Marc Guiu,FWD,CHE,5.0,0.3,u,0.0,Has joined RB Leipzig permanently,0.0,0.0,0.25367162635582124,0.003056546102903719,0.0,0.0,0.0,0.0,0.43588989435406733,0.0
6,169,Mheuka,FWD,CHE,4.5,0.4,a,,,0.0,0.0,0.25367162635582124,0.0033112582781456954,0.0,0.0,0.0,0.35,0.8154753215150045,0.078
6,170,Emegha,FWD,CHE,5.0,0.1,d,75.0,Hamstring injury - 75% chance of playing,0.0,0.0,0.25367162635582124,0.0033112582781456954,0.0,0.0,0.0,0.175,0.5766281297335397,0.035
6,200,Lacroix,DEF,CHE,6.0,8.1,a,,,1.0,90.0,0.25367162635582124,0.5180509525134718,0.06147148566048761,0.04030339661408826,0.09903911538505686,3.6297673829051353,2.695438172446677,0.605
6,560,Penders,GK,CHE,4.5,0.1,a,,,0.0,0.0,0.25367162635582124,0.0,0.0,0.0,0.0,0.35,0.8154753215150045,0.078
6,561,Anselmino,DEF,CHE,4.5,0.0,a,100.0,,0.0,0.0,0.25367162635582124,0.2790328973444312,0.0,0.0,0.0,0.35,0.8154753215150045,0.078
6,568,Barco,MID,CHE,5.5,0.1,a,,,0.0,0.0,0.25367162635582124,0.17348723329835605,0.0,0.0,0.0,0.35,0.8154753215150045,0.064
6,583,Chavarria,DEF,CHE,4.9,0.2,a,,,0.0,25.0,0.25367162635582124,0.2790328973444312,0.011379840175167405,0.010552634487565073,0.0,0.44993694451369964,0.9608117586848288,0.092
6,91,Pinnock,DEF,COV,4.5,0.1,a,,,0.0,0.0,0.23597256476674575,0.3342746730083234,0.0,0.0,0.0,0.35,0.8154753215150045,0.078
6,104,Onyeka,MID,COV,4.9,0.1,a,,,1.0,90.0,0.23597256476674575,0.16014206150617483,0.08436845113354925,0.12775271283918213,0.09783966386713056,2.984696210809191,2.485383975835275,0.609
6,110,Rushworth,GK,COV,4.5,0.9,a,,,1.0,90.0,0.23597256476674575,0.0,0.0,0.0002302631578947368,0.05907373329694959,2.489509987776712,2.1748721748129825,0.553
6,171,Dovin,GK,COV,4.0,1.2,u,0.0,Has joined Leyton Orient on loan for the rest of the season,0.0,0.0,0.23597256476674575,0.0,0.0,0.0,0.0,0.0,0.43588989435406733,0.0
6,172,Wilson,GK,COV,4.5,0.4,a,,,0.0,0.0,0.23597256476674575,0.0,0.0,0.0,0.0,0.35,0.8154753215150045,0.078
6,173,Thomas,DEF,COV,4.0,8.9,a,,,1.0,90.0,0.23597256476674575,0.33449190524101347,0.05469698862519113,0.04826476485373381,0.09502975490931016,3.1748636773026826,2.5219878902616175,0.794
6,174,Kitching,DEF,COV,4.0,0.4,u,0.0,Has joined Sheffield United on loan for the rest of the season,0.0,0.0,0.23597256476674575,0.2790328973444312,0.0,0.0,0.0,0.0,0.43588989435406733,0.0
6,175,van Ewijk,DEF,COV,4.0,10.9,a,,,1.0,90.0,0.23597256476674575,0.25756882831793654,0.031208558062006855,0.05470420195622441,0.08906260719806738,2.905745795981345,2.3891773397419866,0.726
6,176,Dasilva,DEF,COV,4.0,0.7,a,,,1.0,90.0,0.23597256476674575,0.25756882831793654,0.049105782424502156,0.042634718165331306,0.09110231639812814,2.978960399983697,2.4402170916777135,0.745
6,177,Kesler-Hayden,DEF,COV,4.0,0.0,i,0.0,Hamstring injury - Unknown return date,0.0,0.0,0.23597256476674575,0.2790328973444312,0.0,0.0,0.0,0.0,0.43588989435406733,0.0
6,178,Bidwell,DEF,COV,4.0,0.1,a,,,0.0,0.0,0.23597256476674575,0.2790328973444312,0.0,0.0,0.0,0.35,0.8154753215150045,0.087
6,179,Latibeaudiere,DEF,COV,4.0,0.0,a,,,0.0,0.0,0.23597256476674575,0.2790328973444312,0.0,0.0,0.0,0.35,0.8154753215150045,0.087
6,180,Woolfenden,DEF,COV,4.0,0.1,i,0.0,Knee injury - Unknown return date,0.0,0.0,0.23597256476674575,0.2790328973444312,0.0,0.0,0.0,0.0,0.43588989435406733,0.0
6,181,Brau,DEF,COV,4.0,0.0,u,0.0,Has joined Academico de Viseu on loan for the rest of the season,0.0,0.0,0.23597256476674575,0.2790328973444312,0.0,0.0,0.0,0.0,0.43588989435406733,0.0
6,182,Amenda,DEF,COV,4.0,0.8,a,,,1.0,90.0,0.23597256476674575,0.25756882831793654,0.03420855806200686,0.06670420195622441,0.09431260719806737,2.964995795981344,2.416349180217254,0.741
6,183,Rudoni,MID,COV,5.0,0.1,a,100.0,,0.0,20.0,0.23597256476674575,0.17348723329835605,0.034632444980701796,0.02701749612592774,0.0,0.6042147132812922,1.1643893786524617,0.121
6,184,Grimes,MID,COV,5.0,0.1,a,,,1.0,90.0,0.23597256476674575,0.16014206150617483,0.09458687369022672,0.09198037635963255,0.08889579399412531,2.9195274442809245,2.4727764529522513,0.584
6,185,Sakamoto,MID,COV,4.9,0.1,a,,,0.0,0.0,0.23597256476674575,0.17348723329835605,0.0,0.0,0.0,0.35,0.8154753215150045,0.071
6,186,Mason-Clark,MID,COV,5.4,0.1,a,100.0,,0.0,0.0,0.23597256476674575,0.17348723329835605,0.0,0.0,0.0,0.35,0.8154753215150045,0.065
6,187,Eccles,MID,COV,4.9,0.0,i,0.0,Unspecified injury - Expected back 12 Oct,0.0,0.0,0.23597256476674575,0.17348723329835605,0.0,0.0,0.0,0.0,0.43588989435406733,0.0
6,188,Torp,MID,COV,5.4,0.1,a,,,0.0,28.0,0.23597256476674575,0.17348723329835605,0.0373158534606239,0.03708467354127415,0.0,0.647833287926942,1.2061419351904372,0.12
6,189,Shepherd,MID,COV,4.5,0.2,a,,,0.0,0.0,0.23597256476674575,0.17348723329835605,0.0,0.0,0.0,0.35,0.8154753215150045,0.078
6,190,Tchaouna,MID,COV,5.4,0.1,a,,,1.0,81.0,0.23597256476674575,0.12327387198321091,0.0901497654266337,0.07363342397669562,0.08729071902241374,2.772858502120183,2.410255120643487,0.513
6,191,Borges Rodrigues,MID,COV,4.5,0.1,u,0.0,Has joined Burton Albion on loan for the rest of the season,0.0,0.0,0.23597256476674575,0.17348723329835605,0.0,0.0,0.0,0.0,0.43588989435406733,0.0
6,192,Andrews,MID,COV,4.5,0.4,u,0.0,Has joined Oxford United on loan for the rest of the season,0.0,0.0,0.23597256476674575,0.17348723329835605,0.0,0.0,0.0,0.0,0.43588989435406733,0.0
6,193,Wright,FWD,COV,5.4,0.1,i,0.0,Thigh injury - Unknown return date,0.0,0.0,0.23597256476674575,0.0033112582781456954,0.0,0.0,0.0,0.0,0.43588989435406733,0.0
6,194,Thomas-Asante,FWD,COV,5.0,0.8,a,,,1.0,69.0,0.23597256476674575,0.003056546102903719,0.28558546489902237,0.040015450076950426,0.17224115244396648,3.01025340710025,2.7263518230200243,0.602
6,195,Simms,FWD,COV,5.0,0.8,a,,,1.0,69.0,0.23597256476674575,0.003056546102903719,0.32054031018262896,0.04027842010859739,0.1883188507400605,3.166939396625711,2.8178762773912953,0.633
6,196,Markelo,FWD,COV,5.0,0.0,u,0.0,Has joined Shabab Al-Ahli Dubai permanently,0.0,0.0,0.23597256476674575,0.0033112582781456954,0.0,0.0,0.0,0.0,0.43588989435406733,0.0
6,197,Bassette,FWD,COV,4.5,0.0,u,0.0,Has joined KVC Westerlo on loan for the rest of the season,0.0,0.0,0.23597256476674575,0.0033112582781456954,0.0,0.0,0.0,0.0,0.43588989435406733,0.0
6,492,Awoniyi,FWD,COV,5.5,0.7,a,,,0.0,20.0,0.23597256476674575,0.002838221381267739,0.12368874232360973,0.01505437072283894,0.0,0.8899180814629558,1.5598002464165963,0.162
6,575,Yirenkyi,MID,COV,4.9,0.2,a,,,1.0,61.0,0.23597256476674575,0.16014206150617483,0.073096138923581,0.07152591604268221,0.09827913731990884,2.7600937328226287,2.3838529581130796,0.563
6,584,Hamer,MID,COV,5.4,0.1,a,,,0.0,8.0,0.23597256476674575,0.17348723329835605,0.010849157864284555,0.009885145558842647,0.0,0.43390122599795067,0.9431369341626981,0.08
6,599,Cherif,FWD,COV,5.0,0.1,a,,,0.0,0.0,0.23597256476674575,0.0033112582781456954,0.0,0.0,0.0,0.35,0.8154753215150045,0.07
6,623,Bentley,GK,COV,4.0,0.4,a,,,0.25,20.0,0.23597256476674575,0.0,0.0,3.6549707602339175e-05,0.01476267674529003,0.8848086921196165,1.2965864857491272,0.221
6,655,Gboho,MID,COV,5.5,0.0,a,,,0.25,20.0,0.23597256476674575,0.17348723329835605,0.028122817044516416,0.025132385761208857,0.02686855022392297,1.031957609943727,1.4592656924495209,0.188
6,42,Guessand,MID,CRY,5.5,0.0,a,,,0.0,27.0,0.28319442095301717,0.10957088418843541,0.04185094530777858,0.027334767394362264,0.0,0.6412590287219797,1.212228454714058,0.117
6,153,Disasi,DEF,CRY,4.5,0.1,a,,,0.0,0.0,0.28319442095301717,0.20570749108204517,0.0,0.0,0.0,0.35,0.8154753215150045,0.078
6,198,Henderson,GK,CRY,5.0,2.0,a,100.0,,1.0,90.0,0.28319442095301717,0.0,8.75e-05,0.0011518914473684211,0.07123239224483324,2.7016124966107227,2.265742426570234,0.54
6,199,Benitez,GK,CRY,4.5,0.1,a,,,0.0,0.0,0.28319442095301717,0.0,0.0,0.0,0.0,0.35,0.8154753215150045,0.078
6,202,Richards,DEF,CRY,5.0,0.7,a,,,1.0,90.0,0.28319442095301717,0.394281699275754,0.057170487130081424,0.028588701093206503,0.10081432111640506,3.4984728133093985,2.643883747078972,0.7
6,203,Canvot,DEF,CRY,4.9,0.2,a,,,1.0,90.0,0.28319442095301717,0.4573479543753028,0.06623798491179286,0.01867315602487422,0.10051750456608777,3.638876257627522,2.703940235834189,0.743
6,204,Mitchell,DEF,CRY,4.5,6.1,a,,,1.0,90.0,0.28319442095301717,0.19475822433610782,0.1056442679508442,0.07780341023311924,0.1350052926026415,3.6040274032510005,2.7352363104276685,0.801
6,205,Sosa,DEF,CRY,4.5,0.0,u,0.0,Has joined FC Cologne on loan for the rest of the season,0.0,0.0,0.28319442095301717,0.2790328973444312,0.0,0.0,0.0,0.0,0.43588989435406733,0.0
6,206,Chadi Riad,DEF,CRY,4.4,0.0,i,0.0,Knee injury - Unknown return date,0.0,0.0,0.28319442095301717,0.22886288253332498,0.0,0.0,0.0,0.0,0.43588989435406733,0.0
6,207,Mingueza,DEF,CRY,4.4,0.1,a,,,0.0,0.0,0.28319442095301717,0.2790328973444312,0.0,0.0,0.0,0.35,0.8154753215150045,0.08
6,208,Sarr,MID,CRY,6.3,0.8,i,0.0,Groin injury - Unknown return date,0.0,0.0,0.28319442095301717,0.061230788222949195,0.0,0.0,0.0,0.0,0.43588989435406733,0.0
6,210,Wharton,MID,CRY,5.5,0.9,a,100.0,,1.0,90.0,0.28319442095301717,0.2946791902336652,0.03697036449504217,0.18196783058770008,0.10494781037426151,3.208451701919292,2.513539420939506,0.583
6,211,Yeremy,MID,CRY,5.5,0.4,a,,,0.0,35.0,0.28319442095301717,0.09941441288968622,0.07043445788187168,0.10197916905218066,0.0,1.0081097965659005,1.529057016846148,0.183
6,212,Hughes,MID,CRY,4.5,8.7,a,,,0.0,0.0,0.28319442095301717,0.08327387198321091,0.0,0.0,0.0,0.35,0.8154753215150045,0.078
6,213,Lerma,MID,CRY,4.9,0.1,a,,,0.0,0.0,0.28319442095301717,0.21720881427072403,0.0,0.0,0.0,0.35,0.8154753215150045,0.071
6,214,Kamada,MID,CRY,5.0,0.4,a,,,1.0,90.0,0.28319442095301717,0.24490444847212947,0.06102043635609547,0.11669771936802921,0.09052079659874536,3.0268791889488043,2.473295994647487,0.605
6,215,Devenny,MID,CRY,5.0,0.0,u,0.0,Has joined Stoke City permanently,0.0,0.0,0.28319442095301717,0.16220246313580383,0.0,0.0,0.0,0.0,0.43588989435406733,0.0
6,216,Esse,MID,CRY,5.0,0.0,u,0.0,Has joined Millwall on loan for the rest of the season,0.0,0.0,0.28319442095301717,0.17348723329835605,0.0,0.0,0.0,0.0,0.43588989435406733,0.0
6,217,M.França,MID,CRY,4.9,0.0,a,,,0.0,0.0,0.28319442095301717,0.17348723329835605,0.0,0.0,0.0,0.35,0.8154753215150045,0.071
6,218,Doucouré,MID,CRY,4.9,0.1,a,,,0.0,0.0,0.28319442095301717,0.17348723329835605,0.0,0.0,0.0,0.35,0.8154753215150045,0.071
6,219,J.Rak-Sakyi,MID,CRY,4.9,0.0,u,0.0,has joined  Kasimpasa on loan for the rest of the seaon.,0.0,0.0,0.28319442095301717,0.17348723329835605,0.0,0.0,0.0,0.0,0.43588989435406733,0.0
6,220,Cardines,DEF,CRY,4.5,0.0,u,0.0,Has joined Bristol City on loan for the rest of the season,0.0,0.0,0.28319442095301717,0.25756882831793654,0.0,0.0,0.0,0.0,0.43588989435406733,0.0
6,221,Drakes-Thomas,MID,CRY,4.5,0.1,a,,,0.0,0.0,0.28319442095301717,0.17348723329835605,0.0,0.0,0.0,0.35,0.8154753215150045,0.078
6,222,Strand Larsen,FWD,CRY,6.0,0.5,a,,,0.0,27.0,0.28319442095301717,0.0011352885525070956,0.08465391640755225,0.010803315246877663,0.0,0.7210256113708419,1.3703547570063428,0.12
6,223,Mateta,FWD,CRY,6.4,1.8,i,0.0,Hamstring injury - Expected back 11 Oct,0.0,0.0,0.28319442095301717,0.0011037527593818985,0.0,0.0,0.0,0.0,0.43588989435406733,0.0
6,224,Nketiah,FWD,CRY,5.5,0.7,a,,,0.0,55.0,0.28319442095301717,0.002838221381267739,0.30156348448209264,0.07265734350778429,0.0,1.7742259684517232,2.2760514596447132,0.323
6,225,Uche,FWD,CRY,5.0,0.0,u,0.0,has returned to Getafe CF,0.0,0.0,0.28319442095301717,0.0033112582781456954,0.0,0.0,0.0,0.0,0.43588989435406733,0.0
6,241,McNeil,MID,CRY,5.4,0.1,a,,,1.0,62.0,0.28319442095301717,0.16327387198321092,0.06085875356677013,0.13281188321316487,0.12671662045930093,2.96040882965853,2.447433205983736,0.548
6,555,Matthews,GK,CRY,4.0,1.8,a,,,0.0,0.0,0.28319442095301717,0.0,0.0,0.0,0.0,0.35,0.8154753215150045,0.087
6,577,Tomiyasu,DEF,CRY,4.5,0.3,a,,,0.0,18.0,0.28319442095301717,0.2790328973444312,0.01429652990982567,0.0072237445851876195,0.0,0.45745041321451685,0.9772077386955835,0.102
6,588,Khalaili,DEF,CRY,5.0,0.2,a,,,0.0,35.0,0.28319442095301717,0.2790328973444312,0.04188036987744865,0.01886706516747735,0.0,0.6578834147671239,1.2252594449022733,0.132
6,595,Gozo,MID,CRY,5.0,0.0,a,,,0.0,0.0,0.28319442095301717,0.17348723329835605,0.0,0.0,0.0,0.35,0.8154753215150045,0.07
6,633,Ahanor,DEF,CRY,4.5,0.0,a,,,0.25,20.0,0.28319442095301717,0.2790328973444312,0.009907478749843447,0.008794984748007748,0.02506374631184248,1.0625964906997392,1.4416581442313448,0.236
6,643,Chilwell,DEF,CRY,4.5,0.4,a,,,0.25,20.0,0.28319442095301717,0.2790328973444312,0.01651484908462919,0.030077406775185417,0.03604535205436557,1.1770695845325096,1.5282412457199104,0.262
6,644,Timber,MID,CRY,5.0,0.0,a,,,0.25,20.0,0.28319442095301717,0.17348723329835605,0.02620223793362169,0.02309387002724414,0.02649020303341635,1.026721846919695,1.4518901255773975,0.205
6,647,Osorio,MID,CRY,5.5,0.0,a,,,0.25,20.0,0.28319442095301717,0.17348723329835605,0.028091569470022514,0.025104460888140848,0.028025797477352253,1.0437358716283254,1.466849539971279,0.19
6,21,Nørgaard,MID,EVE,4.9,0.1,i,0.0,Groin injury - Unknown return date,0.0,0.0,0.3929829348642825,0.17348723329835605,0.0,0.0,0.0,0.0,0.43588989435406733,0.0
6,209,Johnson,MID,EVE,5.9,0.1,a,,,0.0,6.0,0.3929829348642825,0.07435167141358116,0.017422071069321633,0.005059358766076174,0.0,0.4522884316448367,0.981774132140952,0.077
6,226,Pickford,GK,EVE,5.5,8.6,a,,,1.0,90.0,0.3929829348642825,0.0,0.0,0.006643843404808317,0.10057107890775353,3.1850843777520064,2.4600122596704295,0.579
6,227,Travers,GK,EVE,5.0,0.0,a,,,0.0,0.0,0.3929829348642825,0.0,0.0,0.0,0.0,0.35,0.8154753215150045,0.07
6,228,King,GK,EVE,4.5,0.0,a,,,0.0,0.0,0.3929829348642825,0.0,0.0,0.0,0.0,0.35,0.8154753215150045,0.078
6,229,Tarkowski,DEF,EVE,6.0,11.4,a,,,1.0,90.0,0.3929829348642825,0.5069678953626635,0.05628616101580171,0.046502967902163676,0.1342219288373585,4.325293190205438,2.925025474672852,0.721
6,230,Branthwaite,DEF,EVE,5.5,1.9,a,,,1.0,90.0,0.3929829348642825,0.3174197384066587,0.048537215047540036,0.018899612559884787,0.12184862337866931,3.8348475341112933,2.752713861827396,0.697
6,231,Keane,DEF,EVE,4.9,0.9,a,,,0.0,0.0,0.3929829348642825,0.4475218236130043,0.0,0.0,0.0,0.35,0.8154753215150045,0.071
6,232,O'Brien,DEF,EVE,4.9,0.3,a,,,0.0,0.0,0.3929829348642825,0.19475822433610782,0.0,0.0,0.0,0.35,0.8154753215150045,0.071
6,233,Mykolenko,DEF,EVE,4.5,1.9,a,,,1.0,90.0,0.3929829348642825,0.22496510365506903,0.009539955496518732,0.05237296115857356,0.11991525454535293,3.5292341258249906,2.600535439490605,0.784
6,234,Patterson,DEF,EVE,4.5,0.0,u,0.0,Has joined Torino permanently,0.0,0.0,0.3929829348642825,0.35655965120887834,0.0,0.0,0.0,0.0,0.43588989435406733,0.0
6,235,Aznou,DEF,EVE,4.0,0.1,u,0.0,Has joined Malaga on loan for the rest of the season,0.0,0.0,0.3929829348642825,0.2790328973444312,0.0,0.0,0.0,0.0,0.43588989435406733,0.0
6,236,Dewsbury-Hall,MID,EVE,6.5,4.5,a,,,1.0,90.0,0.3929829348642825,0.1686153999900065,0.1432536250481421,0.15467900384188055,0.14357471359793617,3.5656764864210397,2.7630249862223155,0.549
6,238,Grealish,MID,EVE,6.5,0.4,a,100.0,,0.0,8.0,0.3929829348642825,0.06939489331934243,0.010744917647424647,0.01668763968345012,0.0,0.4537875072874736,0.962634806004202,0.07
6,239,Garner,MID,EVE,6.0,0.1,d,75.0,Unspecified injury - 75% chance of playing,0.0,5.5,0.3929829348642825,0.4416369359916055,0.0028677036807797335,0.008749689398512398,0.0,0.21558758659943583,0.6533166434613513,0.036
6,242,George,MID,EVE,5.5,0.5,a,,,1.0,83.0,0.3929829348642825,0.13878978663868485,0.11646972769052776,0.14096202505388813,0.13699829603400776,3.329150517138631,2.650321555718582,0.605
6,243,Alcaraz,MID,EVE,5.0,0.1,a,,,0.0,1.0,0.3929829348642825,0.10957088418843541,0.0019356923062057753,0.0009591928573827873,0.0,0.3625560401031772,0.8369412345160628,0.073
6,244,Armstrong,MID,EVE,5.0,0.4,a,,,1.0,90.0,0.3929829348642825,0.22676926664334848,0.12019007363434803,0.05764173844763086,0.10153942771512087,3.2242147619286547,2.616705655871621,0.645
6,245,Dibling,MID,EVE,5.4,0.0,a,,,0.0,0.0,0.3929829348642825,0.22013191425573378,0.0,0.0,0.0,0.35,0.8154753215150045,0.065
6,246,Röhl,MID,EVE,5.0,0.0,a,,,1.0,90.0,0.3929829348642825,0.16220246313580383,0.07538657445862705,0.07234236626109394,0.09100342273833059,2.9149602260597662,2.447599615187361,0.583
6,247,Hackney,MID,EVE,5.5,0.2,a,100.0,,1.0,78.0,0.3929829348642825,0.16014206150617483,0.09959399681068,0.09416003834940219,0.11754511537799989,3.1242009077261077,2.556080144585393,0.568
6,248,Beto,FWD,EVE,5.4,1.0,u,0.0,Has joined Fiorentina permanently,0.0,0.0,0.3929829348642825,0.0014191106906338694,0.0,0.0,0.0,0.0,0.43588989435406733,0.0
6,249,Barry,FWD,EVE,5.6,5.8,a,,,1.0,78.0,0.3929829348642825,0.0012417218543046358,0.5400289989132224,0.02688899649231219,0.2682459454771249,4.081313698818871,3.3158211684641845,0.729
6,649,Maitland-Niles,DEF,EVE,4.5,0.2,a,,,0.25,20.0,0.3929829348642825,0.2790328973444312,0.010438444797530894,0.008667946079425413,0.0320845748368192,1.2068303306635886,1.5347991064129545,0.268
6,654,Graham,MID,EVE,4.5,0.1,a,,,0.25,20.0,0.3929829348642825,0.17348723329835605,0.028122817044516416,0.025132385761208857,0.030793809476361386,1.0719952543185989,1.485101978139022,0.238
6,250,Leno,GK,FUL,4.5,3.0,a,,,1.0,90.0,0.33608188821976315,0.0,0.0,0.0004463125406107862,0.08417668144415456,2.925781889779347,2.3577501119882824,0.65
6,251,Lecomte,GK,FUL,4.0,1.2,a,,,0.0,0.0,0.33608188821976315,0.0,0.0,0.0,0.0,0.35,0.8154753215150045,0.087
6,252,McNally,GK,FUL,4.0,0.1,u,0.0,Has joined York City on loan for the rest of the season,0.0,0.0,0.33608188821976315,0.0,0.0,0.0,0.0,0.0,0.43588989435406733,0.0
6,253,Andersen,DEF,FUL,5.0,0.1,a,100.0,,0.0,0.0,0.33608188821976315,0.5429859248403064,0.0,0.0,0.0,0.35,0.8154753215150045,0.07
6,254,Robinson,DEF,FUL,4.5,1.4,a,,,1.0,81.0,0.33608188821976315,0.253392923039075,0.042801654232598456,0.0832305562450872,0.13303299835181853,3.615004533214024,2.6693292300692764,0.803
6,255,J.Cuenca,DEF,FUL,4.5,0.0,a,,,1.0,90.0,0.33608188821976315,0.4934084681797033,0.013683033461124384,0.03746877722217078,0.1019236057940941,3.7135266820174606,2.671665940307643,0.825
6,256,Tete,DEF,FUL,4.4,0.2,a,,,0.0,0.0,0.33608188821976315,0.3338191860688121,0.0,0.0,0.0,0.35,0.8154753215150045,0.08
6,257,Bassey,DEF,FUL,4.5,0.7,a,,,1.0,90.0,0.33608188821976315,0.2767901162959311,0.03371893182429047,0.016068839313127636,0.10144619195303713,3.3704870771621303,2.5702604999403835,0.749
6,258,Castagne,DEF,FUL,4.5,0.8,a,,,1.0,90.0,0.33608188821976315,0.1671373365041617,0.1008082857896202,0.0726958519103504,0.1447469202499305,3.7844438522258144,2.792005199487775,0.841
6,261,Iwobi,MID,FUL,5.4,0.8,a,,,1.0,90.0,0.33608188821976315,0.07516699511171397,0.0807636516987909,0.23492377225349226,0.1440987872052754,3.270190970627442,2.5880387853324156,0.606
6,262,Smith Rowe,MID,FUL,5.4,0.3,a,,,0.0,0.0,0.33608188821976315,0.06715634837355719,0.0,0.0,0.0,0.35,0.8154753215150045,0.065
6,263,Kevin,MID,FUL,5.4,0.0,a,,,0.0,17.0,0.33608188821976315,0.11565815553223738,0.020602426656986576,0.023714055428184378,0.0,0.524154299569486,1.058067922736505,0.097
6,264,Bobb,MID,FUL,5.5,0.3,a,,,1.0,66.0,0.33608188821976315,0.09051507824262055,0.09518450550450143,0.15787325708565167,0.15438575733091303,3.149671137238979,2.5603675895818294,0.573
6,265,Berge,MID,FUL,5.0,0.3,a,,,1.0,72.0,0.33608188821976315,0.1539531912952233,0.028611726339788257,0.05375987869597898,0.06964576602512448,2.5364532429573954,2.2340392833739027,0.507
6,266,Cairney,MID,FUL,5.0,0.0,i,0.0,Knee injury - Expected back 10 Oct,0.0,0.0,0.33608188821976315,0.10957088418843541,0.0,0.0,0.0,0.0,0.43588989435406733,0.0
6,268,King,MID,FUL,5.5,1.1,a,,,1.0,90.0,0.33608188821976315,0.08007103075308741,0.2102090531407299,0.09699526088773502,0.14112969873193904,3.5096867808466565,2.8159650570369346,0.638
6,269,Sessegnon,DEF,FUL,4.5,0.3,a,,,0.0,17.0,0.33608188821976315,0.47963733650416174,0.02199071992944208,0.025916676436522526,0.0,0.55969434888622,1.0933268415530968,0.124
6,270,Reed,MID,FUL,4.5,1.2,a,,,0.0,0.0,0.33608188821976315,0.16014206150617483,0.0,0.0,0.0,0.35,0.8154753215150045,0.078
6,271,Muniz,FWD,FUL,5.4,0.4,a,,,0.0,8.0,0.33608188821976315,0.001892147587511826,0.04110088976301557,0.0021013089378629354,0.0,0.5207074858656511,1.11173268447178,0.096
6,272,Kusi-Asare,FWD,FUL,4.5,6.2,a,,,0.0,0.0,0.33608188821976315,0.0033112582781456954,0.0,0.0,0.0,0.35,0.8154753215150045,0.078
6,569,Gonzalo,FWD,FUL,6.0,4.1,a,,,1.0,90.0,0.33608188821976315,0.003056546102903719,0.5448676302447893,0.061002898910499606,0.24566287402632742,4.183766136566327,3.349382247660717,0.697
6,570,Palacios,MID,FUL,5.5,0.2,a,,,1.0,72.0,0.33608188821976315,0.16014206150617483,0.15707644884739952,0.07150697333007096,0.13361343602461964,3.3073733305853734,2.688209073192896,0.601
6,580,Charles,MID,FUL,5.0,0.1,a,,,0.0,23.0,0.33608188821976315,0.17348723329835605,0.03036608500384553,0.02809560366325353,0.0,0.5861172360089881,1.1383405722542574,0.117
6,610,De Fougerolles,DEF,FUL,4.0,0.1,d,75.0,Unspecified injury - 75% chance of playing,0.0,0.0,0.33608188821976315,0.2790328973444312,0.0,0.0,0.0,0.175,0.5766281297335397,0.044
6,626,Zepa,MID,FUL,4.5,0.4,a,,,0.25,20.0,0.33608188821976315,0.17348723329835605,0.028122817044516416,0.025132385761208857,0.029371283310248405,1.0574854874242465,1.4757910856124477,0.235
6,635,Larsson,MID,FUL,5.0,0.0,a,,,0.25,20.0,0.33608188821976315,0.17348723329835605,0.03065810607076245,0.02971410104634964,0.03217360375785697,1.0867093988585077,1.4995654351363727,0.217
6,636,Ángel,MID,FUL,5.0,0.0,a,,,0.25,20.0,0.33608188821976315,0.17348723329835605,0.028122817044516416,0.025132385761208857,0.029371283310248405,1.0574854874242465,1.4757910856124477,0.211
6,650,Affengruber,DEF,FUL,4.5,0.0,a,,,0.25,20.0,0.33608188821976315,0.2790328973444312,0.009907478749843447,0.008794984748007748,0.028369213016014104,1.1323609131224,1.4869198389394165,0.252
6,240,Iroegbunam,MID,HUL,5.0,0.0,a,100.0,,0.0,0.0,0.9476507313404317,0.3243516714135812,0.0,0.0,0.0,0.35,0.8154753215150045,0.07
6,273,Phillips,GK,HUL,4.0,1.5,a,,,0.0,0.0,0.9476507313404317,0.0,0.0,0.0,0.0,0.35,0.8154753215150045,0.087
6,274,Butland,GK,HUL,4.5,0.1,i,0.0,Arm injury - Unknown return date,0.0,0.0,0.9476507313404317,0.0,0.0,0.0,0.0,0.0,0.43588989435406733,0.0
6,275,Cartwright,GK,HUL,4.0,0.0,u,0.0,Has joined Grimsby Town on loan for the rest of the season,0.0,0.0,0.9476507313404317,0.0,0.0,0.0,0.0,0.0,0.43588989435406733,0.0
6,276,Lo-Tutala,GK,HUL,4.0,0.0,u,0.0,Has joined Colchester United on loan for the rest of the season,0.0,0.0,0.9476507313404317,0.0,0.0,0.0,0.0,0.0,0.43588989435406733,0.0
6,277,Egan,DEF,HUL,4.1,6.3,a,,,1.0,90.0,0.9476507313404317,0.33449190524101347,0.031208558062006855,0.02770420195622441,0.25753214884148884,6.199432396202382,3.459215648258513,1.512
6,278,Hughes,DEF,HUL,4.0,0.1,i,0.0,Groin injury - Unknown return date,0.0,0.0,0.9476507313404317,0.2790328973444312,0.0,0.0,0.0,0.0,0.43588989435406733,0.0
6,279,Ajayi,DEF,HUL,4.1,11.7,a,100.0,,1.0,63.0,0.9476507313404317,0.25756882831793654,0.058692247385265,0.020224067428043817,0.27637084024176234,6.219194358419202,3.488355309498743,1.517
6,280,Coyle,DEF,HUL,4.0,0.6,a,100.0,,1.0,69.0,0.9476507313404317,0.25756882831793654,0.027458577355191114,0.025883078006881256,0.26126430810909745,6.033662837842605,3.410089567156865,1.508
6,281,Drameh,DEF,HUL,4.0,0.1,u,0.0,Has joined Genoa permanently,0.0,0.0,0.9476507313404317,0.2790328973444312,0.0,0.0,0.0,0.0,0.43588989435406733,0.0
6,282,Giles,DEF,HUL,4.0,1.4,a,,,1.0,84.0,0.9476507313404317,0.25756882831793654,0.03214317470731313,0.04593259591065397,0.26619109681684555,6.126845764374403,3.440038662654134,1.532
6,283,Jacob,DEF,HUL,4.0,0.0,u,0.0,Has joined Newport County on loan until January,0.0,0.0,0.9476507313404317,0.2790328973444312,0.0,0.0,0.0,0.0,0.43588989435406733,0.0
6,284,McCarthy,DEF,HUL,4.0,0.1,a,,,0.0,0.0,0.9476507313404317,0.2790328973444312,0.0,0.0,0.0,0.35,0.8154753215150045,0.087
6,285,McNair,DEF,HUL,4.0,0.1,a,100.0,,0.0,26.0,0.9476507313404317,0.2790328973444312,0.012507641506191249,0.011103179634096006,0.0,0.45835538793943553,0.9725847449564871,0.115
6,286,Belloumi,MID,HUL,5.0,1.0,a,,,1.0,90.0,0.9476507313404317,0.16014206150617483,0.11065509091678839,0.08692549015973289,0.1639182765108256,3.7144702675785255,2.778745050180014,0.743
6,287,Millar,MID,HUL,5.0,0.0,u,0.0,Has joined Birmingham on loan for the rest of the season,0.0,0.0,0.9476507313404317,0.17348723329835605,0.0,0.0,0.0,0.0,0.43588989435406733,0.0
6,288,Dowell,MID,HUL,4.5,0.3,a,,,0.0,0.0,0.9476507313404317,0.17348723329835605,0.0,0.0,0.0,0.35,0.8154753215150045,0.078
6,289,Crooks,MID,HUL,4.5,0.5,a,100.0,,1.0,90.0,0.9476507313404317,0.16014206150617483,0.1138974090302915,0.10178616233289588,0.17025432311115873,3.781599921265862,2.8050711763851712,0.84
6,290,Slater,MID,HUL,4.5,5.3,a,,,1.0,90.0,0.9476507313404317,0.16014206150617483,0.09158687369022672,0.13410037635963254,0.17375561065149392,3.7704911741860836,2.7773106547692716,0.838
6,291,Matazo,MID,HUL,4.5,0.0,i,0.0,Knee injury - Unknown return date,0.0,0.0,0.9476507313404317,0.17348723329835605,0.0,0.0,0.0,0.0,0.43588989435406733,0.0
6,292,Ömür,MID,HUL,4.9,0.0,a,,,0.0,0.0,0.9476507313404317,0.17348723329835605,0.0,0.0,0.0,0.35,0.8154753215150045,0.071
6,293,Kamara,MID,HUL,5.0,0.0,u,0.0,Has joined Portsmouth permanently,0.0,0.0,0.9476507313404317,0.17348723329835605,0.0,0.0,0.0,0.0,0.43588989435406733,0.0
6,294,Zambrano,MID,HUL,4.5,0.1,a,100.0,,0.0,0.0,0.9476507313404317,0.17348723329835605,0.0,0.0,0.0,0.35,0.8154753215150045,0.078
6,295,McBurnie,FWD,HUL,5.5,1.9,a,,,1.0,90.0,0.9476507313404317,0.003056546102903719,0.4548676302447894,0.0460028989104996,0.2700697583383943,3.803173020878394,3.155191677400548,0.691
6,296,Akintola,MID,HUL,5.0,0.0,a,,,0.0,0.0,0.9476507313404317,0.17348723329835605,0.0,0.0,0.0,0.35,0.8154753215150045,0.07
6,297,Gyabi,MID,HUL,4.5,0.0,i,0.0,Thigh injury - Unknown return date,0.0,0.0,0.9476507313404317,0.17348723329835605,0.0,0.0,0.0,0.0,0.43588989435406733,0.0
6,298,Destan,FWD,HUL,4.5,0.2,u,0.0,Has joined Konyaspor permanently,0.0,0.0,0.9476507313404317,0.0033112582781456954,0.0,0.0,0.0,0.0,0.43588989435406733,0.0
6,299,Burstow,FWD,HUL,4.5,0.0,u,0.0,Has joined Sheffield Wednesday on loan for the rest of the season,0.0,0.0,0.9476507313404317,0.0033112582781456954,0.0,0.0,0.0,0.0,0.43588989435406733,0.0
6,340,Gelhardt,MID,HUL,5.0,0.0,a,100.0,,0.0,0.0,0.9476507313404317,0.17348723329835605,0.0,0.0,0.0,0.35,0.8154753215150045,0.07
6,556,Targett,DEF,HUL,4.0,1.9,a,,,0.0,5.0,0.9476507313404317,0.2790328973444312,0.0023582961385930547,0.002834030796253027,0.0,0.3726518692203174,0.8498166439592493,0.093
6,563,Morita,MID,HUL,5.0,0.0,i,0.0,Calf injury - Expected back 11 Oct,0.0,0.0,0.9476507313404317,0.17348723329835605,0.0,0.0,0.0,0.0,0.43588989435406733,0.0
6,572,Tzolakis,GK,HUL,4.6,9.6,a,,,1.0,90.0,0.9476507313404317,0.0,0.0,0.0002302631578947368,0.23699327494037106,5.310079602708773,3.1763424319721367,1.154
6,574,Hjertø-Dahl,MID,HUL,4.9,0.1,a,,,0.0,0.0,0.9476507313404317,0.17348723329835605,0.0,0.0,0.0,0.35,0.8154753215150045,0.071
6,576,Stroud,MID,HUL,5.0,0.1,a,,,1.0,70.0,0.9476507313404317,0.16014206150617483,0.08093417323464318,0.07267726019128841,0.16389021817571237,3.5230929309273527,2.679455468592421,0.705
6,585,Herrington,DEF,HUL,4.0,0.6,a,,,0.0,26.0,0.9476507313404317,0.2790328973444312,0.01179210137425811,0.010467986291184334,0.0,0.4521565671191016,0.9642873460602093,0.113
6,586,Mendy,DEF,HUL,4.1,7.9,a,100.0,,1.0,63.0,0.9476507313404317,0.33449190524101347,0.04686874185106984,0.02182475465218123,0.27125943108673345,6.289482439269875,3.497317412777854,1.534
6,589,Gourna-Douath,MID,HUL,5.0,0.0,a,,,0.0,0.0,0.9476507313404317,0.17348723329835605,0.0,0.0,0.0,0.35,0.8154753215150045,0.07
6,617,Cho,MID,HUL,5.0,0.0,a,,,0.25,20.0,0.9476507313404317,0.17348723329835605,0.02876521453821892,0.024713512665188706,0.044748517119852546,1.2154789233320564,1.5754368415014994,0.243
6,632,Ansah,FWD,HUL,5.0,0.0,i,0.0,Back injury - Unknown return date,0.0,0.0,0.9476507313404317,0.0033112582781456954,0.0,0.0,0.0,0.0,0.43588989435406733,0.0
6,637,Vaz,FWD,HUL,5.0,0.0,a,,,0.25,20.0,0.9476507313404317,0.0033112582781456954,0.09551353341104425,0.01269933298746019,0.06630008442792192,1.1429753958424267,1.6567240121899833,0.229
6,638,Norton-Cuffy,DEF,HUL,4.0,0.3,a,,,0.25,20.0,0.9476507313404317,0.2790328973444312,0.009621262697070192,0.008540907410843082,0.06637952518876783,1.804602753251335,1.86720989911685,0.451
6,642,Thomas,MID,HUL,5.5,0.0,a,,,0.25,20.0,0.9476507313404317,0.17348723329835605,0.027279132533180924,0.025245080855039258,0.04437267730512249,1.209267378061688,1.5688476068491461,0.22
6,645,Mouzakitis,MID,HUL,5.0,0.0,a,,,0.25,20.0,0.9476507313404317,0.17348723329835605,0.028122817044516416,0.025132385761208857,0.04466050438826512,1.213435542420017,1.5729794763013059,0.243
6,259,Diop,DEF,IPS,4.0,14.6,a,,,1.0,90.0,0.15126546228844637,0.20706641753015118,0.037201021235709966,0.010714518829083584,0.05458680459478933,2.174125356029405,2.086634683855832,0.544
6,267,Lukić,MID,IPS,5.0,0.1,a,,,1.0,90.0,0.15126546228844637,0.16939489331934243,0.06036958199004083,0.06594674114731225,0.05933725932691821,2.57987622173202,2.294337009515185,0.516
6,300,Walton,GK,IPS,4.5,0.4,a,,,0.0,0.0,0.15126546228844637,0.0,0.0,0.0,0.0,0.35,0.8154753215150045,0.078
6,301,Palmer,GK,IPS,4.0,4.2,a,,,0.0,0.0,0.15126546228844637,0.0,0.0,0.0,0.0,0.35,0.8154753215150045,0.087
6,302,Button,GK,IPS,4.0,0.5,a,,,0.0,0.0,0.15126546228844637,0.0,0.0,0.0,0.0,0.35,0.8154753215150045,0.087
6,303,Kipré,DEF,IPS,4.0,0.5,a,,,0.0,0.0,0.15126546228844637,0.2790328973444312,0.0,0.0,0.0,0.35,0.8154753215150045,0.087
6,304,O'Shea,DEF,IPS,4.0,3.0,a,,,1.0,90.0,0.15126546228844637,0.33449190524101347,0.03268360893838272,0.033307080313634094,0.060913106810317474,2.455587766302608,2.2049304772725264,0.614
6,305,Davis,DEF,IPS,4.0,5.1,a,,,1.0,90.0,0.15126546228844637,0.25756882831793654,0.08974180799746337,0.12145829914796397,0.11173640307301116,2.9716754518843134,2.4868924798963414,0.743
6,306,Greaves,DEF,IPS,4.0,1.2,a,,,1.0,90.0,0.15126546228844637,0.25756882831793654,0.03637433187491641,0.015678678297665154,0.05603491913251514,2.2784302486576395,2.1324313502898544,0.57
6,307,Johnson,DEF,IPS,4.0,0.1,u,0.0,Has joined Stoke City on loan for the rest of the season,0.0,0.0,0.15126546228844637,0.2790328973444312,0.0,0.0,0.0,0.0,0.43588989435406733,0.0
6,308,Furlong,DEF,IPS,4.0,0.5,a,,,0.0,0.0,0.15126546228844637,0.2790328973444312,0.0,0.0,0.0,0.35,0.8154753215150045,0.087
6,309,Núñez,MID,IPS,5.0,0.1,a,,,1.0,79.0,0.15126546228844637,0.23706513842925175,0.09653608282824007,0.0949609064661788,0.09148294069434076,3.004410154249271,2.507507884343149,0.601
6,310,Matusiwa,MID,IPS,4.9,0.0,i,0.0,Muscular injury - Unknown return date,0.0,0.0,0.15126546228844637,0.17348723329835605,0.0,0.0,0.0,0.0,0.43588989435406733,0.0
6,311,Burns,MID,IPS,5.0,0.0,u,0.0,Has joined Leicester City permanently,0.0,0.0,0.15126546228844637,0.17348723329835605,0.0,0.0,0.0,0.0,0.43588989435406733,0.0
6,312,Taylor,MID,IPS,4.5,0.0,i,0.0,Knee injury - Unknown return date,0.0,0.0,0.15126546228844637,0.17348723329835605,0.0,0.0,0.0,0.0,0.43588989435406733,0.0
6,313,Clarke,MID,IPS,5.5,0.2,a,,,0.0,19.0,0.15126546228844637,0.17348723329835605,0.044483708651325525,0.019219802290068064,0.0,0.6300779501268318,1.2099794862512891,0.115
6,314,Ogbene,MID,IPS,4.9,0.0,u,0.0,Has joined Lincoln City on loan until January,0.0,0.0,0.15126546228844637,0.17348723329835605,0.0,0.0,0.0,0.0,0.43588989435406733,0.0
6,315,Fatawu,MID,IPS,5.5,0.2,a,,,1.0,65.0,0.15126546228844637,0.16014206150617483,0.051352061350588646,0.1503114869705906,0.11285580426141613,2.8243761904028637,2.3821056084626,0.514
6,316,Emersonn,FWD,IPS,5.5,1.7,a,100.0,,1.0,65.0,0.15126546228844637,0.003056546102903719,0.32448874912320463,0.03746052224263305,0.19053273158305828,3.176493339633119,2.8252911071325295,0.578
6,317,Hirst,FWD,IPS,5.0,0.1,u,0.0,Has joined Stoke City permanently,0.0,0.0,0.15126546228844637,0.0033112582781456954,0.0,0.0,0.0,0.0,0.43588989435406733,0.0
6,318,Philogene,MID,IPS,5.4,0.1,i,0.0,Ankle injury - Unknown return date,0.0,0.0,0.15126546228844637,0.17348723329835605,0.0,0.0,0.0,0.0,0.43588989435406733,0.0
6,319,Szmodics,MID,IPS,5.0,0.0,u,0.0,Has joined Derby County on loan for the rest of the season,0.0,0.0,0.15126546228844637,0.17348723329835605,0.0,0.0,0.0,0.0,0.43588989435406733,0.0
6,320,Akpom,FWD,IPS,5.0,1.2,a,,,0.0,24.0,0.15126546228844637,0.0033112582781456954,0.13179343946388147,0.014070860950105894,0.0,0.9193863407058436,1.5929829516113447,0.184
6,321,Walle Egeli,FWD,IPS,4.5,3.4,a,,,0.0,10.0,0.15126546228844637,0.0033112582781456954,0.047226135964349665,0.0062791146437997615,0.0,0.5577418877887979,1.1589074176071243,0.124
6,322,Al-Hamadi,FWD,IPS,5.0,0.1,u,0.0,Has joined Sheffield Wednesday on loan for the rest of the season,0.0,0.0,0.15126546228844637,0.0033112582781456954,0.0,0.0,0.0,0.0,0.43588989435406733,0.0
6,323,McAteer,MID,IPS,4.5,1.2,a,,,0.0,24.0,0.15126546228844637,0.17348723329835605,0.03001767454823847,0.021105364344035746,0.0,0.5634044657732996,1.1182908978699146,0.125
6,324,Mehmeti,MID,IPS,4.9,0.0,a,,,0.0,0.0,0.15126546228844637,0.17348723329835605,0.0,0.0,0.0,0.35,0.8154753215150045,0.071
6,554,Van Oevelen,GK,IPS,4.5,0.0,u,0.0,Has joined Valencia on loan for the rest of the season,0.0,0.0,0.15126546228844637,0.0,0.0,0.0,0.0,0.0,0.43588989435406733,0.0
6,562,Maeda,MID,IPS,5.4,0.3,a,,,1.0,79.0,0.15126546228844637,0.16014206150617483,0.14762469676763829,0.075447422055149,0.10407302398729779,3.072364392467669,2.5929212341092045,0.569
6,564,Scherpen,GK,IPS,4.5,0.6,a,,,1.0,90.0,0.15126546228844637,0.0,0.0,0.0002302631578947368,0.03789695767737475,2.0947514028709016,1.9950006680336507,0.466
6,571,Florentino,MID,IPS,4.9,0.1,a,100.0,,0.0,0.0,0.15126546228844637,0.4594813371308649,0.0,0.0,0.0,0.35,0.8154753215150045,0.071
6,591,Enciso,MID,IPS,5.5,0.9,a,100.0,,1.0,70.0,0.15126546228844637,0.16014206150617483,0.17573317222752302,0.10908165219086485,0.14329321721711916,3.353029653404062,2.7249138288820904,0.61
6,592,Ouattara,DEF,IPS,4.0,0.9,a,,,0.0,10.0,0.15126546228844637,0.2790328973444312,0.004739077335341782,0.004447675111871114,0.0,0.391777489347664,0.8790970900717464,0.098
6,602,Humphreys,MID,IPS,4.5,0.0,u,0.0,Has joined Huddersfield Town on loan for the rest of the season,0.0,0.0,0.15126546228844637,0.17348723329835605,0.0,0.0,0.0,0.0,0.43588989435406733,0.0
6,619,Palacios,MID,IPS,5.0,0.0,a,,,0.25,20.0,0.15126546228844637,0.17348723329835605,0.024841821722656168,0.0229780518668456,0.02261071178307748,0.9853491596404814,1.4216941772592486,0.197
6,640,Flemming,FWD,IPS,5.5,0.0,a,,,0.25,20.0,0.15126546228844637,0.0012417218543046358,0.08918241236105273,0.006354309476892909,0.04139922078090225,1.072762990708772,1.6041646288685532,0.195
6,260,Wilson,MID,LEE,6.3,3.1,a,,,1.0,65.0,0.1614307701619431,0.07167085580419238,0.1408860589724751,0.08909209050957188,0.1275940263805709,2.949691276000364,2.5396318194249226,0.468
6,326,Perri,GK,LEE,4.5,0.4,u,0.0,Has joined Torino on loan for the rest of the season,0.0,0.0,0.1614307701619431,0.0,0.0,0.0,0.0,0.0,0.43588989435406733,0.0
6,327,Bijol,DEF,LEE,5.0,0.9,a,,,1.0,90.0,0.1614307701619431,0.4514233755333287,0.04628268526222158,0.029839390394653904,0.0670004190203922,2.814478144704988,2.371751375358051,0.563
6,329,Rodon,DEF,LEE,4.4,1.5,i,0.0,Hamstring injury - Expected back 21 Nov,0.0,0.0,0.1614307701619431,0.2966309948474039,0.0,0.0,0.0,0.0,0.43588989435406733,0.0
6,330,Bogle,DEF,LEE,4.5,1.7,a,,,1.0,90.0,0.1614307701619431,0.12155442654848124,0.1376823955390994,0.07203474525949352,0.11375869181999329,2.9292618776282553,2.528179570506866,0.651
6,331,Gudmundsson,DEF,LEE,4.5,0.1,a,100.0,,0.0,0.0,0.1614307701619431,0.13370986920332936,0.0,0.0,0.0,0.35,0.8154753215150045,0.078
6,332,Justin,DEF,LEE,4.5,1.5,a,,,1.0,90.0,0.1614307701619431,0.25298165964039926,0.060234795647555295,0.028870007779315122,0.07154437373989042,2.5346938566474817,2.2753740574937447,0.563
6,333,Bornauw,DEF,LEE,4.5,0.0,u,0.0,Has joined Hamburg SV on loan for the rest of the season,0.0,0.0,0.1614307701619431,0.2717746730083234,0.0,0.0,0.0,0.0,0.43588989435406733,0.0
6,334,Muharemović,DEF,LEE,5.0,3.6,a,,,1.0,90.0,0.1614307701619431,0.25756882831793654,0.040208558062006856,0.03070420195622441,0.06517715854686672,2.4221121888385637,2.200741808383099,0.484
6,335,Stach,MID,LEE,6.0,2.8,a,,,1.0,90.0,0.1614307701619431,0.3270461699895068,0.126504467243917,0.1479401851391116,0.11219870535025432,3.5088228583168544,2.7250303180452002,0.585
6,336,Okafor,MID,LEE,5.9,0.3,a,,,0.0,24.0,0.1614307701619431,0.06939489331934243,0.060771233116667794,0.02373790745457171,0.0,0.7250698879470541,1.3199470390130845,0.123
6,337,Aaronson,MID,LEE,5.4,0.6,a,,,1.0,81.0,0.1614307701619431,0.12394748291659202,0.1211081040249392,0.09801127925152471,0.10135617051259695,2.9475102055073834,2.5153365609026683,0.546
6,338,Ampadu,MID,LEE,5.5,1.0,a,,,1.0,90.0,0.1614307701619431,0.46003847499125566,0.054769989677949577,0.06381623895111055,0.05764825703636535,3.087934024812343,2.489115221361026,0.561
6,339,Longstaff,MID,LEE,4.9,0.1,a,,,0.0,8.0,0.1614307701619431,0.19437365712287014,0.008732995182204113,0.00941636645687721,0.0,0.4219140752816522,0.924139986218735,0.086
6,341,Gnonto,MID,LEE,5.0,0.0,u,0.0,Has joined ACF Fiorentina on loan for the rest of the season,0.0,0.0,0.1614307701619431,0.14870334282716233,0.0,0.0,0.0,0.0,0.43588989435406733,0.0
6,342,Harrison,MID,LEE,5.0,0.0,u,0.0,Has joined New England Revolution permanently,0.0,0.0,0.1614307701619431,0.16014206150617483,0.0,0.0,0.0,0.0,0.43588989435406733,0.0
6,343,James,MID,LEE,5.0,0.1,a,,,0.0,0.0,0.1614307701619431,0.13878978663868485,0.0,0.0,0.0,0.35,0.8154753215150045,0.07
6,344,Gruev,MID,LEE,5.0,0.0,d,25.0,Knee injury - 25% chance of playing,0.0,0.0,0.1614307701619431,0.11853256921462588,0.0,0.0,0.0,0.0875,0.43588989435406733,0.017
6,345,Tanaka,MID,LEE,4.9,0.2,a,,,0.0,0.0,0.1614307701619431,0.21174361664917804,0.0,0.0,0.0,0.35,0.8154753215150045,0.071
6,346,Calvert-Lewin,FWD,LEE,6.0,23.0,a,,,1.0,90.0,0.1614307701619431,0.0009240720776220546,0.5916140648886031,0.035223303476999146,0.2355361559441551,4.27936261855239,3.4176707513423756,0.713
6,347,Nmecha,FWD,LEE,5.4,0.5,a,,,0.0,0.0,0.1614307701619431,0.001892147587511826,0.0,0.0,0.0,0.35,0.8154753215150045,0.065
6,348,Piroe,FWD,LEE,5.0,0.1,u,0.0,Has joined West Ham United on loan for the rest of the season,0.0,0.0,0.1614307701619431,0.003056546102903719,0.0,0.0,0.0,0.0,0.43588989435406733,0.0
6,349,Mateo Joseph,FWD,LEE,4.5,0.1,i,0.0,Knee injury - Unknown return date,0.0,0.0,0.1614307701619431,0.0033112582781456954,0.0,0.0,0.0,0.0,0.43588989435406733,0.0
6,385,Trafford,GK,LEE,5.0,5.4,a,,,1.0,90.0,0.1614307701619431,0.0,0.0,0.00012792397660818714,0.04040246593229864,2.1437614423682034,2.018203840175612,0.429
6,598,Elvedi,DEF,LEE,4.5,0.0,a,,,0.0,0.0,0.1614307701619431,0.2790328973444312,0.0,0.0,0.0,0.35,0.8154753215150045,0.078
6,603,Lienou,DEF,LEE,4.0,0.1,a,,,0.0,0.0,0.1614307701619431,0.2790328973444312,0.0,0.0,0.0,0.35,0.8154753215150045,0.087
6,604,Cresswell,MID,LEE,4.5,0.1,a,,,0.0,0.0,0.1614307701619431,0.17348723329835605,0.0,0.0,0.0,0.35,0.8154753215150045,0.078
6,625,Cairns,GK,LEE,4.0,0.2,a,,,0.25,20.0,0.1614307701619431,0.0,0.0,7.309941520467835e-05,0.010118206029858285,0.7985813054019923,1.231789137906235,0.2
6,629,Zetterer,GK,LEE,4.0,0.5,a,,,0.25,20.0,0.1614307701619431,0.0,0.0,7.309941520467835e-05,0.010118206029858285,0.7985813054019923,1.231789137906235,0.2
6,641,Bard,DEF,LEE,4.5,0.0,a,,,0.25,20.0,0.1614307701619431,0.2790328973444312,0.009907478749843447,0.008794984748007748,0.01745351813740035,0.8815495856454175,1.3169620667374418,0.196
6,648,Bahoya,MID,LEE,5.0,0.0,a,,,0.25,20.0,0.1614307701619431,0.17348723329835605,0.028122817044516416,0.025132385761208857,0.025005005358802904,1.0129494523195024,1.4468382292689645,0.203
6,350,A.Becker,GK,LIV,5.5,3.9,a,,,1.0,90.0,0.18187957917442202,0.0,0.0,0.002754552363354592,0.04643398812077961,2.2499126377116045,2.0675671722224767,0.409
6,351,Mamardashvili,GK,LIV,4.9,0.1,a,,,0.0,0.0,0.18187957917442202,0.0,0.0,0.0,0.0,0.35,0.8154753215150045,0.071
6,352,Woodman,GK,LIV,4.0,1.1,a,,,0.0,0.0,0.18187957917442202,0.0,0.0,0.0,0.0,0.35,0.8154753215150045,0.087
6,353,Pecsi,GK,LIV,4.0,0.0,u,0.0,Has joined TSV Hartberg on loan for the rest of the season,0.0,0.0,0.18187957917442202,0.0,0.0,0.0,0.0,0.0,0.43588989435406733,0.0
6,354,Jaros,GK,LIV,4.0,0.0,i,0.0,Knee injury - Unknown return date,0.0,0.0,0.18187957917442202,0.0,0.0,0.0,0.0,0.0,0.43588989435406733,0.0
6,355,Davies,GK,LIV,4.0,0.2,a,,,0.0,0.0,0.18187957917442202,0.0,0.0,0.0,0.0,0.35,0.8154753215150045,0.087
6,356,Virgil,DEF,LIV,6.5,17.2,a,,,1.0,90.0,0.18187957917442202,0.39898813270849365,0.07836303487887541,0.02890651262226402,0.0830142364190043,3.052010177571462,2.503796626457315,0.47
6,357,Frimpong,DEF,LIV,5.4,2.4,a,,,1.0,90.0,0.18187957917442202,0.1455823812231815,0.03787491146096896,0.09794308340447565,0.09300619299651111,2.55991652325519,2.256344579834976,0.474
6,358,Kerkez,DEF,LIV,5.4,2.8,a,,,1.0,90.0,0.18187957917442202,0.12078874355925485,0.02778849297930934,0.042786409488628496,0.07017111065738374,2.2654726149769395,2.11450441624794,0.42
6,359,Gomez,DEF,LIV,5.0,0.0,i,0.0,Muscular injury - Unknown return date,0.0,0.0,0.18187957917442202,0.19696439812548086,0.0,0.0,0.0,0.0,0.43588989435406733,0.0
6,360,Bradley,DEF,LIV,5.0,0.0,i,0.0,Knee injury - Unknown return date,0.0,0.0,0.18187957917442202,0.20706641753015118,0.0,0.0,0.0,0.0,0.43588989435406733,0.0
6,361,Lucky,DEF,LIV,4.0,0.1,a,,,0.0,0.0,0.18187957917442202,0.2790328973444312,0.0,0.0,0.0,0.35,0.8154753215150045,0.087
6,362,Jacquet,DEF,LIV,5.0,2.7,a,100.0,,1.0,69.0,0.18187957917442202,0.25756882831793654,0.025255814579809258,0.0304272893608705,0.07089044224478538,2.4655938717400403,2.1991278370719907,0.493
6,363,Leoni,DEF,LIV,4.0,0.0,i,0.0,Knee injury - Unknown return date,0.0,0.0,0.18187957917442202,0.2790328973444312,0.0,0.0,0.0,0.0,0.43588989435406733,0.0
6,364,Tsimikas,DEF,LIV,4.9,0.1,a,,,0.0,0.0,0.18187957917442202,0.2790328973444312,0.0,0.0,0.0,0.35,0.8154753215150045,0.071
6,365,Ramsay,DEF,LIV,4.0,0.1,u,0.0,Has joined St Mirren on loan for the rest of the season,0.0,0.0,0.18187957917442202,0.2790328973444312,0.0,0.0,0.0,0.0,0.43588989435406733,0.0
6,366,Wirtz,MID,LIV,7.4,8.1,a,,,1.0,62.0,0.18187957917442202,0.07704616998950682,0.16609574261794796,0.1119561881372469,0.15945627757532346,3.204897720697965,2.6619316529606505,0.433
6,367,Gakpo,MID,LIV,7.2,13.6,d,75.0,Thigh injury - 75% chance of playing,0.5,45.0,0.18187957917442202,0.0927692454450062,0.12053055261132266,0.11696777873052142,0.09221839492836652,2.087286806406184,2.1654164144200267,0.29
6,368,Szoboszlai,MID,LIV,7.0,38.4,a,,,1.0,90.0,0.18187957917442202,0.24656830203225047,0.3429873671413332,0.21860971329773887,0.21474693607111742,4.77652780025081,3.336664056108217,0.682
6,369,Ngumoha,MID,LIV,5.8,0.6,a,,,1.0,62.0,0.18187957917442202,0.11565815553223738,0.1141182247714758,0.1494657443375793,0.15210561964220407,3.121234195532106,2.571974789950293,0.538
6,370,Chiesa,MID,LIV,5.4,0.1,i,0.0,Back injury - Unknown return date,0.0,0.0,0.18187957917442202,0.16014206150617483,0.0,0.0,0.0,0.0,0.43588989435406733,0.0
6,371,Gravenberch,MID,LIV,5.9,1.4,a,,,1.0,77.0,0.18187957917442202,0.19743145216478855,0.04147222671590036,0.068422971978352,0.063145084656,2.576378218994237,2.2680282133131526,0.437
6,372,Mac Allister,MID,LIV,5.4,1.4,a,,,0.0,27.0,0.18187957917442202,0.14833772681903104,0.030331498276548796,0.04180216686855194,0.0,0.6270639919883998,1.1719260106496707,0.116
6,373,C.Jones,MID,LIV,5.5,0.0,u,0.0,Has joined Internazionale permanently,0.0,0.0,0.18187957917442202,0.20272822665267576,0.0,0.0,0.0,0.0,0.43588989435406733,0.0
6,374,Endo,MID,LIV,5.0,0.1,a,100.0,,0.0,0.0,0.18187957917442202,0.16014206150617483,0.0,0.0,0.0,0.35,0.8154753215150045,0.07
6,375,Nyoni,MID,LIV,4.9,0.0,a,,,0.0,0.0,0.18187957917442202,0.17348723329835605,0.0,0.0,0.0,0.35,0.8154753215150045,0.071
6,376,Bajcetic,MID,LIV,5.0,0.0,u,0.0,Has joined Celta Vigo permanently,0.0,0.0,0.18187957917442202,0.17348723329835605,0.0,0.0,0.0,0.0,0.43588989435406733,0.0
6,377,Munoz,MID,LIV,6.5,1.2,a,,,0.0,27.0,0.18187957917442202,0.17348723329835605,0.04297264240807774,0.03434297662210557,0.0,0.6678921419067054,1.2356500006357816,0.103
6,378,McConnell,MID,LIV,4.5,0.2,a,,,0.0,0.0,0.18187957917442202,0.17348723329835605,0.0,0.0,0.0,0.35,0.8154753215150045,0.078
6,379,Isak,FWD,LIV,9.1,21.9,a,,,1.0,90.0,0.18187957917442202,0.001892147587511826,0.6516006870232897,0.07200476396430369,0.2714498657630999,4.667348457310191,3.5745721689496075,0.513
6,380,Ekitiké,FWD,LIV,7.4,0.1,i,0.0,Achilles injury - Unknown return date,0.0,0.0,0.18187957917442202,0.001281777397991882,0.0,0.0,0.0,0.0,0.43588989435406733,0.0
6,381,Koumas,MID,LIV,5.0,0.0,a,,,0.0,12.0,0.18187957917442202,0.17348723329835605,0.01703440359010182,0.014861617446794838,0.0,0.4797568702908936,1.0068487846212602,0.096
6,382,Danns,FWD,LIV,4.5,0.1,a,100.0,,0.0,0.0,0.18187957917442202,0.0033112582781456954,0.0,0.0,0.0,0.35,0.8154753215150045,0.078
6,383,Elliott,MID,LIV,5.4,0.0,u,0.0,Has joined Valencia on loan for the rest of the season,0.0,0.0,0.18187957917442202,0.17348723329835605,0.0,0.0,0.0,0.0,0.43588989435406733,0.0
6,579,Araujo,DEF,LIV,5.4,2.4,a,,,0.0,20.0,0.18187957917442202,0.2790328973444312,0.008553456654031509,0.008807818313928172,0.0,0.42774419486597354,0.9295346740006737,0.079
6,627,Barcola,MID,LIV,8.0,1.9,a,,,0.25,20.0,0.18187957917442202,0.17348723329835605,0.027310380107674833,0.025947079802181344,0.02551711431886642,1.0165466847911455,1.4475154512989579,0.127
6,155,Enzo,MID,MCI,6.9,3.2,a,,,0.0,25.0,0.23883497649784843,0.08684780424638879,0.06559521671875286,0.05160375554403703,0.0,0.8327873502258754,1.4056554576928446,0.121
6,237,Ndiaye,MID,MCI,5.9,9.5,a,,,1.0,90.0,0.23883497649784843,0.2018188177684505,0.1783785395994348,0.11533728388810874,0.1266840358704251,3.525663388603895,2.787298275381379,0.598
6,384,Donnarumma,GK,MCI,5.5,7.6,a,,,1.0,90.0,0.23883497649784843,0.0,0.0,0.0023628542510121457,0.06053574311231636,2.509475263316783,2.1835757372488565,0.456
6,386,Bettinelli,GK,MCI,4.5,0.0,a,,,0.0,0.0,0.23883497649784843,0.0,0.0,0.0,0.0,0.35,0.8154753215150045,0.078
6,387,O'Reilly,DEF,MCI,6.4,14.0,a,100.0,,1.0,62.0,0.23883497649784843,0.10605840897885792,0.11459944095633676,0.0805172755950504,0.15884062430782817,3.290291625201427,2.634226780977813,0.514
6,388,Guéhi,DEF,MCI,6.0,18.5,a,,,1.0,90.0,0.23883497649784843,0.2989248910027745,0.1481174126937833,0.08231084109930936,0.14035863295204454,3.8331724877071065,2.858624180056938,0.639
6,389,Matheus N.,DEF,MCI,5.9,1.0,a,100.0,,0.0,33.0,0.23883497649784843,0.17496178019364703,0.010676986922865742,0.038163356408590005,0.0,0.5285519907629644,1.0335911686865493,0.09
6,390,Rúben,DEF,MCI,5.5,1.8,a,,,1.0,90.0,0.23883497649784843,0.231899854670366,0.03925398335280014,0.10155761442575154,0.10899280334695519,3.0830403351838123,2.4684611678059762,0.561
6,391,Gvardiol,DEF,MCI,5.6,20.0,a,,,1.0,90.0,0.23883497649784843,0.23512573215308055,0.10938100089939577,0.0596677649836769,0.11887581218353754,3.3939515155419384,2.665481923578935,0.606
6,392,Aït-Nouri,DEF,MCI,5.3,0.5,a,,,0.0,0.0,0.23883497649784843,0.19765430764241704,0.0,0.0,0.0,0.35,0.8154753215150045,0.066
6,393,Khusanov,DEF,MCI,5.5,1.6,a,,,1.0,90.0,0.23883497649784843,0.30919980622715465,0.023711107051377057,0.0457313825772644,0.08401361549448662,2.939557104841835,2.3932039489996977,0.534
6,394,Alleyne,DEF,MCI,5.0,0.0,u,0.0,Has joined Burnley on loan for the rest of the season,0.0,0.0,0.23883497649784843,0.33449190524101347,0.0,0.0,0.0,0.0,0.43588989435406733,0.0
6,395,Lewis,DEF,MCI,4.5,0.2,a,,,0.0,56.0,0.23883497649784843,0.20927467300832342,0.043679023650859405,0.05097144399027276,0.0,0.7649884738759747,1.3097909154783096,0.17
6,396,Vitor Reis,DEF,MCI,4.5,0.0,a,,,0.0,0.0,0.23883497649784843,0.2790328973444312,0.0,0.0,0.0,0.35,0.8154753215150045,0.078
6,397,Semenyo,MID,MCI,8.4,17.2,a,,,1.0,90.0,0.23883497649784843,0.10587180832458902,0.21331437436669606,0.16761692306137094,0.15720945174960826,3.7111643984624654,2.886364253395413,0.442
6,398,Foden,MID,MCI,7.0,4.4,a,,,1.0,81.0,0.23883497649784843,0.14519562284515064,0.31894266961692896,0.235266834664421,0.2394094159814209,4.596811392472427,3.2630656848122417,0.657
6,399,Cherki,MID,MCI,7.8,29.8,a,,,0.0,27.0,0.23883497649784843,0.1457802428421526,0.0649444716745441,0.15425730291168452,0.0,1.137494267107774,1.5971555771283006,0.146
6,400,Doku,MID,MCI,7.4,0.8,i,0.0,Calf injury - Expected back 20 Sep,0.0,0.0,0.23883497649784843,0.06939489331934243,0.0,0.0,0.0,0.0,0.43588989435406733,0.0
6,402,Rodrigo,MID,MCI,6.5,0.0,u,0.0,Has joined Barcelona permanently,0.0,0.0,0.23883497649784843,0.3600659571278669,0.0,0.0,0.0,0.0,0.43588989435406733,0.0
6,404,Reijnders,MID,MCI,6.0,0.0,u,0.0,Has joined Al Qadsiah permanently,0.0,0.0,0.23883497649784843,0.10627057929587147,0.0,0.0,0.0,0.0,0.43588989435406733,0.0
6,406,Kovačić,MID,MCI,5.4,0.1,a,,,0.0,27.0,0.23883497649784843,0.17348723329835605,0.024845406100155898,0.03956022434583031,0.0,0.5929077035382704,1.1294233366296489,0.11
6,407,Echeverri,MID,MCI,4.9,0.0,u,0.0,Has joined Benfica on loan for the rest of the season,0.0,0.0,0.23883497649784843,0.17348723329835605,0.0,0.0,0.0,0.0,0.43588989435406733,0.0
6,408,Phillips,MID,MCI,5.0,0.0,u,0.0,Has joined Sheffield United on loan for the rest of the season,0.0,0.0,0.23883497649784843,0.17348723329835605,0.0,0.0,0.0,0.0,0.43588989435406733,0.0
6,409,Mukasa,MID,MCI,4.5,0.1,u,0.0,has joined West Ham on loan for the rest of the seaon.,0.0,0.0,0.23883497649784843,0.17348723329835605,0.0,0.0,0.0,0.0,0.43588989435406733,0.0
6,410,Monga,MID,MCI,4.9,0.0,u,0.0,Has joined Swansea City on loan for the rest of the season,0.0,0.0,0.23883497649784843,0.17348723329835605,0.0,0.0,0.0,0.0,0.43588989435406733,0.0
6,411,Haaland,FWD,MCI,15.5,71.3,a,,,1.0,90.0,0.23883497649784843,0.0008638065073423554,0.8544851659244428,0.10226751987452759,0.35874693767942445,5.655079564974288,3.983912921864358,0.365
6,481,Anderson,MID,MCI,6.3,4.5,a,100.0,,1.0,62.0,0.23883497649784843,0.5616369359916055,0.04497855738145518,0.10717998072373847,0.10118985168710097,3.470762721368167,2.619984831041632,0.551
6,587,Rulli,GK,MCI,5.0,0.0,a,,,0.0,0.0,0.23883497649784843,0.0,0.0,0.0,0.0,0.35,0.8154753215150045,0.07
6,616,Bouaddi,MID,MCI,5.5,0.2,a,,,0.25,20.0,0.23883497649784843,0.17348723329835605,0.027435370405650458,0.02717976694877437,0.027475584745750986,1.0359279095320755,1.4604366643387334,0.188
6,621,McAidoo,MID,MCI,4.5,0.1,a,,,0.25,20.0,0.23883497649784843,0.17348723329835605,0.030006254218910594,0.02482521215746075,0.02756076429814243,1.0418038437768264,1.4695117653456993,0.232
6,622,Braithwaite,DEF,MCI,4.0,0.2,a,,,0.25,20.0,0.23883497649784843,0.2790328973444312,0.009896470440121399,0.008785212542732184,0.022283098705614124,1.0006614557153095,1.4002269774932263,0.25
6,628,Allan,MID,MCI,6.0,0.0,a,,,0.25,20.0,0.23883497649784843,0.17348723329835605,0.028122817044516416,0.025132385761208857,0.026940110517200536,1.0326875249351581,1.459740798787202,0.172
6,653,Samba,MID,MCI,4.5,0.0,a,,,0.25,20.0,0.23883497649784843,0.17348723329835605,0.028122817044516416,0.025132385761208857,0.026940110517200536,1.0326875249351581,1.459740798787202,0.229
6,43,Tielemans,MID,MUN,5.9,1.7,a,100.0,,1.0,66.0,0.3105842517758881,0.12369232726000827,0.08580706815984494,0.10689304862203645,0.12302893545985039,2.956074815917417,2.4761632739385666,0.501
6,131,Baleba,MID,MUN,5.0,0.1,i,0.0,Ankle injury - Expected back 19 Sep,0.0,0.0,0.3105842517758881,0.22525358516963973,0.0,0.0,0.0,0.0,0.43588989435406733,0.0
6,162,Andrey Santos,MID,MUN,4.9,0.7,a,,,1.0,66.0,0.3105842517758881,0.17007694998251136,0.09306464319287985,0.06846757826821617,0.10815334905674828,2.947558399427434,2.4816826586147966,0.602
6,325,Darlow,GK,MUN,4.5,0.0,a,100.0,,0.0,0.0,0.3105842517758881,0.0,0.0,0.0,0.0,0.35,0.8154753215150045,0.078
6,412,Lammens,GK,MUN,5.0,11.9,a,,,1.0,90.0,0.3105842517758881,0.0,0.0,3.1116642958748205e-05,0.0776569537690076,2.815639443332865,2.312945079834894,0.563
6,413,Bayindir,GK,MUN,4.5,0.0,u,0.0,Has joined Celta Vigo on loan for the rest of the season,0.0,0.0,0.3105842517758881,0.0,0.0,0.0,0.0,0.0,0.43588989435406733,0.0
6,414,Heaton,GK,MUN,4.0,0.1,i,0.0,Hamstring injury - Unknown return date,0.0,0.0,0.3105842517758881,0.0,0.0,0.0,0.0,0.0,0.43588989435406733,0.0
6,415,Dorgu,MID,MUN,5.8,0.6,a,,,0.0,45.0,0.3105842517758881,0.08007103075308741,0.08467087530016183,0.058036078950410984,0.0,0.9474626133520421,1.5192775313187024,0.163
6,416,De Ligt,DEF,MUN,5.0,0.0,i,0.0,Back injury - Unknown return date,0.0,0.0,0.3105842517758881,0.293935790725327,0.0,0.0,0.0,0.0,0.43588989435406733,0.0
6,417,Dalot,DEF,MUN,4.9,1.9,a,,,0.0,10.0,0.3105842517758881,0.15870986920332936,0.007557803916716183,0.008543955234668865,0.0,0.4209786892043037,0.9193510390424726,0.086
6,418,Maguire,DEF,MUN,4.9,11.7,a,,,1.0,90.0,0.3105842517758881,0.35463733650416174,0.057756844448805994,0.05751088074813013,0.11798976676289967,3.672496772855706,2.706341614637494,0.749
6,419,Martinez,DEF,MUN,5.0,1.2,a,100.0,,0.0,0.0,0.3105842517758881,0.30618311533888226,0.0,0.0,0.0,0.35,0.8154753215150045,0.07
6,420,Yoro,DEF,MUN,4.9,0.5,a,,,0.0,0.0,0.3105842517758881,0.21891016441838534,0.0,0.0,0.0,0.35,0.8154753215150045,0.071
6,421,Heaven,DEF,MUN,4.4,0.3,a,,,1.0,90.0,0.3105842517758881,0.3629736855710076,0.04794306694060409,0.024415113517377598,0.10297142610426561,3.5146473477385993,2.6392211658644604,0.799
6,422,Mazraoui,DEF,MUN,4.4,0.6,a,,,1.0,79.0,0.3105842517758881,0.18906064209274673,0.03715692645920824,0.045654274133457344,0.11066571887649058,3.2013422794706883,2.5110738519106834,0.728
6,423,Shaw,DEF,MUN,4.4,13.3,a,,,1.0,90.0,0.3105842517758881,0.16696789536266352,0.018498482076013883,0.09796550990104463,0.1184084601359425,3.213417407750382,2.4932877826640487,0.73
6,424,Amass,DEF,MUN,4.0,0.2,a,,,0.0,0.0,0.3105842517758881,0.2790328973444312,0.0,0.0,0.0,0.35,0.8154753215150045,0.087
6,425,Fredricson,DEF,MUN,4.0,0.0,u,0.0,Has joined Lausanne-Sport permanently,0.0,0.0,0.3105842517758881,0.2790328973444312,0.0,0.0,0.0,0.0,0.43588989435406733,0.0
6,426,B.Fernandes,MID,MUN,12.0,44.6,a,,,1.0,90.0,0.3105842517758881,0.15067759148043133,0.5309436762340174,0.3259484846765394,0.3309706814962837,6.0965187966537995,3.843051882429682,0.508
6,427,Mbeumo,MID,MUN,7.9,24.7,a,,,1.0,90.0,0.3105842517758881,0.04731469999046074,0.47549723489200146,0.1919337796195975,0.2646592802566484,5.160743353191713,3.5578639350621972,0.653
6,428,Cunha,MID,MUN,7.9,6.8,a,,,1.0,79.0,0.3105842517758881,0.07516699511171397,0.2155103969895996,0.133707969452026,0.17030372318912307,3.6430243991325697,2.866148764507781,0.461
6,429,Rashford,MID,MUN,7.0,1.6,a,,,0.0,45.0,0.3105842517758881,0.17348723329835605,0.11343141216386744,0.08649484632352131,0.0,1.1766415997899011,1.707690695818191,0.168
6,430,Mount,MID,MUN,5.4,0.0,a,100.0,,0.0,0.0,0.3105842517758881,0.1855384908900124,0.0,0.0,0.0,0.35,0.8154753215150045,0.065
6,431,Amad,MID,MUN,5.8,0.4,i,0.0,Unspecified injury - Unknown return date,0.0,0.0,0.3105842517758881,0.05948133713086493,0.0,0.0,0.0,0.0,0.43588989435406733,0.0
6,432,Mainoo,MID,MUN,5.5,1.3,a,,,0.0,23.0,0.3105842517758881,0.2886373856992955,0.014770644832865953,0.02655170060092481,0.0,0.5035083259671042,1.0223940963907674,0.092
6,433,Ugarte,MID,MUN,5.0,0.0,i,0.0,Knee injury - Unknown return date,0.0,0.0,0.3105842517758881,0.30409233997901364,0.0,0.0,0.0,0.0,0.43588989435406733,0.0
6,434,J.Fletcher,MID,MUN,4.9,0.0,a,,,0.0,0.0,0.3105842517758881,0.17348723329835605,0.0,0.0,0.0,0.35,0.8154753215150045,0.071
6,435,Lacey,MID,MUN,4.9,0.1,a,,,0.0,10.0,0.3105842517758881,0.17348723329835605,0.014788195267946514,0.011613968817873185,0.0,0.4587828827933521,0.9800084943075994,0.094
6,436,Collyer,MID,MUN,5.0,0.0,u,0.0,Has joined West Brom permanently,0.0,0.0,0.3105842517758881,0.17348723329835605,0.0,0.0,0.0,0.0,0.43588989435406733,0.0
6,437,Bendito Mantato,MID,MUN,4.5,0.2,a,,,0.0,0.0,0.3105842517758881,0.17348723329835605,0.0,0.0,0.0,0.35,0.8154753215150045,0.078
6,438,Fletcher,MID,MUN,4.5,0.3,a,,,0.0,0.0,0.3105842517758881,0.17348723329835605,0.0,0.0,0.0,0.35,0.8154753215150045,0.078
6,439,Šeško,FWD,MUN,7.0,1.7,a,100.0,,0.0,23.0,0.3105842517758881,0.0015282730514518594,0.12663584916530518,0.006188318521519716,0.0,0.8751083522257799,1.556444976290782,0.125
6,440,Zirkzee,FWD,MUN,5.4,0.4,a,,,0.0,0.0,0.3105842517758881,0.0024834437086092716,0.0,0.0,0.0,0.35,0.8154753215150045,0.065
6,441,Obi,FWD,MUN,4.5,1.2,a,,,0.0,0.0,0.3105842517758881,0.0033112582781456954,0.0,0.0,0.0,0.35,0.8154753215150045,0.078
6,405,N.Gonzalez,MID,NEW,5.5,0.3,a,,,0.0,0.0,0.9415625905084277,0.3131671310200094,0.0,0.0,0.0,0.35,0.8154753215150045,0.064
6,442,Pope,GK,NEW,4.9,1.0,a,,,0.0,0.0,0.9415625905084277,0.0,0.0,0.0,0.0,0.35,0.8154753215150045,0.071
6,443,Gillespie,GK,NEW,4.5,0.0,a,,,0.0,0.0,0.9415625905084277,0.0,0.0,0.0,0.0,0.35,0.8154753215150045,0.078
6,444,Jaouen,GK,NEW,4.5,0.0,d,50.0,Ankle injury - 50% chance of playing,0.0,0.0,0.9415625905084277,0.0,0.0,0.0,0.0,0.175,0.5766281297335397,0.039
6,445,Thiaw,DEF,NEW,5.0,2.1,a,,,1.0,90.0,0.9415625905084277,0.36329766151407056,0.09271721392555025,0.02737324666870817,0.2774223088350974,6.61766048830249,3.623514621376328,1.324
6,446,Schär,DEF,NEW,5.0,0.2,a,100.0,,0.0,1.0,0.9415625905084277,0.40645194644057286,0.001146002465209472,0.0004036384428526118,0.0,0.35808693011981463,0.829000109782203,0.072
6,447,Botman,DEF,NEW,5.0,0.7,a,,,1.0,90.0,0.9415625905084277,0.46510287176161136,0.0594227934450679,0.04786160640960718,0.2729401875762432,6.662198510238914,3.6075911534047678,1.332
6,448,Burn,DEF,NEW,4.9,0.9,i,0.0,Ankle injury - Expected back 14 Sep,0.0,0.0,0.9415625905084277,0.3707887435592549,0.0,0.0,0.0,0.0,0.43588989435406733,0.0
6,449,Hall,DEF,NEW,5.1,12.6,a,,,1.0,90.0,0.9415625905084277,0.2596776324481438,0.02478576112717103,0.17826865639528394,0.3064596937599662,6.501134532135505,3.535656965518641,1.275
6,450,Livramento,DEF,NEW,4.9,0.1,a,100.0,,0.0,0.0,0.9415625905084277,0.16724595262050673,0.0,0.0,0.0,0.35,0.8154753215150045,0.071
6,451,A.Murphy,DEF,NEW,4.0,0.1,u,0.0,Has joined FC Kaiserslautern on loan for the rest of the season,0.0,0.0,0.9415625905084277,0.2790328973444312,0.0,0.0,0.0,0.0,0.43588989435406733,0.0
6,453,Barnes,MID,NEW,6.0,2.2,a,,,1.0,90.0,0.9415625905084277,0.06715634837355719,0.23251051197506675,0.12275552370786438,0.21849937153986868,4.309123766813895,3.0955449001422672,0.718
6,454,Elanga,MID,NEW,6.1,11.1,a,,,1.0,75.0,0.9415625905084277,0.08674361664917803,0.12731540215354448,0.1252309274558806,0.2002257174868013,3.8083413485244066,2.828381334812836,0.624
6,456,J.Ramsey,MID,NEW,4.9,0.4,a,,,0.0,34.0,0.9415625905084277,0.16327387198321092,0.03701113095632695,0.043638555465002345,0.0,0.6659713211766418,1.2195951360896702,0.136
6,457,J.Murphy,MID,NEW,5.9,0.1,a,,,0.0,14.0,0.9415625905084277,0.07178782067518182,0.029255657442884206,0.03164767808593199,0.0,0.591221321472217,1.1396729598681006,0.1
6,458,Joelinton,MID,NEW,5.4,0.0,i,0.0,Unspecified injury - Unknown return date,0.0,0.0,0.9415625905084277,0.3150577124868835,0.0,0.0,0.0,0.0,0.43588989435406733,0.0
6,459,L.Miley,MID,NEW,5.5,0.1,a,100.0,,1.0,75.0,0.9415625905084277,0.2886373856992955,0.06816824001495538,0.08032154544537552,0.15652196894418174,3.7056581783095424,2.7294248439694875,0.674
6,460,Willock,MID,NEW,5.0,0.5,a,,,0.0,34.0,0.9415625905084277,0.10409233997901364,0.05901028116516989,0.03626858088524463,0.0,0.7538571484815833,1.3365591154550656,0.151
6,461,Touré,MID,NEW,5.8,0.1,a,,,0.0,0.0,0.9415625905084277,0.17348723329835605,0.0,0.0,0.0,0.35,0.8154753215150045,0.06
6,462,Steur,MID,NEW,4.9,0.1,a,,,0.0,55.0,0.9415625905084277,0.17348723329835605,0.06986176467475287,0.06243303496180301,0.0,0.8866079282591733,1.4504225769550563,0.181
6,463,Woltemade,FWD,NEW,5.9,0.7,u,0.0,Has joined Juventus on loan for the rest of the season,0.0,0.0,0.9415625905084277,0.0012040939193257074,0.0,0.0,0.0,0.0,0.43588989435406733,0.0
6,464,Wissa,FWD,NEW,6.2,17.4,a,,,1.0,90.0,0.9415625905084277,0.002337358784573432,0.5284279790796628,0.05552851491839529,0.29854103195016307,4.153139233187616,3.325888214828401,0.67
6,465,Osula,FWD,NEW,5.9,0.4,i,0.0,Foot injury - Unknown return date,0.0,0.0,0.9415625905084277,0.001986754966887417,0.0,0.0,0.0,0.0,0.43588989435406733,0.0
6,466,Neave,FWD,NEW,4.5,0.7,u,0.0,Has joined Wolves on loan for the rest of the season,0.0,0.0,0.9415625905084277,0.0033112582781456954,0.0,0.0,0.0,0.0,0.43588989435406733,0.0
6,559,Bamba,MID,NEW,4.9,0.1,a,,,0.0,14.0,0.9415625905084277,0.17348723329835605,0.019379745701121203,0.017319006276779705,0.0,0.49885574733594507,1.0315543583083844,0.102
6,567,Horníček,GK,NEW,5.0,1.3,a,,,1.0,90.0,0.9415625905084277,0.0,0.0,0.0002302631578947368,0.23547123973237008,5.287790596020368,3.1696690887912418,1.058
6,593,Dedić,DEF,NEW,4.5,3.3,d,75.0,Hamstring injury - 75% chance of playing,0.5,45.0,0.9415625905084277,0.25756882831793654,0.023104279031003427,0.018352100978112205,0.13220505681674394,3.1670240853506413,2.481123019189544,0.704
6,609,Shahar,DEF,NEW,4.0,0.3,a,,,0.0,0.0,0.9415625905084277,0.2790328973444312,0.0,0.0,0.0,0.35,0.8154753215150045,0.087
6,634,Fernandez-Pardo,FWD,NEW,6.0,0.1,a,,,0.25,20.0,0.9415625905084277,0.0033112582781456954,0.09264812740871292,0.012318352997836386,0.06486961642278949,1.1289403638590976,1.6434340436368484,0.188
6,167,Delap,FWD,NFO,5.5,0.8,a,,,0.0,0.0,0.3093817943697272,0.001806140878988561,0.0,0.0,0.0,0.35,0.8154753215150045,0.064
6,201,Muñoz,DEF,NFO,5.4,5.8,a,,,0.0,54.0,0.3093817943697272,0.2723261781087678,0.07694475574291526,0.061684725881832894,0.0,0.9967227121029902,1.534744828123937,0.185
6,467,Sels,GK,NFO,5.0,1.4,a,,,1.0,90.0,0.3093817943697272,0.0,0.0,0.0030998345450592973,0.07843039068320255,2.820758866757558,2.3150468346967323,0.564
6,468,John,GK,NFO,4.5,0.1,a,,,0.0,0.0,0.3093817943697272,0.0,0.0,0.0,0.0,0.35,0.8154753215150045,0.078
6,469,N.Williams,DEF,NFO,5.0,8.2,a,,,1.0,90.0,0.3093817943697272,0.15634882485389734,0.05765676191762588,0.08161847314217288,0.12609178086336137,3.3814326351669886,2.602049687904332,0.676
6,470,Morato,DEF,NFO,5.0,0.0,u,0.0,Has joined West Ham on loan for the rest of the season,0.0,0.0,0.3093817943697272,0.3980151833897375,0.0,0.0,0.0,0.0,0.43588989435406733,0.0
6,471,Milenković,DEF,NFO,5.5,1.6,a,,,1.0,90.0,0.3093817943697272,0.3269678953626635,0.0569313558529564,0.017157496978378893,0.10327654708339915,3.4748211262437576,2.635099291294519,0.632
6,472,Murillo,DEF,NFO,5.5,1.6,a,100.0,,1.0,90.0,0.3093817943697272,0.3707887435592549,0.06237258604168231,0.046787080373783624,0.11555133183784487,3.689262402998501,2.7173211223459117,0.671
6,473,Aina,DEF,NFO,4.5,2.7,a,,,1.0,73.0,0.3093817943697272,0.17252886348816693,0.01781479284524066,0.0790698574993585,0.11915183880962185,3.157566302837551,2.471085739601682,0.702
6,474,Jair Cunha,DEF,NFO,4.5,0.2,a,,,1.0,90.0,0.3093817943697272,0.25578792753724555,0.035213538514422285,0.016853621245125502,0.09556895450827352,3.2049238616388975,2.5101068838199776,0.712
6,475,Savona,DEF,NFO,4.5,0.0,i,0.0,Knee injury - Unknown return date,0.0,0.0,0.3093817943697272,0.15219976218787157,0.0,0.0,0.0,0.0,0.43588989435406733,0.0
6,476,O.Richards,DEF,NFO,4.0,0.2,a,,,0.0,0.0,0.3093817943697272,0.2790328973444312,0.0,0.0,0.0,0.35,0.8154753215150045,0.087
6,477,Abbott,DEF,NFO,4.0,0.2,u,0.0,Has joined Southampton on loan for the rest of the season,0.0,0.0,0.3093817943697272,0.25756882831793654,0.0,0.0,0.0,0.0,0.43588989435406733,0.0
6,478,Netz,DEF,NFO,4.5,0.0,a,,,0.0,16.0,0.3093817943697272,0.28989298454221163,0.004343004383493018,0.011843159219826836,0.0,0.4115875039604386,0.8989295210559008,0.091
6,479,Bindon,DEF,NFO,4.0,0.1,u,0.0,Has joined Charlton Athletic on loan for the rest of the season,0.0,0.0,0.3093817943697272,0.2790328973444312,0.0,0.0,0.0,0.0,0.43588989435406733,0.0
6,480,Gibbs-White,MID,NFO,7.9,9.4,a,100.0,,1.0,90.0,0.3093817943697272,0.06420514165792235,0.4169358334372506,0.10024940842564647,0.21195301408898667,4.570149118022905,3.3443831007925846,0.578
6,482,Hudson-Odoi,MID,NFO,5.9,0.2,a,100.0,,0.0,0.0,0.3093817943697272,0.07178782067518182,0.0,0.0,0.0,0.35,0.8154753215150045,0.059
6,483,Ndoye,MID,NFO,5.5,0.7,a,,,1.0,61.0,0.3093817943697272,0.09051507824262055,0.0740591018148492,0.10524465435172421,0.12352946335905571,2.830737930275045,2.413038888706869,0.515
6,484,Hutchinson,MID,NFO,5.4,0.1,u,0.0,Has joined AC Milan on loan for the rest of the season,0.0,0.0,0.3093817943697272,0.11414247405852862,0.0,0.0,0.0,0.0,0.43588989435406733,0.0
6,485,Bakwa,MID,NFO,5.5,0.0,u,0.0,Has joined Lille on loan for the rest of the season,0.0,0.0,0.3093817943697272,0.13011542497376705,0.0,0.0,0.0,0.0,0.43588989435406733,0.0
6,486,McAtee,MID,NFO,5.5,0.1,a,,,1.0,73.0,0.3093817943697272,0.14870334282716233,0.18727613508045135,0.1380330982878479,0.17131134178082785,3.6500367136687557,2.838789630538576,0.664
6,487,Dominguez,MID,NFO,4.9,0.1,a,,,0.0,0.0,0.3093817943697272,0.15409233997901364,0.0,0.0,0.0,0.35,0.8154753215150045,0.071
6,488,I.Sangaré,MID,NFO,4.9,0.5,a,100.0,,1.0,90.0,0.3093817943697272,0.31662419427372207,0.05025903896479922,0.06814315193105994,0.07237894625052342,2.9653233651514967,2.436322767528276,0.605
6,489,Yates,MID,NFO,4.5,1.4,a,100.0,,0.0,0.0,0.3093817943697272,0.2054564533053515,0.0,0.0,0.0,0.35,0.8154753215150045,0.078
6,490,Wood,FWD,NFO,5.9,1.1,a,,,0.0,28.0,0.3093817943697272,0.001806140878988561,0.1266808815423256,0.013890364479820606,0.0,0.8983946196087642,1.5706798103084554,0.152
6,491,Igor Jesus,FWD,NFO,5.9,2.6,a,,,1.0,90.0,0.3093817943697272,0.0010739216037229282,0.31287098458841667,0.04585985209520361,0.15649397227623982,3.1175334826663677,2.7929445974806946,0.528
6,493,Kalimuendo,FWD,NFO,5.4,0.1,a,,,0.0,1.0,0.3093817943697272,0.0033112582781456954,0.00479810347778169,0.000566596079166875,0.0,0.37089220214862734,0.8564366905668405,0.069
6,558,Schlager,MID,NFO,5.0,0.1,a,,,0.0,16.0,0.3093817943697272,0.17348723329835605,0.019147275930277142,0.01688876999338463,0.0,0.49640268963153955,1.0286149745563633,0.099
6,581,Diomande,DEF,NFO,5.4,0.5,a,,,0.0,0.0,0.3093817943697272,0.2790328973444312,0.0,0.0,0.0,0.35,0.8154753215150045,0.065
6,590,Benda,GK,NFO,4.5,0.1,a,,,0.0,0.0,0.3093817943697272,0.0,0.0,0.0,0.0,0.35,0.8154753215150045,0.078
6,112,Van Hecke,DEF,TOT,4.9,6.9,a,,,1.0,90.0,0.1306142599548486,0.33364070955373826,0.06718336119756844,0.03624273276137477,0.06885269787434227,2.536026643712701,2.285071287780655,0.518
6,147,Tosin,DEF,TOT,4.4,0.2,a,,,0.0,0.0,0.1306142599548486,0.3341260404280618,0.0,0.0,0.0,0.35,0.8154753215150045,0.08
6,401,Marmoush,FWD,TOT,7.0,2.2,a,,,0.0,0.0,0.1306142599548486,0.002337358784573432,0.0,0.0,0.0,0.35,0.8154753215150045,0.05
6,403,Sávio,MID,TOT,6.5,0.7,a,100.0,,0.0,0.0,0.1306142599548486,0.11565815553223738,0.0,0.0,0.0,0.35,0.8154753215150045,0.054
6,455,Tonali,MID,TOT,5.4,2.6,a,,,1.0,90.0,0.1306142599548486,0.15204616998950682,0.08727617185015832,0.07993643359551621,0.07158583790147094,2.7177060698779645,2.384805770680095,0.503
6,494,Vicario,GK,TOT,4.5,0.2,u,0.0,Has joined Juventus on loan for the rest of the season,0.0,0.0,0.1306142599548486,0.0,0.0,0.0,0.0,0.0,0.43588989435406733,0.0
6,495,Austin,GK,TOT,4.0,1.0,a,,,0.0,0.0,0.1306142599548486,0.0,0.0,0.0,0.0,0.35,0.8154753215150045,0.087
6,496,Kinsky,GK,TOT,4.5,18.4,a,,,1.0,90.0,0.1306142599548486,0.0,0.0,0.0004528508771929824,0.03281206279572969,1.9928405910957787,1.945866676594771,0.443
6,497,Dubravka,GK,TOT,4.0,17.9,a,,,0.0,0.0,0.1306142599548486,0.0,0.0,0.0,0.0,0.35,0.8154753215150045,0.087
6,498,Senesi,DEF,TOT,5.9,4.7,a,,,1.0,90.0,0.1306142599548486,0.6069678953626635,0.04338491634405901,0.09231788054188063,0.08014954389879103,3.075680285846033,2.470648101444602,0.521
6,499,Pedro Porro,DEF,TOT,5.5,11.4,a,100.0,,0.0,0.0,0.1306142599548486,0.2639161573984459,0.0,0.0,0.0,0.35,0.8154753215150045,0.064
6,500,Romero,DEF,TOT,5.0,0.1,u,0.0,Has joined Atletico Madrid permanently,0.0,0.0,0.1306142599548486,0.38588733650416174,0.0,0.0,0.0,0.0,0.43588989435406733,0.0
6,502,Robertson,DEF,TOT,4.5,2.8,a,,,1.0,90.0,0.1306142599548486,0.19765430764241704,0.048804876553889466,0.11945181886602063,0.09154340838568067,2.447858725159072,2.2234569564364346,0.544
6,503,Van de Ven,DEF,TOT,5.0,3.8,a,100.0,,0.0,0.0,0.1306142599548486,0.14107543929184832,0.0,0.0,0.0,0.35,0.8154753215150045,0.07
6,505,Spence,DEF,TOT,4.5,0.3,u,0.0,Has joined Internazionale permanently,0.0,0.0,0.1306142599548486,0.12789396376862278,0.0,0.0,0.0,0.0,0.43588989435406733,0.0
6,506,Udogie,DEF,TOT,4.5,0.4,a,,,0.0,4.0,0.1306142599548486,0.133935790725327,0.0006955717047865069,0.0031051278265129597,0.0,0.36348881370825786,0.833547944796464,0.081
6,507,Phillips,DEF,TOT,4.5,0.0,u,0.0,Has joined Middlesbrough permanently,0.0,0.0,0.1306142599548486,0.2790328973444312,0.0,0.0,0.0,0.0,0.43588989435406733,0.0
6,508,Davies,DEF,TOT,4.0,0.9,a,,,0.0,0.0,0.1306142599548486,0.25756882831793654,0.0,0.0,0.0,0.35,0.8154753215150045,0.087
6,509,Byfield,DEF,TOT,4.0,0.1,a,,,0.0,0.0,0.1306142599548486,0.2790328973444312,0.0,0.0,0.0,0.35,0.8154753215150045,0.087
6,510,Rowswell,DEF,TOT,4.0,0.1,a,,,0.0,0.0,0.1306142599548486,0.2790328973444312,0.0,0.0,0.0,0.35,0.8154753215150045,0.087
6,511,Souza,DEF,TOT,4.0,0.2,u,0.0,Has joined FC Porto on loan for the rest of the season,0.0,0.0,0.1306142599548486,0.2790328973444312,0.0,0.0,0.0,0.0,0.43588989435406733,0.0
6,512,Kudus,MID,TOT,6.5,0.1,a,100.0,,0.0,0.0,0.1306142599548486,0.07178782067518182,0.0,0.0,0.0,0.35,0.8154753215150045,0.054
6,513,Xavi,MID,TOT,6.0,0.0,i,0.0,Knee injury - Unknown return date,0.0,0.0,0.1306142599548486,0.16939489331934243,0.0,0.0,0.0,0.0,0.43588989435406733,0.0
6,514,Tel,MID,TOT,5.8,0.3,a,,,1.0,90.0,0.1306142599548486,0.08327387198321091,0.17133788675299141,0.12590819068083217,0.11709755309732311,3.1949006025123454,2.6642707192196897,0.551
6,515,Maddison,MID,TOT,6.3,0.5,d,75.0,Shoulder injury - 75% chance of playing,0.0,11.0,0.1306142599548486,0.17348723329835605,0.030001814745636166,0.030886154874761675,0.0,0.41766753835246584,0.9867011763160628,0.066
6,516,Bentancur,MID,TOT,5.5,0.2,a,,,0.0,45.0,0.1306142599548486,0.4570256605933416,0.02431190533833241,0.023119623535873542,0.0,0.5409183972992826,1.0833357683094522,0.098
6,517,Odobert,MID,TOT,5.5,0.0,i,0.0,Knee injury - Unknown return date,0.0,0.0,0.1306142599548486,0.10409233997901364,0.0,0.0,0.0,0.0,0.43588989435406733,0.0
6,518,P.M.Sarr,MID,TOT,4.9,0.1,u,0.0,Has joined Juventus on loan for the rest of the season,0.0,0.0,0.1306142599548486,0.2432738719832109,0.0,0.0,0.0,0.0,0.43588989435406733,0.0
6,519,Gallagher,MID,TOT,5.4,0.2,a,,,0.0,45.0,0.1306142599548486,0.16327387198321092,0.04474213781237413,0.0356016121182887,0.0,0.6805155254167368,1.24957285708599,0.126
6,520,Bergvall,MID,TOT,5.4,0.2,a,,,0.0,45.0,0.1306142599548486,0.14675460950382252,0.042220972992205084,0.030293364128239072,0.0,0.6519849573457426,1.221514329392063,0.121
6,521,Kulusevski,MID,TOT,6.5,0.0,i,0.0,Knee injury - Unknown return date,0.0,0.0,0.1306142599548486,0.17348723329835605,0.0,0.0,0.0,0.0,0.43588989435406733,0.0
6,522,Gray,MID,TOT,5.0,0.2,a,,,1.0,85.0,0.1306142599548486,0.07435167141358116,0.04162005385242681,0.04095809767097726,0.043663917442393424,2.201610674276909,2.105416966835949,0.44
6,523,Moore,MID,TOT,5.0,0.1,u,0.0,Has joined FC Köln on loan for the rest of the season,0.0,0.0,0.1306142599548486,0.16014206150617483,0.0,0.0,0.0,0.0,0.43588989435406733,0.0
6,524,Olusesi,MID,TOT,4.5,0.7,a,,,0.0,0.0,0.1306142599548486,0.17348723329835605,0.0,0.0,0.0,0.35,0.8154753215150045,0.078
6,525,Fernandes,MID,TOT,5.8,1.0,a,,,0.0,45.0,0.1306142599548486,0.3713444956430494,0.0408564229488938,0.05429392316680321,0.0,0.7171638842448786,1.2679707874232087,0.124
6,526,Solanke,FWD,TOT,5.9,0.9,a,,,0.0,22.0,0.1306142599548486,0.001806140878988561,0.127172653074355,0.010087958658888103,0.0,0.8889544882740843,1.5659021189611086,0.151
6,527,Richarlison,FWD,TOT,5.9,1.1,u,0.0,not included in squad.,0.0,0.0,0.1306142599548486,0.0012417218543046358,0.0,0.0,0.0,0.0,0.43588989435406733,0.0
6,528,Scarlett,FWD,TOT,4.5,1.4,u,0.0,Has joined Leyton Orient permanently,0.0,0.0,0.1306142599548486,0.0033112582781456954,0.0,0.0,0.0,0.0,0.43588989435406733,0.0
6,578,Mudryk,MID,TOT,5.4,0.1,a,,,0.0,0.0,0.1306142599548486,0.17348723329835605,0.0,0.0,0.0,0.35,0.8154753215150045,0.065
6,601,Williams-Barnett,MID,TOT,4.5,0.1,a,,,0.0,0.0,0.1306142599548486,0.17348723329835605,0.0,0.0,0.0,0.35,0.8154753215150045,0.078
6,501,Danso,DEF,SUN,5.0,0.2,a,,,0.0,0.0,0.2800818250452359,0.5684590654864139,0.0,0.0,0.0,0.35,0.8154753215150045,0.07
6,529,Roefs,GK,SUN,5.0,3.0,a,,,1.0,90.0,0.2800818250452359,0.0,0.0,0.0017787828947368421,0.07064303027446686,2.6895997202362003,2.2605838777733465,0.538
6,530,Patterson,GK,SUN,4.0,0.1,u,0.0,Has joined Wrexham permanently,0.0,0.0,0.2800818250452359,0.0,0.0,0.0,0.0,0.0,0.43588989435406733,0.0
6,531,Ellborg,GK,SUN,4.5,0.1,a,,,0.0,0.0,0.2800818250452359,0.0,0.0,0.0,0.0,0.35,0.8154753215150045,0.078
6,532,Ballard,DEF,SUN,4.9,3.3,a,,,1.0,90.0,0.2800818250452359,0.49566842194666216,0.07415954168384853,0.03510674282201272,0.1082636558383604,3.7978291614199793,2.7678209220975716,0.775
6,533,Mukiele,DEF,SUN,5.5,2.2,a,100.0,,0.0,0.0,0.2800818250452359,0.38019522716588783,0.0,0.0,0.0,0.35,0.8154753215150045,0.064
6,534,Hume,DEF,SUN,4.4,4.2,a,,,1.0,79.0,0.2800818250452359,0.11885321706962611,0.04810872736567382,0.06467431825036374,0.11499091115884294,3.04361428014272,2.4640453519497587,0.692
6,535,Alderete,DEF,SUN,4.9,0.3,a,100.0,,0.0,23.0,0.2800818250452359,0.3569394132123994,0.012720632536673021,0.007908359038496808,0.0,0.45004887233552854,0.9650992967863681,0.092
6,536,Reinildo,DEF,SUN,4.5,0.4,a,,,1.0,90.0,0.2800818250452359,0.21612925788626985,0.009202752950291012,0.05132735549681332,0.09120599421779549,2.9253405435513495,2.36925379612428,0.65
6,537,Seelt,DEF,SUN,4.5,0.0,u,0.0,Has joined Swansea City on loan for the rest of the season,0.0,0.0,0.2800818250452359,0.25756882831793654,0.0,0.0,0.0,0.0,0.43588989435406733,0.0
6,538,Hjelde,DEF,SUN,4.0,0.0,u,0.0,Has joined KV Mechelen on loan for the rest of the season,0.0,0.0,0.2800818250452359,0.2790328973444312,0.0,0.0,0.0,0.0,0.43588989435406733,0.0
6,539,O'Nien,DEF,SUN,4.0,2.7,a,,,1.0,66.0,0.2800818250452359,0.22886288253332498,0.02300839995281183,0.020294997986382173,0.0906879870959243,2.9379892152638907,2.3917002129694813,0.734
6,540,Masuaku,DEF,SUN,4.0,0.2,u,0.0,Has joined Konyaspor permanently,0.0,0.0,0.2800818250452359,0.2790328973444312,0.0,0.0,0.0,0.0,0.43588989435406733,0.0
6,541,Meunier,DEF,SUN,4.5,0.3,a,100.0,,1.0,90.0,0.2800818250452359,0.25756882831793654,0.054146067693235725,0.04239152489720546,0.10380861366796337,3.2570443692546283,2.5521090705029064,0.724
6,542,E.Le Fée,MID,SUN,5.9,4.8,a,,,1.0,79.0,0.2800818250452359,0.21917058259957115,0.20326513257213516,0.13906105361183396,0.1645053326918024,3.8289633074128075,2.9145533241848818,0.649
6,543,Diarra,MID,SUN,5.4,0.0,i,0.0,Hamstring injury - Unknown return date,0.0,0.0,0.2800818250452359,0.07710543702149159,0.0,0.0,0.0,0.0,0.43588989435406733,0.0
6,544,Xhaka,MID,SUN,5.5,4.3,a,,,1.0,90.0,0.2800818250452359,0.35737437332400607,0.03688453988678067,0.13775653739675126,0.08913255955375976,3.1720689971357054,2.499647641944465,0.577
6,545,Sadiki,MID,SUN,4.9,0.3,a,,,1.0,90.0,0.2800818250452359,0.1322140608604407,0.07649080508872902,0.06171321411243866,0.07637958922493226,2.714922408030721,2.370083839401202,0.554
6,546,Adingra,MID,SUN,4.9,0.0,u,0.0,Has joined Ajax on loan for the rest of the season,0.0,0.0,0.2800818250452359,0.10957088418843541,0.0,0.0,0.0,0.0,0.43588989435406733,0.0
6,547,Mundle,MID,SUN,4.9,0.0,i,0.0,Knee injury - Unknown return date,0.0,0.0,0.2800818250452359,0.16014206150617483,0.0,0.0,0.0,0.0,0.43588989435406733,0.0
6,548,Rigg,MID,SUN,4.9,0.1,a,,,0.0,10.0,0.2800818250452359,0.10957088418843541,0.012123896869315028,0.01214594990903989,0.0,0.4470573340736948,0.9602876214738532,0.091
6,549,Talbi,MID,SUN,5.4,0.1,a,,,0.0,31.0,0.2800818250452359,0.07435167141358116,0.0412858949288013,0.026083902008363632,0.0,0.6346811806690974,1.2056573364120058,0.118
6,550,Jocelin.T,MID,SUN,5.0,0.0,a,,,0.0,0.0,0.2800818250452359,0.17348723329835605,0.0,0.0,0.0,0.35,0.8154753215150045,0.07
6,551,N.Angulo,MID,SUN,5.0,0.1,a,,,0.0,58.0,0.2800818250452359,0.12246157644589839,0.08522609386550457,0.04866879554990359,0.0,0.9221368559772336,1.5044655494725598,0.184
6,552,Brobbey,FWD,SUN,5.9,7.4,a,,,1.0,66.0,0.2800818250452359,0.001168679392286716,0.2149627771381096,0.023707878556129245,0.14191917726768302,2.6450442915703167,2.5130381646151454,0.448
6,553,Isidor,FWD,SUN,5.5,1.5,a,,,0.0,23.0,0.2800818250452359,0.001892147587511826,0.12848388668985147,0.008996387714272783,0.0,0.8909247099022242,1.5696051315389277,0.162
6,612,Methalie,DEF,SUN,4.5,0.0,a,100.0,,0.25,20.0,0.2800818250452359,0.2790328973444312,0.009907478749843447,0.008794984748007748,0.02486920906760615,1.0583687012467862,1.438869488476267,0.235
6,613,Ahoka,MID,SUN,4.5,0.3,a,,,0.25,20.0,0.2800818250452359,0.17348723329835605,0.028122817044516416,0.025132385761208857,0.02797128173088522,1.043205471314742,1.4665699089252815,0.232
6,646,Fofana,MID,SUN,5.5,0.0,a,,,0.25,20.0,0.2800818250452359,0.17348723329835605,0.0276228558526139,0.0246855877921207,0.02759849531124515,1.038992485028325,1.4628133362358646,0.189
6,651,J.Angulo,FWD,SUN,4.5,0.4,a,,,0.25,20.0,0.2800818250452359,0.0033112582781456954,0.09551353341104425,0.01269933298746019,0.04961086177054202,1.1262861731850466,1.6471262639876318,0.25
7,1,Raya,GK,ARS,6.0,39.0,a,,,1.0,90.0,0.4611129727233692,0.0,0.0,0.0008893914473684211,0.11558953018742125,3.4451786417389014,2.5584838125936837,0.574
7,2,Arrizabalaga,GK,ARS,4.9,0.1,a,,,0.0,0.0,0.4611129727233692,0.0,0.0,0.0,0.0,0.35,0.8154753215150045,0.071
7,3,Meslier,GK,ARS,4.9,0.0,a,,,0.0,0.0,0.4611129727233692,0.0,0.0,0.0,0.0,0.35,0.8154753215150045,0.071
7,4,Gabriel,DEF,ARS,8.0,24.4,a,,,1.0,90.0,0.4611129727233692,0.33368359925891106,0.11439652186372516,0.04176251858355221,0.1699339073373894,4.687479267303038,3.0971906203942505,0.586
7,5,J.Timber,DEF,ARS,6.5,0.1,d,25.0,Groin injury - 25% chance of playing,0.0,0.0,0.4611129727233692,0.1670630202140309,0.0,0.0,0.0,0.0875,0.43588989435406733,0.013
7,6,Saliba,DEF,ARS,5.9,0.2,i,0.0,Back injury - Unknown return date,0.0,0.0,0.4611129727233692,0.18370986920332938,0.0,0.0,0.0,0.0,0.43588989435406733,0.0
7,7,Lewis-Skelly,MID,ARS,5.5,0.7,a,,,1.0,90.0,0.4611129727233692,0.11565815553223738,0.03904923025694533,0.056863556399710344,0.07968077260216641,2.6525525341708405,2.296550717155245,0.482
7,8,Calafiori,DEF,ARS,5.8,48.4,a,,,1.0,80.0,0.4611129727233692,0.10463733650416171,0.1328620392065705,0.08240284017530351,0.20003878943745518,4.528853094766691,3.0662669673882172,0.781
7,9,Hincapie,DEF,ARS,5.3,1.1,a,,,0.0,9.0,0.4611129727233692,0.34494649227110585,0.0022618375502210216,0.007247769566958388,0.0,0.3853143340022013,0.8635208508805728,0.073
7,10,White,DEF,ARS,5.5,7.6,a,100.0,,1.0,90.0,0.4611129727233692,0.21741973840665874,0.04844959519108494,0.0888041343345994,0.1633170485148318,4.212380191729636,2.879968738620754,0.766
7,11,Mosquera,DEF,ARS,5.4,3.1,d,50.0,Muscular injury - 50% chance of playing,0.5,45.0,0.4611129727233692,0.2546854651491988,0.008230368210651866,0.02203407841688792,0.06823167791006007,2.0514771755600205,1.9867533422214116,0.38
7,12,Saka,MID,ARS,9.5,11.4,a,,,1.0,67.0,0.4611129727233692,0.19671796665500757,0.3534454629473472,0.19833557801657176,0.3055307419046272,5.023949784241793,3.4155786285406298,0.529
7,13,Rice,MID,ARS,7.4,13.3,a,,,1.0,67.0,0.4611129727233692,0.33503847499125566,0.06417471759784278,0.14403395560283785,0.14400044959803004,3.507670633285168,2.6551125228187367,0.474
7,14,Eze,MID,ARS,6.4,1.2,a,,,0.0,14.0,0.4611129727233692,0.06939489331934243,0.0436685553247451,0.022102920074464683,0.0,0.6346515368471195,1.2115482870930063,0.099
7,15,Ødegaard,MID,ARS,6.7,16.0,a,,,1.0,75.0,0.4611129727233692,0.1284102833158447,0.17605155762640973,0.23712051866903594,0.2196435693164241,4.0417617696622345,2.9556144383387872,0.603
7,16,Madueke,MID,ARS,6.3,0.2,a,,,0.0,22.0,0.4611129727233692,0.09051507824262055,0.06683815631015784,0.03783550684333909,0.0,0.7976973020808065,1.3844326678515209,0.127
7,17,Merino,MID,ARS,5.9,0.4,a,,,0.0,14.0,0.4611129727233692,0.10409233997901364,0.04459573157433962,0.014240674410254128,0.0,0.6157006811024603,1.1989185475005015,0.104
7,18,Martinelli,MID,ARS,6.3,0.1,u,0.0,Has joined Al Hilal permanently,0.0,0.0,0.4611129727233692,0.12246157644589839,0.0,0.0,0.0,0.0,0.43588989435406733,0.0
7,19,Zubimendi,MID,ARS,5.4,0.7,a,,,0.0,22.0,0.4611129727233692,0.20640560908136985,0.022870809068685976,0.018072077876487867,0.0,0.5185702789728934,1.0594849618850724,0.096
7,20,Dowman,MID,ARS,5.3,0.1,a,,,0.0,0.0,0.4611129727233692,0.16014206150617483,0.0,0.0,0.0,0.35,0.8154753215150045,0.066
7,22,Nwaneri,MID,ARS,5.4,0.0,u,0.0,Has joined Borussia Dortmund on loan for the rest of the season,0.0,0.0,0.4611129727233692,0.16014206150617483,0.0,0.0,0.0,0.0,0.43588989435406733,0.0
7,23,Fábio Vieira,MID,ARS,5.5,0.0,u,0.0,Has joined Hamburger SV permanently,0.0,0.0,0.4611129727233692,0.17348723329835605,0.0,0.0,0.0,0.0,0.43588989435406733,0.0
7,24,Nelson,MID,ARS,5.5,0.0,u,0.0,has departed the club as a free agent.,0.0,0.0,0.4611129727233692,0.17348723329835605,0.0,0.0,0.0,0.0,0.43588989435406733,0.0
7,25,Gyökeres,FWD,ARS,7.2,3.9,a,,,0.0,0.0,0.4611129727233692,0.001168679392286716,0.0,0.0,0.0,0.35,0.8154753215150045,0.049
7,26,Havertz,FWD,ARS,7.5,7.8,a,,,1.0,90.0,0.4611129727233692,0.002207505518763797,0.38671371508036695,0.0913966287224128,0.2134499176033098,3.6085564742465417,3.029280375196497,0.481
7,27,G.Jesus,FWD,ARS,5.9,0.2,u,0.0,Has joined FC Barcelona permanently,0.0,0.0,0.4611129727233692,0.003056546102903719,0.0,0.0,0.0,0.0,0.43588989435406733,0.0
7,31,Konsa,DEF,ARS,4.4,14.7,a,,,0.0,0.0,0.4611129727233692,0.1380085819159386,0.0,0.0,0.0,0.35,0.8154753215150045,0.08
7,452,Bruno G.,MID,ARS,6.8,1.8,a,100.0,,0.0,0.0,0.4611129727233692,0.18158581537385315,0.0,0.0,0.0,0.35,0.8154753215150045,0.051
7,557,Tzolis,MID,ARS,6.4,16.7,a,,,1.0,75.0,0.4611129727233692,0.16014206150617483,0.09640865455854025,0.10142227573014215,0.12920028799358352,3.2043957160535728,2.5820154507386337,0.501
7,29,M.Bizot,GK,AVL,4.5,0.1,a,,,1.0,90.0,0.2010168399631951,0.0,0.0,0.00012871853546910755,0.05029926147821297,2.330258830547976,2.1041605875125486,0.518
7,30,Digne,DEF,AVL,4.5,0.1,u,0.0,Has joined Paris Saint-Germain permanently,0.0,0.0,0.2010168399631951,0.1402707989720379,0.0,0.0,0.0,0.0,0.43588989435406733,0.0
7,32,Cash,DEF,AVL,4.5,6.5,d,75.0,Muscular injury - 75% chance of playing,0.5,45.0,0.2010168399631951,0.09453032104637336,0.01777668435812637,0.029162183071051544,0.041555708595611654,1.3064786975031664,1.609027542152332,0.29
7,33,Mings,DEF,AVL,4.5,0.4,a,,,0.0,16.0,0.2010168399631951,0.2826305680051221,0.013616899083690862,0.004558647226314737,0.0,0.4453773361810894,0.9632851775285526,0.099
7,34,Pau,DEF,AVL,4.5,0.4,a,,,1.0,73.0,0.2010168399631951,0.17252886348816693,0.029772805929759474,0.016159539446011707,0.07007433162554935,2.407259770726325,2.1800069724564124,0.535
7,35,Bogarde,MID,AVL,5.0,0.1,a,,,0.0,16.0,0.2010168399631951,0.09462939998092149,0.005380585409243374,0.007161804039947474,0.0,0.3983883391660593,0.8883813127655111,0.08
7,36,Maatsen,DEF,AVL,4.5,0.8,a,,,1.0,81.0,0.2010168399631951,0.17827982560443917,0.0536244967225351,0.13021112097792695,0.121745839096534,2.9547779378436494,2.4363548719835837,0.657
7,37,Lindelöf,DEF,AVL,4.5,0.3,a,,,1.0,90.0,0.2010168399631951,0.1455823812231815,0.015181529050265017,0.02670909960723574,0.06491593002092404,2.296620860960831,2.1106086349977744,0.51
7,38,A.García,DEF,AVL,4.0,1.7,a,,,0.0,0.0,0.2010168399631951,0.2790328973444312,0.0,0.0,0.0,0.35,0.8154753215150045,0.087
7,39,Nedeljkovic,DEF,AVL,4.0,0.2,u,0.0,Has joined Rangers on loan for the rest of the season,0.0,0.0,0.2010168399631951,0.2790328973444312,0.0,0.0,0.0,0.0,0.43588989435406733,0.0
7,41,Buendía,MID,AVL,5.9,1.0,a,,,1.0,85.0,0.2010168399631951,0.1814945285564383,0.2926869167277788,0.09878951975768119,0.16517824575269585,4.013866813974619,3.0630815279581523,0.68
7,44,Bailey,MID,AVL,5.4,0.1,u,0.0,Has joined Olympiakos permanently,0.0,0.0,0.2010168399631951,0.13878978663868485,0.0,0.0,0.0,0.0,0.43588989435406733,0.0
7,45,McGinn,MID,AVL,5.4,2.3,a,,,1.0,81.0,0.2010168399631951,0.08110123156790192,0.15108653595360777,0.09614225876855303,0.11624621527715982,3.064267430201937,2.5939597786213504,0.567
7,46,Barkley,MID,AVL,5.0,0.3,a,,,1.0,73.0,0.2010168399631951,0.15409233997901364,0.1432615956079615,0.07569568100649103,0.11458324856282984,3.0964436679496345,2.596692616146947,0.619
7,47,Kamara,MID,AVL,5.0,0.3,a,100.0,,1.0,90.0,0.2010168399631951,0.17523609653725078,0.034892204793464256,0.04833942927835574,0.04923275592145651,2.4460819781185257,2.2038396010567523,0.489
7,48,Onana,MID,AVL,5.0,0.0,i,0.0,Knee injury - Unknown return date,0.0,0.0,0.2010168399631951,0.2838077124868835,0.0,0.0,0.0,0.0,0.43588989435406733,0.0
7,49,Iling Jr,MID,AVL,5.0,0.0,u,0.0,Has joined Bolton Wanderers on loan for the rest of the season,0.0,0.0,0.2010168399631951,0.17348723329835605,0.0,0.0,0.0,0.0,0.43588989435406733,0.0
7,50,Burrowes,MID,AVL,4.5,0.7,a,,,0.0,0.0,0.2010168399631951,0.17348723329835605,0.0,0.0,0.0,0.35,0.8154753215150045,0.078
7,51,George Hemmings,MID,AVL,4.5,1.2,a,,,1.0,90.0,0.2010168399631951,0.16014206150617483,0.10212850808675339,0.09628816855404522,0.08954752082059901,2.9386514528540024,2.4892185136992544,0.653
7,52,Alysson,MID,AVL,5.0,0.0,a,,,0.0,8.0,0.2010168399631951,0.17348723329835605,0.010477281163324652,0.009444770080395924,0.0,0.430720716057811,0.9387401384247873,0.086
7,53,Manzambi,MID,AVL,5.9,0.1,i,0.0,Knee injury - Expected back 12 Sep,0.0,0.0,0.2010168399631951,0.17348723329835605,0.0,0.0,0.0,0.0,0.43588989435406733,0.0
7,54,Gomes,MID,AVL,5.5,0.0,s,0.0,Suspended until 19 Sep,0.0,0.0,0.2010168399631951,0.3972522511530296,0.0,0.0,0.0,0.0,0.43588989435406733,0.0
7,55,Watkins,FWD,AVL,7.8,3.2,u,0.0,Has joined Al Hilal permanently,0.0,0.0,0.2010168399631951,0.0009030704394942806,0.0,0.0,0.0,0.0,0.43588989435406733,0.0
7,56,Abraham,FWD,AVL,5.5,0.2,a,100.0,,0.0,0.0,0.2010168399631951,0.003056546102903719,0.0,0.0,0.0,0.35,0.8154753215150045,0.064
7,160,Garnacho,MID,AVL,5.9,0.4,a,,,0.0,4.0,0.2010168399631951,0.09462939998092149,0.011364545188524587,0.006939398674983371,0.0,0.42764092196757303,0.938458855182014,0.072
7,166,N.Jackson,FWD,AVL,6.5,1.2,a,,,0.0,0.0,0.2010168399631951,0.0033112582781456954,0.0,0.0,0.0,0.35,0.8154753215150045,0.054
7,582,Madjo,FWD,AVL,5.5,0.3,i,0.0,Unspecified injury - Unknown return date,0.0,0.0,0.2010168399631951,0.0033112582781456954,0.0,0.0,0.0,0.0,0.43588989435406733,0.0
7,596,Ruggeri,DEF,AVL,4.5,0.1,a,,,0.0,8.0,0.2010168399631951,0.2790328973444312,0.0038617150504945347,0.003518953808198774,0.0,0.3837271517275635,0.8673245520480426,0.085
7,597,Suzuki,GK,AVL,5.0,1.7,a,,,0.0,0.0,0.2010168399631951,0.0,0.0,0.0,0.0,0.35,0.8154753215150045,0.07
7,606,Rowe,DEF,AVL,4.0,0.2,a,,,0.0,0.0,0.2010168399631951,0.2790328973444312,0.0,0.0,0.0,0.35,0.8154753215150045,0.087
7,607,Lynch,MID,AVL,4.5,0.1,u,0.0,Has joined Oxford United on loan until January,0.0,0.0,0.2010168399631951,0.17348723329835605,0.0,0.0,0.0,0.0,0.43588989435406733,0.0
7,611,Wan-Bissaka,DEF,AVL,4.5,0.2,a,,,0.25,20.0,0.2010168399631951,0.32423985051809073,0.004843134076403607,0.01362883868746987,0.019836891773474877,0.9495867626241167,1.3539843623337173,0.211
7,618,Goretzka,MID,AVL,6.0,0.0,i,0.0,Knee injury - Expected back 10 Oct,0.0,0.0,0.2010168399631951,0.17348723329835605,0.0,0.0,0.0,0.0,0.43588989435406733,0.0
7,630,Harwood-Bellis,DEF,AVL,4.5,0.0,a,,,0.25,20.0,0.2010168399631951,0.2790328973444312,0.012235297934462291,0.0053627804326828,0.019492795854763073,0.9480022766295123,1.3691662109484177,0.211
7,631,Mbaye,MID,AVL,6.0,0.1,a,,,0.25,20.0,0.2010168399631951,0.17348723329835605,0.028122817044516416,0.025132385761208857,0.025994657103834203,1.0230439001188218,1.4534511730680395,0.171
7,57,Petrović,GK,BOU,4.5,3.3,a,,,1.0,90.0,0.3809293042461689,0.0,0.0,2.6774785801713583e-05,0.09524169723657282,3.1128199407737176,2.4319452887493305,0.692
7,58,Forster,GK,BOU,4.0,3.5,a,,,0.0,0.0,0.3809293042461689,0.0,0.0,0.0,0.0,0.35,0.8154753215150045,0.087
7,59,Dennis,GK,BOU,4.0,0.1,u,0.0,Has joined MK Dons permanently,0.0,0.0,0.3809293042461689,0.0,0.0,0.0,0.0,0.0,0.43588989435406733,0.0
7,60,Hill,DEF,BOU,5.5,0.8,a,,,1.0,90.0,0.3809293042461689,0.481899854670366,0.029510467822338255,0.10882200029392353,0.14364868990223384,4.2583565292752015,2.8754026174706233,0.774
7,61,Truffert,DEF,BOU,5.5,3.5,a,,,1.0,90.0,0.3809293042461689,0.30094891702221915,0.02588658597907604,0.06578184192275366,0.1273162758271826,3.758210623754476,2.7010960184724944,0.683
7,62,Diakité,DEF,BOU,5.0,0.2,a,,,0.0,0.0,0.3809293042461689,0.293935790725327,0.0,0.0,0.0,0.35,0.8154753215150045,0.07
7,63,Milosavljević,DEF,BOU,5.0,0.0,i,0.0,Unspecified injury - Unknown return date,0.0,0.0,0.3809293042461689,0.3967746730083234,0.0,0.0,0.0,0.0,0.43588989435406733,0.0
7,64,Smith,DEF,BOU,4.5,0.1,a,,,1.0,90.0,0.3809293042461689,0.1395164486722156,0.017688597982599898,0.02844994881965294,0.11138081744233072,3.2840558163174594,2.519094606976636,0.73
7,65,J.Araujo,DEF,BOU,4.4,0.0,i,0.0,Thigh injury - Unknown return date,0.0,0.0,0.3809293042461689,0.2790328973444312,0.0,0.0,0.0,0.0,0.43588989435406733,0.0
7,66,Soler,DEF,BOU,4.0,0.3,a,100.0,,0.0,0.0,0.3809293042461689,0.2790328973444312,0.0,0.0,0.0,0.35,0.8154753215150045,0.087
7,67,Rayan,MID,BOU,6.4,2.0,a,,,1.0,88.0,0.3809293042461689,0.08007103075308741,0.17748287846081842,0.10136840443525215,0.13790901464309668,3.397214276745101,2.74218970834999,0.531
7,68,Tavernier,MID,BOU,6.0,3.4,a,,,1.0,90.0,0.3809293042461689,0.11549651817227892,0.33676817043705126,0.16437117517593236,0.21349170138916113,4.523414632445684,3.2580817706541847,0.754
7,69,Scott,MID,BOU,6.1,5.1,a,,,1.0,90.0,0.3809293042461689,0.3713444956430494,0.11347059627410953,0.10020788013838129,0.11288039716898868,3.5845858508443658,2.737067170211384,0.588
7,70,Kluivert,MID,BOU,6.0,1.0,a,,,1.0,74.0,0.3809293042461689,0.09462939998092149,0.2568275288605707,0.08951884561698244,0.1855241573981699,3.832791394423342,2.970398764908135,0.639
7,71,Cook,MID,BOU,5.0,0.2,a,,,1.0,75.0,0.3809293042461689,0.4324688952181082,0.0236655264840566,0.07125730729768172,0.07796052061294698,3.126257802034069,2.4661473968052015,0.625
7,72,Gannon-Doak,MID,BOU,4.9,0.1,a,,,0.0,1.0,0.3809293042461689,0.17348723329835605,0.0016272302670359445,0.0012503300386490991,0.0,0.361887141451127,0.8350742184736378,0.074
7,73,Adams,MID,BOU,5.0,0.3,a,100.0,,0.0,15.0,0.3809293042461689,0.2838077124868835,0.008160564502883268,0.006360305349020772,0.0,0.40988373856147864,0.9098035448843387,0.082
7,74,Brooks,MID,BOU,5.0,0.1,a,100.0,,0.0,0.0,0.3809293042461689,0.08674361664917803,0.0,0.0,0.0,0.35,0.8154753215150045,0.07
7,75,Christie,MID,BOU,5.0,0.0,a,100.0,,0.0,0.0,0.3809293042461689,0.16220246313580383,0.0,0.0,0.0,0.35,0.8154753215150045,0.07
7,76,Tóth.A,MID,BOU,5.0,0.0,a,,,0.0,15.0,0.3809293042461689,0.17348723329835605,0.018727794712220313,0.02257830858889092,0.0,0.5113738993277743,1.0411422462834237,0.102
7,77,Adli,MID,BOU,4.9,0.0,i,0.0,Unspecified injury - Unknown return date,0.0,0.0,0.3809293042461689,0.15409233997901364,0.0,0.0,0.0,0.0,0.43588989435406733,0.0
7,78,Kroupi.Jr,MID,BOU,7.4,0.2,i,0.0,Foot injury - Expected back 7 Nov,0.0,0.0,0.3809293042461689,0.06505771248688352,0.0,0.0,0.0,0.0,0.43588989435406733,0.0
7,79,Evanilson,FWD,BOU,6.0,3.2,a,,,1.0,74.0,0.3809293042461689,0.0009240720776220546,0.30530997614235433,0.05662170569317831,0.19215844363839094,3.154963757910168,2.7975508926351,0.526
7,80,Enes Ünal,FWD,BOU,5.5,0.0,u,0.0,Has joined Getafe permanently,0.0,0.0,0.3809293042461689,0.0033112582781456954,0.0,0.0,0.0,0.0,0.43588989435406733,0.0
7,81,Rodríguez,FWD,BOU,6.0,0.1,a,100.0,,0.0,0.0,0.3809293042461689,0.0033112582781456954,0.0,0.0,0.0,0.35,0.8154753215150045,0.058
7,566,Silva,DEF,BOU,5.0,0.4,a,,,1.0,90.0,0.3809293042461689,0.33449190524101347,0.05820855806200685,0.03070420195622441,0.12635179206792316,3.9076641509157954,2.7881558842919905,0.782
7,573,Sanchez,DEF,BOU,4.5,0.2,a,,,0.0,0.0,0.3809293042461689,0.2790328973444312,0.0,0.0,0.0,0.35,0.8154753215150045,0.078
7,608,Jebbison,FWD,BOU,5.0,0.1,a,,,0.0,15.0,0.3809293042461689,0.0033112582781456954,0.08658310849486497,0.01077086285647397,0.0,0.7286450225488817,1.379827595684354,0.146
7,615,Di Gregorio,GK,BOU,4.5,0.0,a,,,0.25,20.0,0.3809293042461689,0.0,0.0,7.309941520467835e-05,0.023836864410122397,1.0409306424506712,1.4063314760952608,0.231
7,82,Kelleher,GK,BRE,5.0,6.7,a,,,1.0,90.0,0.19078853314897057,0.0,0.0,0.0029836791497975714,0.04874142098967179,2.2923931060260774,2.0869947056592038,0.458
7,83,Valdimarsson,GK,BRE,4.5,0.1,a,,,0.0,0.0,0.19078853314897057,0.0,0.0,0.0,0.0,0.35,0.8154753215150045,0.078
7,84,Collins,DEF,BRE,5.5,1.6,d,25.0,Calf injury - 25% chance of playing,0.25,22.5,0.19078853314897057,0.4299643281807372,0.025136074229960566,0.01003653016358719,0.024234694859552375,0.9015504959342674,1.3651968311034388,0.164
7,85,Van den Berg,DEF,BRE,4.9,0.1,i,0.0,Groin injury - Unknown return date,0.0,0.0,0.19078853314897057,0.3654379706698375,0.0,0.0,0.0,0.0,0.43588989435406733,0.0
7,86,Lewis-Potter,MID,BRE,5.5,2.1,a,,,1.0,90.0,0.19078853314897057,0.061230788222949195,0.17979751402683616,0.17008272636387387,0.14153693745164556,3.408962787504727,2.7487841640296167,0.62
7,87,Ajer,DEF,BRE,4.5,4.7,a,,,1.0,90.0,0.19078853314897057,0.41713733650416174,0.04416481863554855,0.027050133102033885,0.07262236639539649,2.9182190736466507,2.410312251917151,0.648
7,88,Kayode,DEF,BRE,4.6,8.9,a,,,1.0,75.0,0.19078853314897057,0.1269678953626635,0.06910707402518976,0.06895183959039058,0.10568187700578638,2.6927254643596013,2.3517697222377834,0.585
7,89,Henry,DEF,BRE,4.5,0.2,a,,,0.0,0.0,0.19078853314897057,0.133935790725327,0.0,0.0,0.0,0.35,0.8154753215150045,0.078
7,90,Hickey,DEF,BRE,4.5,0.1,a,,,0.0,14.0,0.19078853314897057,0.22886288253332498,0.007663259542763878,0.004569029830522483,0.0,0.4096866467481507,0.9079560485387328,0.091
7,92,Ji-soo,DEF,BRE,4.5,0.0,a,,,0.0,0.0,0.19078853314897057,0.2790328973444312,0.0,0.0,0.0,0.35,0.8154753215150045,0.078
7,93,Schuster,DEF,BRE,4.5,0.1,a,,,0.0,0.0,0.19078853314897057,0.2790328973444312,0.0,0.0,0.0,0.35,0.8154753215150045,0.078
7,94,Schade,MID,BRE,6.0,3.8,a,,,1.0,90.0,0.19078853314897057,0.04841504185070402,0.32180966615080414,0.07123877633249347,0.15664580818405122,3.8140195954379004,3.029438104374611,0.636
7,95,O.Dango,MID,BRE,6.4,0.7,a,,,1.0,66.0,0.19078853314897057,0.11032018377243981,0.2052544963190038,0.12098094477881384,0.17478213202067366,3.512512036590476,2.8116365069894664,0.549
7,96,Damsgaard,MID,BRE,5.5,0.5,a,,,0.0,14.0,0.19078853314897057,0.23770137645824332,0.01355216380625578,0.034353218025399375,0.0,0.520820473107477,1.0348293974089358,0.095
7,97,Jensen,MID,BRE,5.5,0.1,i,0.0,Unspecified injury - Expected back 18 Sep,0.0,0.0,0.19078853314897057,0.1559447897328275,0.0,0.0,0.0,0.0,0.43588989435406733,0.0
7,98,Janelt,MID,BRE,5.0,1.9,a,,,1.0,90.0,0.19078853314897057,0.3600659571278669,0.08577970814041161,0.11246194844413872,0.08846343311948968,3.2627946307662916,2.5911364393444094,0.653
7,99,Milambo,MID,BRE,5.0,0.0,i,0.0,Knee injury - Unknown return date,0.0,0.0,0.19078853314897057,0.17348723329835605,0.0,0.0,0.0,0.0,0.43588989435406733,0.0
7,100,Carvalho,MID,BRE,5.0,0.0,a,100.0,,0.0,0.0,0.19078853314897057,0.16014206150617483,0.0,0.0,0.0,0.35,0.8154753215150045,0.07
7,102,Yarmoliuk,MID,BRE,4.9,0.8,a,,,0.0,23.0,0.19078853314897057,0.3190694341361042,0.013064889550992288,0.013847995529209092,0.0,0.45686843434258867,0.9728511512851656,0.093
7,103,Dasilva,MID,BRE,5.0,0.0,i,0.0,Hamstring injury - Expected back 10 Oct,0.0,0.0,0.19078853314897057,0.17348723329835605,0.0,0.0,0.0,0.0,0.43588989435406733,0.0
7,105,Anthony,MID,BRE,6.0,0.1,a,,,0.0,23.0,0.19078853314897057,0.07337730475191126,0.04049959589973347,0.03218049542228089,0.0,0.64903946576551,1.2149784197066504,0.108
7,106,Thiago,FWD,BRE,7.9,11.5,a,,,1.0,82.0,0.19078853314897057,0.020794701986754968,0.6417426026243281,0.04009617010616282,0.2810047233272198,4.57652589579865,3.542012820101503,0.579
7,107,Furo,FWD,BRE,4.5,1.1,a,,,0.0,0.0,0.19078853314897057,0.0033112582781456954,0.0,0.0,0.0,0.35,0.8154753215150045,0.078
7,108,Wilson,FWD,BRE,5.5,0.4,a,,,0.0,7.0,0.19078853314897057,0.001986754966887417,0.034742909960232736,0.0034129268825874412,0.0,0.4992104204886933,1.0756194767155873,0.091
7,565,M.Sangaré,MID,BRE,5.7,13.5,a,,,1.0,75.0,0.19078853314897057,0.23706513842925175,0.1158530990029847,0.10336672017458658,0.111151177369477,3.1822421381150363,2.596416502881708,0.558
7,620,Diouf,DEF,BRE,4.5,0.1,a,,,0.25,20.0,0.19078853314897057,0.17496178019364703,0.005024830620224826,0.017160248142143057,0.020659658084493014,0.8782529793623995,1.3033915929258972,0.195
7,109,Verbruggen,GK,BHA,4.5,22.2,a,,,1.0,90.0,0.3377247301486866,0.0,0.0,0.021634826782145237,0.09200337191092248,3.0037277544695953,2.3889501320647595,0.667
7,111,Steele,GK,BHA,4.0,4.3,a,,,0.0,0.0,0.3377247301486866,0.0,0.0,0.0,0.0,0.35,0.8154753215150045,0.087
7,113,F.Kadıoğlu,DEF,BHA,4.4,1.8,a,100.0,,0.0,0.0,0.3377247301486866,0.11379563336453563,0.0,0.0,0.0,0.35,0.8154753215150045,0.08
7,114,Boscagli,DEF,BHA,4.5,0.3,a,,,1.0,90.0,0.3377247301486866,0.2546854651491988,0.01976609377734434,0.08168846347502082,0.11994027757549945,3.4694843064452576,2.5904858125282324,0.771
7,115,De Cuyper,DEF,BHA,4.8,20.8,a,,,1.0,77.0,0.3377247301486866,0.133935790725327,0.1864467508424465,0.16434797038048765,0.22793811394655378,4.603365204983401,3.1408715979044954,0.959
7,116,Dunk,DEF,BHA,4.5,1.3,a,,,1.0,90.0,0.3377247301486866,0.2579180629121176,0.033599823235451395,0.026865665216151448,0.10559410349523264,3.379620094220795,2.5734951172349674,0.751
7,117,Coppola,DEF,BHA,4.5,0.0,a,,,0.0,0.0,0.3377247301486866,0.31059962629522675,0.0,0.0,0.0,0.35,0.8154753215150045,0.078
7,118,Igor,DEF,BHA,4.5,0.1,u,0.0,Has joined Burnley permanently,0.0,0.0,0.3377247301486866,0.33449190524101347,0.0,0.0,0.0,0.0,0.43588989435406733,0.0
7,119,Costinha,DEF,BHA,4.5,0.0,a,,,0.0,26.0,0.3377247301486866,0.2790328973444312,0.015582433477770297,0.015445916785437091,0.0,0.489832351222933,1.012015843843462,0.109
7,120,Svoboda,DEF,BHA,5.0,0.1,a,,,0.0,0.0,0.3377247301486866,0.2790328973444312,0.0,0.0,0.0,0.35,0.8154753215150045,0.07
7,121,Mitoma,MID,BHA,5.9,0.0,i,0.0,Hamstring injury - Expected back 10 Oct,0.0,0.0,0.3377247301486866,0.07178782067518182,0.0,0.0,0.0,0.0,0.43588989435406733,0.0
7,122,Minteh,MID,BHA,5.9,0.0,i,0.0,Leg injury - Expected back 28 Nov,0.0,0.0,0.3377247301486866,0.08329315674541278,0.0,0.0,0.0,0.0,0.43588989435406733,0.0
7,123,Hinshelwood,MID,BHA,6.0,1.0,d,50.0,Unspecified injury - 50% chance of playing,0.5,31.5,0.3377247301486866,0.09338929695697797,0.1097474604520944,0.03279922308563448,0.08815957827629876,1.8490660788624902,2.042476514565418,0.308
7,124,Groß,MID,BHA,5.6,16.3,a,,,1.0,90.0,0.3377247301486866,0.13167247740581525,0.2450901693003845,0.20691327991714076,0.19197368024100248,4.161148476657839,3.062143550105416,0.743
7,125,Georginio,FWD,BHA,5.5,0.6,d,75.0,Unspecified injury - 75% chance of playing,0.5,45.0,0.3377247301486866,0.03353984191412091,0.10448277207139907,0.07272408232778517,0.0789086355471488,1.618368625377092,1.924005462737793,0.294
7,126,O'Riley,MID,BHA,5.5,0.1,a,,,0.0,0.0,0.3377247301486866,0.14870334282716233,0.0,0.0,0.0,0.35,0.8154753215150045,0.064
7,127,Gomez,MID,BHA,5.0,4.8,a,,,1.0,85.0,0.3377247301486866,0.14116241109945202,0.21126102768020513,0.1339603285860664,0.1617074462194281,3.7603391585384363,2.9003811072519863,0.752
7,128,Buonanotte,MID,BHA,5.0,0.0,u,0.0,Has joined Elche on loan for the rest of the season,0.0,0.0,0.3377247301486866,0.17348723329835605,0.0,0.0,0.0,0.0,0.43588989435406733,0.0
7,129,Ayari,MID,BHA,5.4,0.4,a,100.0,,1.0,63.0,0.3377247301486866,0.21460141816909917,0.08961475105643327,0.057128255984686134,0.10714397653542837,3.002175860939587,2.4983639931210613,0.556
7,130,Wieffer,DEF,BHA,5.0,0.3,i,0.0,Knee injury - Unknown return date,0.0,0.0,0.3377247301486866,0.4954059020646417,0.0,0.0,0.0,0.0,0.43588989435406733,0.0
7,132,Howell,MID,BHA,4.5,0.0,u,0.0,Has joined Leicester City on loan for the rest of the season,0.0,0.0,0.3377247301486866,0.16014206150617483,0.0,0.0,0.0,0.0,0.43588989435406733,0.0
7,133,Watson,MID,BHA,5.0,0.0,u,0.0,Has joined Leicester City on loan for the rest of the season,0.0,0.0,0.3377247301486866,0.17348723329835605,0.0,0.0,0.0,0.0,0.43588989435406733,0.0
7,134,Oriola,MID,BHA,4.5,0.3,a,,,0.0,0.0,0.3377247301486866,0.17348723329835605,0.0,0.0,0.0,0.35,0.8154753215150045,0.078
7,135,Yohanna,MID,BHA,4.9,0.1,i,0.0,Unspecified injury - Expected back 10 Oct,0.0,0.0,0.3377247301486866,0.17348723329835605,0.0,0.0,0.0,0.0,0.43588989435406733,0.0
7,137,Tzimas,FWD,BHA,5.5,0.0,i,0.0,Knee injury - Unknown return date,0.0,0.0,0.3377247301486866,0.0033112582781456954,0.0,0.0,0.0,0.0,0.43588989435406733,0.0
7,138,Kostoulas,FWD,BHA,5.5,0.5,a,,,0.0,26.0,0.3377247301486866,0.002838221381267739,0.13108066169655977,0.022247444038498085,0.0,0.9410649789017334,1.6045271671407286,0.171
7,139,Ferguson,FWD,BHA,5.0,0.0,i,0.0,Ankle injury - Expected back 10 Oct,0.0,0.0,0.3377247301486866,0.0033112582781456954,0.0,0.0,0.0,0.0,0.43588989435406733,0.0
7,328,Struijk,DEF,BHA,5.0,0.2,a,100.0,,0.0,0.0,0.3377247301486866,0.37155442654848125,0.0,0.0,0.0,0.35,0.8154753215150045,0.07
7,504,Vuskovic,DEF,BHA,5.0,3.1,a,,,1.0,90.0,0.3377247301486866,0.25756882831793654,0.06720855806200685,0.03370420195622441,0.11975064854355258,3.6153020667953735,2.696724916502099,0.723
7,594,David,FWD,BHA,6.0,0.2,a,,,0.0,0.0,0.3377247301486866,0.0033112582781456954,0.0,0.0,0.0,0.35,0.8154753215150045,0.058
7,600,Osman,MID,BHA,5.0,0.0,a,,,0.0,12.0,0.3377247301486866,0.17348723329835605,0.016348730975212212,0.0153984417373309,0.0,0.47793898008805374,1.0030834701153117,0.096
7,605,Yalcouyé,MID,BHA,4.5,3.0,a,,,0.0,4.0,0.3377247301486866,0.17348723329835605,0.007879659852905552,0.005248354293004811,0.0,0.4051433621435422,0.9039083732271559,0.09
7,614,Hadjam,DEF,BHA,4.5,0.0,a,,,0.25,20.0,0.3377247301486866,0.2790328973444312,0.009907478749843447,0.008794984748007748,0.02847189063657182,1.1344720551346201,1.4882680461714008,0.252
7,624,Cozier-Duberry,MID,BHA,5.0,0.0,u,0.0,Has joined Middlesbrough on loan for the rest of the season,0.0,0.0,0.3377247301486866,0.17348723329835605,0.0,0.0,0.0,0.0,0.43588989435406733,0.0
7,639,Andrés,MID,BHA,5.5,0.0,a,,,0.25,20.0,0.3377247301486866,0.17348723329835605,0.028122817044516416,0.025132385761208857,0.02941235435847149,1.057904412116122,1.4760607322490935,0.192
7,652,Azeez,MID,BHA,5.5,0.0,d,50.0,Hamstring injury - 50% chance of playing,0.125,10.0,0.3377247301486866,0.17348723329835605,0.014061408522258208,0.012566192880604428,0.014706177179235745,0.5508272060580609,1.0634566952367477,0.1
7,28,Martinez,GK,CHE,5.0,5.0,a,,,0.0,0.0,0.27330677016174315,0.0,0.0,0.0,0.0,0.35,0.8154753215150045,0.07
7,40,Rogers,MID,CHE,7.6,31.0,a,,,1.0,81.0,0.27330677016174315,0.061636935991605454,0.22341603608520655,0.18840430258437196,0.1874830309432326,3.8046303098957392,2.927335615421154,0.501
7,101,Henderson,MID,CHE,4.9,0.0,d,75.0,Wrist injury - 75% chance of playing,0.0,0.0,0.27330677016174315,0.16393054192194428,0.0,0.0,0.0,0.175,0.5766281297335397,0.036
7,136,Welbeck,FWD,CHE,5.9,0.8,a,100.0,,0.0,0.0,0.27330677016174315,0.0010739216037229282,0.0,0.0,0.0,0.35,0.8154753215150045,0.059
7,140,Sánchez,GK,CHE,4.9,1.0,u,0.0,Has joined Como on loan for the rest of the season,0.0,0.0,0.27330677016174315,0.0,0.0,0.0,0.0,0.0,0.43588989435406733,0.0
7,141,Jörgensen,GK,CHE,5.0,0.0,u,0.0,Has joined RC Strasbourg on loan for the rest of the season,0.0,0.0,0.27330677016174315,0.0,0.0,0.0,0.0,0.0,0.43588989435406733,0.0
7,142,James,DEF,CHE,5.4,7.8,a,,,1.0,90.0,0.27330677016174315,0.1671373365041617,0.052471056530333016,0.11932070136733477,0.1284538078046195,3.300703980274017,2.5663522559661662,0.611
7,143,Chalobah,DEF,CHE,5.5,0.1,u,0.0,Has joined Como permanently,0.0,0.0,0.27330677016174315,0.41305701828888514,0.0,0.0,0.0,0.0,0.43588989435406733,0.0
7,144,Gusto,DEF,CHE,5.0,1.1,a,,,1.0,75.0,0.27330677016174315,0.09301096578147708,0.04515267505855502,0.06906215772448819,0.11629692230931393,2.9574686528897636,2.4269541591966424,0.591
7,145,Fofana,DEF,CHE,5.0,0.1,a,100.0,,0.0,0.0,0.27330677016174315,0.34494649227110585,0.0,0.0,0.0,0.35,0.8154753215150045,0.07
7,146,B.Badiashile,DEF,CHE,4.5,0.0,u,0.0,Has joined Napoli on loan for the rest of the season,0.0,0.0,0.27330677016174315,0.28989298454221163,0.0,0.0,0.0,0.0,0.43588989435406733,0.0
7,148,Hato,DEF,CHE,4.5,0.9,a,,,1.0,64.0,0.27330677016174315,0.18906064209274673,0.016076967049608506,0.033253065644483444,0.09260631800705917,2.8286279287065517,2.3389858628987263,0.629
7,149,Colwill,DEF,CHE,4.9,1.1,a,,,1.0,90.0,0.27330677016174315,0.35655965120887834,0.04319063014151691,0.0350289832391503,0.09570355722366931,3.307933076032295,2.5581666531542586,0.675
7,150,M.Sarr,DEF,CHE,4.5,0.0,u,0.0,Has joined Real Sociedad on loan for the rest of the season,0.0,0.0,0.27330677016174315,0.25756882831793654,0.0,0.0,0.0,0.0,0.43588989435406733,0.0
7,151,Acheampong,DEF,CHE,4.5,0.4,a,,,1.0,90.0,0.27330677016174315,0.21741973840665874,0.058189565001277754,0.020742109971304188,0.09595277878083946,3.099297847388408,2.497559468770592,0.689
7,152,Palestra,DEF,CHE,5.4,1.0,d,75.0,Unspecified injury - 75% chance of playing,0.0,0.0,0.27330677016174315,0.2790328973444312,0.0,0.0,0.0,0.175,0.5766281297335397,0.032
7,154,Palmer,MID,CHE,9.7,24.6,a,100.0,,1.0,82.0,0.27330677016174315,0.1200543176347139,0.47711291389658556,0.1625374373712193,0.2730500192714896,5.188569073864754,3.5666453038846666,0.535
7,156,Neto,MID,CHE,6.5,1.4,a,,,0.0,14.0,0.27330677016174315,0.049567780942387445,0.02596621693564043,0.03223838088707683,0.0,0.5765462273394326,1.1185862208872253,0.089
7,157,Estêvão,MID,CHE,6.4,0.8,a,,,0.0,7.0,0.27330677016174315,0.10957088418843541,0.019201378650688373,0.01443108531120861,0.0,0.48930014918706766,1.022193012771834,0.076
7,158,Gittens,MID,CHE,5.9,0.0,a,,,0.0,0.0,0.27330677016174315,0.14870334282716233,0.0,0.0,0.0,0.35,0.8154753215150045,0.059
7,159,Caicedo,MID,CHE,5.4,1.6,d,75.0,Calf injury - 75% chance of playing,0.0,0.0,0.27330677016174315,0.3507406232460529,0.0,0.0,0.0,0.175,0.5766281297335397,0.032
7,161,Lavia,MID,CHE,5.0,0.2,a,,,1.0,64.0,0.27330677016174315,0.14870334282716233,0.08818578667925853,0.049725895429985595,0.09520908305431788,2.7803720820913496,2.4107720083096025,0.556
7,163,D.Essugo,MID,CHE,4.5,0.1,u,0.0,Has joined RC Strasbourg on loan for the rest of the season,0.0,0.0,0.27330677016174315,0.17348723329835605,0.0,0.0,0.0,0.0,0.43588989435406733,0.0
7,164,Quenda,MID,CHE,5.4,0.0,a,100.0,,0.0,8.0,0.27330677016174315,0.17348723329835605,0.011149134579426068,0.009963594710665912,0.0,0.43563645702912807,0.9458351208492417,0.081
7,165,João Pedro,FWD,CHE,7.7,72.9,a,,,1.0,90.0,0.27330677016174315,0.0009240720776220546,0.5133372444816295,0.08163658577556883,0.23557151760619374,4.105530545482242,3.298565067314277,0.533
7,168,Marc Guiu,FWD,CHE,5.0,0.3,u,0.0,Has joined RB Leipzig permanently,0.0,0.0,0.27330677016174315,0.003056546102903719,0.0,0.0,0.0,0.0,0.43588989435406733,0.0
7,169,Mheuka,FWD,CHE,4.5,0.4,a,,,0.0,0.0,0.27330677016174315,0.0033112582781456954,0.0,0.0,0.0,0.35,0.8154753215150045,0.078
7,170,Emegha,FWD,CHE,5.0,0.1,d,75.0,Hamstring injury - 75% chance of playing,0.0,0.0,0.27330677016174315,0.0033112582781456954,0.0,0.0,0.0,0.175,0.5766281297335397,0.035
7,200,Lacroix,DEF,CHE,6.0,8.1,a,,,1.0,90.0,0.27330677016174315,0.5180509525134718,0.06147148566048761,0.04030339661408826,0.10394790133653733,3.7388297877842533,2.7336066854529397,0.623
7,560,Penders,GK,CHE,4.5,0.1,a,,,0.0,0.0,0.27330677016174315,0.0,0.0,0.0,0.0,0.35,0.8154753215150045,0.078
7,561,Anselmino,DEF,CHE,4.5,0.0,a,100.0,,0.0,0.0,0.27330677016174315,0.2790328973444312,0.0,0.0,0.0,0.35,0.8154753215150045,0.078
7,568,Barco,MID,CHE,5.5,0.1,a,,,0.0,0.0,0.27330677016174315,0.17348723329835605,0.0,0.0,0.0,0.35,0.8154753215150045,0.064
7,583,Chavarria,DEF,CHE,4.9,0.2,a,,,0.0,25.0,0.27330677016174315,0.2790328973444312,0.011379840175167405,0.010552634487565073,0.0,0.44993694451369964,0.9608117586848288,0.092
7,91,Pinnock,DEF,COV,4.5,0.1,a,,,0.0,0.0,0.2547016068658515,0.3342746730083234,0.0,0.0,0.0,0.35,0.8154753215150045,0.078
7,104,Onyeka,MID,COV,4.9,0.1,a,,,1.0,90.0,0.2547016068658515,0.16014206150617483,0.08436845113354925,0.12775271283918213,0.09971256807704114,3.003799833750279,2.492675348080216,0.613
7,110,Rushworth,GK,COV,4.5,0.9,a,,,1.0,90.0,0.2547016068658515,0.0,0.0,0.0002302631578947368,0.06375599382172605,2.572939446692683,2.211014461444361,0.572
7,171,Dovin,GK,COV,4.0,1.2,u,0.0,Has joined Leyton Orient on loan for the rest of the season,0.0,0.0,0.2547016068658515,0.0,0.0,0.0,0.0,0.0,0.43588989435406733,0.0
7,172,Wilson,GK,COV,4.5,0.4,a,,,0.0,0.0,0.2547016068658515,0.0,0.0,0.0,0.0,0.35,0.8154753215150045,0.078
7,173,Thomas,DEF,COV,4.0,8.9,a,,,1.0,90.0,0.2547016068658515,0.33449190524101347,0.05469698862519113,0.04826476485373381,0.09971201543408661,3.28146139797449,2.5618271971197975,0.82
7,174,Kitching,DEF,COV,4.0,0.4,u,0.0,Has joined Sheffield United on loan for the rest of the season,0.0,0.0,0.2547016068658515,0.2790328973444312,0.0,0.0,0.0,0.0,0.43588989435406733,0.0
7,175,van Ewijk,DEF,COV,4.0,10.9,a,,,1.0,90.0,0.2547016068658515,0.25756882831793654,0.031208558062006855,0.05470420195622441,0.09374486772284382,3.012343516653152,2.4311939515417174,0.753
7,176,Dasilva,DEF,COV,4.0,0.7,a,,,1.0,90.0,0.2547016068658515,0.25756882831793654,0.049105782424502156,0.042634718165331306,0.0957845769229046,3.0855581206555045,2.4813696064456967,0.771
7,177,Kesler-Hayden,DEF,COV,4.0,0.0,i,0.0,Hamstring injury - Unknown return date,0.0,0.0,0.2547016068658515,0.2790328973444312,0.0,0.0,0.0,0.0,0.43588989435406733,0.0
7,178,Bidwell,DEF,COV,4.0,0.1,a,,,0.0,0.0,0.2547016068658515,0.2790328973444312,0.0,0.0,0.0,0.35,0.8154753215150045,0.087
7,179,Latibeaudiere,DEF,COV,4.0,0.0,a,,,0.0,0.0,0.2547016068658515,0.2790328973444312,0.0,0.0,0.0,0.35,0.8154753215150045,0.087
7,180,Woolfenden,DEF,COV,4.0,0.1,i,0.0,Knee injury - Unknown return date,0.0,0.0,0.2547016068658515,0.2790328973444312,0.0,0.0,0.0,0.0,0.43588989435406733,0.0
7,181,Brau,DEF,COV,4.0,0.0,u,0.0,Has joined Academico de Viseu on loan for the rest of the season,0.0,0.0,0.2547016068658515,0.2790328973444312,0.0,0.0,0.0,0.0,0.43588989435406733,0.0
7,182,Amenda,DEF,COV,4.0,0.8,a,,,1.0,90.0,0.2547016068658515,0.25756882831793654,0.03420855806200686,0.06670420195622441,0.09899486772284383,3.071593516653151,2.4579013466803397,0.768
7,183,Rudoni,MID,COV,5.0,0.1,a,100.0,,0.0,20.0,0.2547016068658515,0.17348723329835605,0.034632444980701796,0.02701749612592774,0.0,0.6042147132812922,1.1643893786524617,0.121
7,184,Grimes,MID,COV,5.0,0.1,a,,,1.0,90.0,0.2547016068658515,0.16014206150617483,0.09458687369022672,0.09198037635963255,0.0907686982040359,2.9386310672220124,2.480104890899412,0.588
7,185,Sakamoto,MID,COV,4.9,0.1,a,,,0.0,0.0,0.2547016068658515,0.17348723329835605,0.0,0.0,0.0,0.35,0.8154753215150045,0.071
7,186,Mason-Clark,MID,COV,5.4,0.1,a,100.0,,0.0,0.0,0.2547016068658515,0.17348723329835605,0.0,0.0,0.0,0.35,0.8154753215150045,0.065
7,187,Eccles,MID,COV,4.9,0.0,i,0.0,Unspecified injury - Expected back 12 Oct,0.0,0.0,0.2547016068658515,0.17348723329835605,0.0,0.0,0.0,0.0,0.43588989435406733,0.0
7,188,Torp,MID,COV,5.4,0.1,a,,,0.0,28.0,0.2547016068658515,0.17348723329835605,0.0373158534606239,0.03708467354127415,0.0,0.647833287926942,1.2061419351904372,0.12
7,189,Shepherd,MID,COV,4.5,0.2,a,,,0.0,0.0,0.2547016068658515,0.17348723329835605,0.0,0.0,0.0,0.35,0.8154753215150045,0.078
7,190,Tchaouna,MID,COV,5.4,0.1,a,,,1.0,81.0,0.2547016068658515,0.12327387198321091,0.0901497654266337,0.07363342397669562,0.08916362323232432,2.791962125061271,2.4177730725145024,0.517
7,191,Borges Rodrigues,MID,COV,4.5,0.1,u,0.0,Has joined Burton Albion on loan for the rest of the season,0.0,0.0,0.2547016068658515,0.17348723329835605,0.0,0.0,0.0,0.0,0.43588989435406733,0.0
7,192,Andrews,MID,COV,4.5,0.4,u,0.0,Has joined Oxford United on loan for the rest of the season,0.0,0.0,0.2547016068658515,0.17348723329835605,0.0,0.0,0.0,0.0,0.43588989435406733,0.0
7,193,Wright,FWD,COV,5.4,0.1,i,0.0,Thigh injury - Unknown return date,0.0,0.0,0.2547016068658515,0.0033112582781456954,0.0,0.0,0.0,0.0,0.43588989435406733,0.0
7,194,Thomas-Asante,FWD,COV,5.0,0.8,a,,,1.0,69.0,0.2547016068658515,0.003056546102903719,0.28558546489902237,0.040015450076950426,0.17411405665387708,3.0121263113101606,2.727004360261171,0.602
7,195,Simms,FWD,COV,5.0,0.8,a,,,1.0,69.0,0.2547016068658515,0.003056546102903719,0.32054031018262896,0.04027842010859739,0.1901917549499711,3.1688123008356217,2.8185076250887553,0.634
7,196,Markelo,FWD,COV,5.0,0.0,u,0.0,Has joined Shabab Al-Ahli Dubai permanently,0.0,0.0,0.2547016068658515,0.0033112582781456954,0.0,0.0,0.0,0.0,0.43588989435406733,0.0
7,197,Bassette,FWD,COV,4.5,0.0,u,0.0,Has joined KVC Westerlo on loan for the rest of the season,0.0,0.0,0.2547016068658515,0.0033112582781456954,0.0,0.0,0.0,0.0,0.43588989435406733,0.0
7,492,Awoniyi,FWD,COV,5.5,0.7,a,,,0.0,20.0,0.2547016068658515,0.002838221381267739,0.12368874232360973,0.01505437072283894,0.0,0.8899180814629558,1.5598002464165963,0.162
7,575,Yirenkyi,MID,COV,4.9,0.2,a,,,1.0,61.0,0.2547016068658515,0.16014206150617483,0.073096138923581,0.07152591604268221,0.10015204152981942,2.7791973557637166,2.3914539112206503,0.567
7,584,Hamer,MID,COV,5.4,0.1,a,,,0.0,8.0,0.2547016068658515,0.17348723329835605,0.010849157864284555,0.009885145558842647,0.0,0.43390122599795067,0.9431369341626981,0.08
7,599,Cherif,FWD,COV,5.0,0.1,a,,,0.0,0.0,0.2547016068658515,0.0033112582781456954,0.0,0.0,0.0,0.35,0.8154753215150045,0.07
7,623,Bentley,GK,COV,4.0,0.4,a,,,0.25,20.0,0.2547016068658515,0.0,0.0,3.6549707602339175e-05,0.015933241876484143,0.9056660568486092,1.3117795195886988,0.226
7,655,Gboho,MID,COV,5.5,0.0,a,,,0.25,20.0,0.2547016068658515,0.17348723329835605,0.028122817044516416,0.025132385761208857,0.027336776276400614,1.036733515678999,1.4623715608754146,0.188
7,42,Guessand,MID,CRY,5.5,0.0,a,,,0.0,27.0,0.17205929121220914,0.10957088418843541,0.04185094530777858,0.027334767394362264,0.0,0.6412590287219797,1.212228454714058,0.117
7,153,Disasi,DEF,CRY,4.5,0.1,a,,,0.0,0.0,0.17205929121220914,0.20570749108204517,0.0,0.0,0.0,0.35,0.8154753215150045,0.078
7,198,Henderson,GK,CRY,5.0,2.0,a,100.0,,1.0,90.0,0.17205929121220914,0.0,8.75e-05,0.0011518914473684211,0.043448609809631236,2.198644891175775,2.044003496384968,0.44
7,199,Benitez,GK,CRY,4.5,0.1,a,,,0.0,0.0,0.17205929121220914,0.0,0.0,0.0,0.0,0.35,0.8154753215150045,0.078
7,202,Richards,DEF,CRY,5.0,0.7,a,,,1.0,90.0,0.17205929121220914,0.394281699275754,0.057170487130081424,0.028588701093206503,0.07303053868120306,2.8444624020765104,2.3973947290185356,0.569
7,203,Canvot,DEF,CRY,4.9,0.2,a,,,1.0,90.0,0.17205929121220914,0.4573479543753028,0.06623798491179286,0.01867315602487422,0.07273372213088576,2.9848658463946345,2.463467681464598,0.609
7,204,Mitchell,DEF,CRY,4.5,6.1,a,,,1.0,90.0,0.17205929121220914,0.19475822433610782,0.1056442679508442,0.07780341023311924,0.10722151016743948,2.9500169920181123,2.4977785915768194,0.656
7,205,Sosa,DEF,CRY,4.5,0.0,u,0.0,Has joined FC Cologne on loan for the rest of the season,0.0,0.0,0.17205929121220914,0.2790328973444312,0.0,0.0,0.0,0.0,0.43588989435406733,0.0
7,206,Chadi Riad,DEF,CRY,4.4,0.0,i,0.0,Knee injury - Unknown return date,0.0,0.0,0.17205929121220914,0.22886288253332498,0.0,0.0,0.0,0.0,0.43588989435406733,0.0
7,207,Mingueza,DEF,CRY,4.4,0.1,a,,,0.0,0.0,0.17205929121220914,0.2790328973444312,0.0,0.0,0.0,0.35,0.8154753215150045,0.08
7,208,Sarr,MID,CRY,6.3,0.8,i,0.0,Groin injury - Unknown return date,0.0,0.0,0.17205929121220914,0.061230788222949195,0.0,0.0,0.0,0.0,0.43588989435406733,0.0
7,210,Wharton,MID,CRY,5.5,0.9,a,100.0,,1.0,90.0,0.17205929121220914,0.2946791902336652,0.03697036449504217,0.18196783058770008,0.0938342974001807,3.095093869583668,2.470323974538405,0.563
7,211,Yeremy,MID,CRY,5.5,0.4,a,,,0.0,35.0,0.17205929121220914,0.09941441288968622,0.07043445788187168,0.10197916905218066,0.0,1.0081097965659005,1.529057016846148,0.183
7,212,Hughes,MID,CRY,4.5,8.7,a,,,0.0,0.0,0.17205929121220914,0.08327387198321091,0.0,0.0,0.0,0.35,0.8154753215150045,0.078
7,213,Lerma,MID,CRY,4.9,0.1,a,,,0.0,0.0,0.17205929121220914,0.21720881427072403,0.0,0.0,0.0,0.35,0.8154753215150045,0.071
7,214,Kamada,MID,CRY,5.0,0.4,a,,,1.0,90.0,0.17205929121220914,0.24490444847212947,0.06102043635609547,0.11669771936802921,0.07940728362466455,2.91352135661318,2.4293647720549534,0.583
7,215,Devenny,MID,CRY,5.0,0.0,u,0.0,Has joined Stoke City permanently,0.0,0.0,0.17205929121220914,0.16220246313580383,0.0,0.0,0.0,0.0,0.43588989435406733,0.0
7,216,Esse,MID,CRY,5.0,0.0,u,0.0,Has joined Millwall on loan for the rest of the season,0.0,0.0,0.17205929121220914,0.17348723329835605,0.0,0.0,0.0,0.0,0.43588989435406733,0.0
7,217,M.França,MID,CRY,4.9,0.0,a,,,0.0,0.0,0.17205929121220914,0.17348723329835605,0.0,0.0,0.0,0.35,0.8154753215150045,0.071
7,218,Doucouré,MID,CRY,4.9,0.1,a,,,0.0,0.0,0.17205929121220914,0.17348723329835605,0.0,0.0,0.0,0.35,0.8154753215150045,0.071
7,219,J.Rak-Sakyi,MID,CRY,4.9,0.0,u,0.0,has joined  Kasimpasa on loan for the rest of the seaon.,0.0,0.0,0.17205929121220914,0.17348723329835605,0.0,0.0,0.0,0.0,0.43588989435406733,0.0
7,220,Cardines,DEF,CRY,4.5,0.0,u,0.0,Has joined Bristol City on loan for the rest of the season,0.0,0.0,0.17205929121220914,0.25756882831793654,0.0,0.0,0.0,0.0,0.43588989435406733,0.0
7,221,Drakes-Thomas,MID,CRY,4.5,0.1,a,,,0.0,0.0,0.17205929121220914,0.17348723329835605,0.0,0.0,0.0,0.35,0.8154753215150045,0.078
7,222,Strand Larsen,FWD,CRY,6.0,0.5,a,,,0.0,27.0,0.17205929121220914,0.0011352885525070956,0.08465391640755225,0.010803315246877663,0.0,0.7210256113708419,1.3703547570063428,0.12
7,223,Mateta,FWD,CRY,6.4,1.8,i,0.0,Hamstring injury - Expected back 11 Oct,0.0,0.0,0.17205929121220914,0.0011037527593818985,0.0,0.0,0.0,0.0,0.43588989435406733,0.0
7,224,Nketiah,FWD,CRY,5.5,0.7,a,,,0.0,55.0,0.17205929121220914,0.002838221381267739,0.30156348448209264,0.07265734350778429,0.0,1.7742259684517232,2.2760514596447132,0.323
7,225,Uche,FWD,CRY,5.0,0.0,u,0.0,has returned to Getafe CF,0.0,0.0,0.17205929121220914,0.0033112582781456954,0.0,0.0,0.0,0.0,0.43588989435406733,0.0
7,241,McNeil,MID,CRY,5.4,0.1,a,,,1.0,62.0,0.17205929121220914,0.16327387198321092,0.06085875356677013,0.13281188321316487,0.11560310748522014,2.847050997322906,2.4030292167000677,0.527
7,555,Matthews,GK,CRY,4.0,1.8,a,,,0.0,0.0,0.17205929121220914,0.0,0.0,0.0,0.0,0.35,0.8154753215150045,0.087
7,577,Tomiyasu,DEF,CRY,4.5,0.3,a,,,0.0,18.0,0.17205929121220914,0.2790328973444312,0.01429652990982567,0.0072237445851876195,0.0,0.45745041321451685,0.9772077386955835,0.102
7,588,Khalaili,DEF,CRY,5.0,0.2,a,,,0.0,35.0,0.17205929121220914,0.2790328973444312,0.04188036987744865,0.01886706516747735,0.0,0.6578834147671239,1.2252594449022733,0.132
7,595,Gozo,MID,CRY,5.0,0.0,a,,,0.0,0.0,0.17205929121220914,0.17348723329835605,0.0,0.0,0.0,0.35,0.8154753215150045,0.07
7,633,Ahanor,DEF,CRY,4.5,0.0,a,,,0.25,20.0,0.17205929121220914,0.2790328973444312,0.009907478749843447,0.008794984748007748,0.01811780070304198,0.8990938878915172,1.3295575427535822,0.2
7,643,Chilwell,DEF,CRY,4.5,0.4,a,,,0.25,20.0,0.17205929121220914,0.2790328973444312,0.01651484908462919,0.030077406775185417,0.029099406445565072,1.0135669817242876,1.4229779899154875,0.225
7,644,Timber,MID,CRY,5.0,0.0,a,,,0.25,20.0,0.17205929121220914,0.17348723329835605,0.02620223793362169,0.02309387002724414,0.02371182478989615,0.9983823888357889,1.4332271161228178,0.2
7,647,Osorio,MID,CRY,5.5,0.0,a,,,0.25,20.0,0.17205929121220914,0.17348723329835605,0.028091569470022514,0.025104460888140848,0.02524741923383205,1.0153964135444191,1.4483793020319407,0.185
7,21,Nørgaard,MID,EVE,4.9,0.1,i,0.0,Groin injury - Unknown return date,0.0,0.0,0.2691315623062726,0.17348723329835605,0.0,0.0,0.0,0.0,0.43588989435406733,0.0
7,209,Johnson,MID,EVE,5.9,0.1,a,,,0.0,6.0,0.2691315623062726,0.07435167141358116,0.017422071069321633,0.005059358766076174,0.0,0.4522884316448367,0.981774132140952,0.077
7,226,Pickford,GK,EVE,5.5,8.6,a,,,1.0,90.0,0.2691315623062726,0.0,0.0,0.006643843404808317,0.06960823576825106,2.6580110952541047,2.2472696947591313,0.483
7,227,Travers,GK,EVE,5.0,0.0,a,,,0.0,0.0,0.2691315623062726,0.0,0.0,0.0,0.0,0.35,0.8154753215150045,0.07
7,228,King,GK,EVE,4.5,0.0,a,,,0.0,0.0,0.2691315623062726,0.0,0.0,0.0,0.0,0.35,0.8154753215150045,0.078
7,229,Tarkowski,DEF,EVE,6.0,11.4,a,,,1.0,90.0,0.2691315623062726,0.5069678953626635,0.05628616101580171,0.046502967902163676,0.10325908569785602,3.683312890029805,2.708507237788269,0.614
7,230,Branthwaite,DEF,EVE,5.5,1.9,a,,,1.0,90.0,0.2691315623062726,0.3174197384066587,0.048537215047540036,0.018899612559884787,0.09088578023916684,3.19286723393566,2.521442252910622,0.581
7,231,Keane,DEF,EVE,4.9,0.9,a,,,0.0,0.0,0.2691315623062726,0.4475218236130043,0.0,0.0,0.0,0.35,0.8154753215150045,0.071
7,232,O'Brien,DEF,EVE,4.9,0.3,a,,,0.0,0.0,0.2691315623062726,0.19475822433610782,0.0,0.0,0.0,0.35,0.8154753215150045,0.071
7,233,Mykolenko,DEF,EVE,4.5,1.9,a,,,1.0,90.0,0.2691315623062726,0.22496510365506903,0.009539955496518732,0.05237296115857356,0.08895241140585045,2.8872538256493563,2.3543623344151787,0.642
7,234,Patterson,DEF,EVE,4.5,0.0,u,0.0,Has joined Torino permanently,0.0,0.0,0.2691315623062726,0.35655965120887834,0.0,0.0,0.0,0.0,0.43588989435406733,0.0
7,235,Aznou,DEF,EVE,4.0,0.1,u,0.0,Has joined Malaga on loan for the rest of the season,0.0,0.0,0.2691315623062726,0.2790328973444312,0.0,0.0,0.0,0.0,0.43588989435406733,0.0
7,236,Dewsbury-Hall,MID,EVE,6.5,4.5,a,,,1.0,90.0,0.2691315623062726,0.1686153999900065,0.1432536250481421,0.15467900384188055,0.13118957634213518,3.4393480864118704,2.719243114263858,0.529
7,238,Grealish,MID,EVE,6.5,0.4,a,100.0,,0.0,8.0,0.2691315623062726,0.06939489331934243,0.010744917647424647,0.01668763968345012,0.0,0.4537875072874736,0.962634806004202,0.07
7,239,Garner,MID,EVE,6.0,0.1,d,75.0,Unspecified injury - 75% chance of playing,0.0,5.5,0.2691315623062726,0.4416369359916055,0.0028677036807797335,0.008749689398512398,0.0,0.21558758659943583,0.6533166434613513,0.036
7,242,George,MID,EVE,5.5,0.5,a,,,1.0,83.0,0.2691315623062726,0.13878978663868485,0.11646972769052776,0.14096202505388813,0.12461315877820676,3.202822117129461,2.6046459238616566,0.582
7,243,Alcaraz,MID,EVE,5.0,0.1,a,,,0.0,1.0,0.2691315623062726,0.10957088418843541,0.0019356923062057753,0.0009591928573827873,0.0,0.3625560401031772,0.8369412345160628,0.073
7,244,Armstrong,MID,EVE,5.0,0.4,a,,,1.0,90.0,0.2691315623062726,0.22676926664334848,0.12019007363434803,0.05764173844763086,0.08915429045931987,3.097886361919485,2.5704327513967584,0.62
7,245,Dibling,MID,EVE,5.4,0.0,a,,,0.0,0.0,0.2691315623062726,0.22013191425573378,0.0,0.0,0.0,0.35,0.8154753215150045,0.065
7,246,Röhl,MID,EVE,5.0,0.0,a,,,1.0,90.0,0.2691315623062726,0.16220246313580383,0.07538657445862705,0.07234236626109394,0.07861828548252961,2.7886318260505965,2.3980658698726134,0.558
7,247,Hackney,MID,EVE,5.5,0.2,a,100.0,,1.0,78.0,0.2691315623062726,0.16014206150617483,0.09959399681068,0.09416003834940219,0.1051599781221989,2.997872507716938,2.5086892484973626,0.545
7,248,Beto,FWD,EVE,5.4,1.0,u,0.0,Has joined Fiorentina permanently,0.0,0.0,0.2691315623062726,0.0014191106906338694,0.0,0.0,0.0,0.0,0.43588989435406733,0.0
7,249,Barry,FWD,EVE,5.6,5.8,a,,,1.0,78.0,0.2691315623062726,0.0012417218543046358,0.5400289989132224,0.02688899649231219,0.2558608082213239,4.06892856156307,3.3122708615765664,0.727
7,649,Maitland-Niles,DEF,EVE,4.5,0.2,a,,,0.25,20.0,0.2691315623062726,0.2790328973444312,0.010438444797530894,0.008667946079425413,0.024343864051943585,1.0463352556196803,1.4320152423988293,0.233
7,654,Graham,MID,EVE,4.5,0.1,a,,,0.25,20.0,0.2691315623062726,0.17348723329835605,0.028122817044516416,0.025132385761208857,0.02769752516241114,1.0404131543163064,1.4647600129263771,0.231
7,250,Leno,GK,FUL,4.5,3.0,a,,,1.0,90.0,0.39895924288136025,0.0,0.0,0.0004463125406107862,0.09989602010955384,3.1890814508846566,2.461555353162071,0.709
7,251,Lecomte,GK,FUL,4.0,1.2,a,,,0.0,0.0,0.39895924288136025,0.0,0.0,0.0,0.0,0.35,0.8154753215150045,0.087
7,252,McNally,GK,FUL,4.0,0.1,u,0.0,Has joined York City on loan for the rest of the season,0.0,0.0,0.39895924288136025,0.0,0.0,0.0,0.0,0.0,0.43588989435406733,0.0
7,253,Andersen,DEF,FUL,5.0,0.1,a,100.0,,0.0,0.0,0.39895924288136025,0.5429859248403064,0.0,0.0,0.0,0.35,0.8154753215150045,0.07
7,254,Robinson,DEF,FUL,4.5,1.4,a,,,1.0,81.0,0.39895924288136025,0.253392923039075,0.042801654232598456,0.0832305562450872,0.14875233701721782,3.9303681331706843,2.77930015982799,0.873
7,255,J.Cuenca,DEF,FUL,4.5,0.0,a,,,1.0,90.0,0.39895924288136025,0.4934084681797033,0.013683033461124384,0.03746877722217078,0.11764294445949337,4.028890281974123,2.7815444876035293,0.895
7,256,Tete,DEF,FUL,4.4,0.2,a,,,0.0,0.0,0.39895924288136025,0.3338191860688121,0.0,0.0,0.0,0.35,0.8154753215150045,0.08
7,257,Bassey,DEF,FUL,4.5,0.7,a,,,1.0,90.0,0.39895924288136025,0.2767901162959311,0.03371893182429047,0.016068839313127636,0.1171655306184364,3.685850677118791,2.684293180237853,0.819
7,258,Castagne,DEF,FUL,4.5,0.8,a,,,1.0,90.0,0.39895924288136025,0.1671373365041617,0.1008082857896202,0.0726958519103504,0.16046625891532976,4.099807452182475,2.897323570795023,0.911
7,261,Iwobi,MID,FUL,5.4,0.8,a,,,1.0,90.0,0.39895924288136025,0.07516699511171397,0.0807636516987909,0.23492377225349226,0.15038652267143512,3.334325872382271,2.6114748836086976,0.617
7,262,Smith Rowe,MID,FUL,5.4,0.3,a,,,0.0,0.0,0.39895924288136025,0.06715634837355719,0.0,0.0,0.0,0.35,0.8154753215150045,0.065
7,263,Kevin,MID,FUL,5.4,0.0,a,,,0.0,17.0,0.39895924288136025,0.11565815553223738,0.020602426656986576,0.023714055428184378,0.0,0.524154299569486,1.058067922736505,0.097
7,264,Bobb,MID,FUL,5.5,0.3,a,,,1.0,66.0,0.39895924288136025,0.09051507824262055,0.09518450550450143,0.15787325708565167,0.16067349279707271,3.2138060389938077,2.5840546641112767,0.584
7,265,Berge,MID,FUL,5.0,0.3,a,,,1.0,72.0,0.39895924288136025,0.1539531912952233,0.028611726339788257,0.05375987869597898,0.0759335014912842,2.600588144712224,2.2611474593648144,0.52
7,266,Cairney,MID,FUL,5.0,0.0,i,0.0,Knee injury - Expected back 10 Oct,0.0,0.0,0.39895924288136025,0.10957088418843541,0.0,0.0,0.0,0.0,0.43588989435406733,0.0
7,268,King,MID,FUL,5.5,1.1,a,,,1.0,90.0,0.39895924288136025,0.08007103075308741,0.2102090531407299,0.09699526088773502,0.14741743419809875,3.5738216826014853,2.837519253817884,0.65
7,269,Sessegnon,DEF,FUL,4.5,0.3,a,,,0.0,17.0,0.39895924288136025,0.47963733650416174,0.02199071992944208,0.025916676436522526,0.0,0.55969434888622,1.0933268415530968,0.124
7,270,Reed,MID,FUL,4.5,1.2,a,,,0.0,0.0,0.39895924288136025,0.16014206150617483,0.0,0.0,0.0,0.35,0.8154753215150045,0.078
7,271,Muniz,FWD,FUL,5.4,0.4,a,,,0.0,8.0,0.39895924288136025,0.001892147587511826,0.04110088976301557,0.0021013089378629354,0.0,0.5207074858656511,1.11173268447178,0.096
7,272,Kusi-Asare,FWD,FUL,4.5,6.2,a,,,0.0,0.0,0.39895924288136025,0.0033112582781456954,0.0,0.0,0.0,0.35,0.8154753215150045,0.078
7,569,Gonzalo,FWD,FUL,6.0,4.1,a,,,1.0,90.0,0.39895924288136025,0.003056546102903719,0.5448676302447893,0.061002898910499606,0.25195060949248715,4.190053872032487,3.3511651911432927,0.698
7,570,Palacios,MID,FUL,5.5,0.2,a,,,1.0,72.0,0.39895924288136025,0.16014206150617483,0.15707644884739952,0.07150697333007096,0.13990117149077935,3.3715082323402026,2.710779285469546,0.613
7,580,Charles,MID,FUL,5.0,0.1,a,,,0.0,23.0,0.39895924288136025,0.17348723329835605,0.03036608500384553,0.02809560366325353,0.0,0.5861172360089881,1.1383405722542574,0.117
7,610,De Fougerolles,DEF,FUL,4.0,0.1,d,75.0,Unspecified injury - 75% chance of playing,0.0,0.0,0.39895924288136025,0.2790328973444312,0.0,0.0,0.0,0.175,0.5766281297335397,0.044
7,626,Zepa,MID,FUL,4.5,0.4,a,,,0.25,20.0,0.39895924288136025,0.17348723329835605,0.028122817044516416,0.025132385761208857,0.030943217176788333,1.0735192128629538,1.4860765144186587,0.239
7,635,Larsson,MID,FUL,5.0,0.0,a,,,0.25,20.0,0.39895924288136025,0.17348723329835605,0.03065810607076245,0.02971410104634964,0.033745537624396894,1.1027431242972148,1.5096888992733843,0.221
7,636,Ángel,MID,FUL,5.0,0.0,a,,,0.25,20.0,0.39895924288136025,0.17348723329835605,0.028122817044516416,0.025132385761208857,0.030943217176788333,1.0735192128629538,1.4860765144186587,0.215
7,650,Affengruber,DEF,FUL,4.5,0.0,a,,,0.25,20.0,0.39895924288136025,0.2790328973444312,0.009907478749843447,0.008794984748007748,0.03229904768236393,1.2112018131115652,1.536466178414297,0.269
7,240,Iroegbunam,MID,HUL,5.0,0.0,a,100.0,,0.0,0.0,0.9365547090678704,0.3243516714135812,0.0,0.0,0.0,0.35,0.8154753215150045,0.07
7,273,Phillips,GK,HUL,4.0,1.5,a,,,0.0,0.0,0.9365547090678704,0.0,0.0,0.0,0.0,0.35,0.8154753215150045,0.087
7,274,Butland,GK,HUL,4.5,0.1,i,0.0,Arm injury - Unknown return date,0.0,0.0,0.9365547090678704,0.0,0.0,0.0,0.0,0.0,0.43588989435406733,0.0
7,275,Cartwright,GK,HUL,4.0,0.0,u,0.0,Has joined Grimsby Town on loan for the rest of the season,0.0,0.0,0.9365547090678704,0.0,0.0,0.0,0.0,0.0,0.43588989435406733,0.0
7,276,Lo-Tutala,GK,HUL,4.0,0.0,u,0.0,Has joined Colchester United on loan for the rest of the season,0.0,0.0,0.9365547090678704,0.0,0.0,0.0,0.0,0.0,0.43588989435406733,0.0
7,277,Egan,DEF,HUL,4.1,6.3,a,,,1.0,90.0,0.9365547090678704,0.33449190524101347,0.031208558062006855,0.02770420195622441,0.25475814327334856,6.155215769749613,3.4470511036096205,1.501
7,278,Hughes,DEF,HUL,4.0,0.1,i,0.0,Groin injury - Unknown return date,0.0,0.0,0.9365547090678704,0.2790328973444312,0.0,0.0,0.0,0.0,0.43588989435406733,0.0
7,279,Ajayi,DEF,HUL,4.1,11.7,a,100.0,,1.0,63.0,0.9365547090678704,0.25756882831793654,0.058692247385265,0.020224067428043817,0.273596834673622,6.174977731966432,3.4762927343720365,1.506
7,280,Coyle,DEF,HUL,4.0,0.6,a,100.0,,1.0,69.0,0.9365547090678704,0.25756882831793654,0.027458577355191114,0.025883078006881256,0.2584903025409572,5.9894462113898355,3.397749146975367,1.497
7,281,Drameh,DEF,HUL,4.0,0.1,u,0.0,Has joined Genoa permanently,0.0,0.0,0.9365547090678704,0.2790328973444312,0.0,0.0,0.0,0.0,0.43588989435406733,0.0
7,282,Giles,DEF,HUL,4.0,1.4,a,,,1.0,84.0,0.9365547090678704,0.25756882831793654,0.03214317470731313,0.04593259591065397,0.26341709124870527,6.082629137921633,3.427806063693654,1.521
7,283,Jacob,DEF,HUL,4.0,0.0,u,0.0,Has joined Newport County on loan until January,0.0,0.0,0.9365547090678704,0.2790328973444312,0.0,0.0,0.0,0.0,0.43588989435406733,0.0
7,284,McCarthy,DEF,HUL,4.0,0.1,a,,,0.0,0.0,0.9365547090678704,0.2790328973444312,0.0,0.0,0.0,0.35,0.8154753215150045,0.087
7,285,McNair,DEF,HUL,4.0,0.1,a,100.0,,0.0,26.0,0.9365547090678704,0.2790328973444312,0.012507641506191249,0.011103179634096006,0.0,0.45835538793943553,0.9725847449564871,0.115
7,286,Belloumi,MID,HUL,5.0,1.0,a,,,1.0,90.0,0.9365547090678704,0.16014206150617483,0.11065509091678839,0.08692549015973289,0.1628086742835695,3.7031523248605125,2.774872963350882,0.741
7,287,Millar,MID,HUL,5.0,0.0,u,0.0,Has joined Birmingham on loan for the rest of the season,0.0,0.0,0.9365547090678704,0.17348723329835605,0.0,0.0,0.0,0.0,0.43588989435406733,0.0
7,288,Dowell,MID,HUL,4.5,0.3,a,,,0.0,0.0,0.9365547090678704,0.17348723329835605,0.0,0.0,0.0,0.35,0.8154753215150045,0.078
7,289,Crooks,MID,HUL,4.5,0.5,a,100.0,,1.0,90.0,0.9365547090678704,0.16014206150617483,0.1138974090302915,0.10178616233289588,0.16914472088390264,3.77028197854785,2.8012354798236196,0.838
7,290,Slater,MID,HUL,4.5,5.3,a,,,1.0,90.0,0.9365547090678704,0.16014206150617483,0.09158687369022672,0.13410037635963254,0.17264600842423777,3.7591732314680706,2.7734365653338267,0.835
7,291,Matazo,MID,HUL,4.5,0.0,i,0.0,Knee injury - Unknown return date,0.0,0.0,0.9365547090678704,0.17348723329835605,0.0,0.0,0.0,0.0,0.43588989435406733,0.0
7,292,Ömür,MID,HUL,4.9,0.0,a,,,0.0,0.0,0.9365547090678704,0.17348723329835605,0.0,0.0,0.0,0.35,0.8154753215150045,0.071
7,293,Kamara,MID,HUL,5.0,0.0,u,0.0,Has joined Portsmouth permanently,0.0,0.0,0.9365547090678704,0.17348723329835605,0.0,0.0,0.0,0.0,0.43588989435406733,0.0
7,294,Zambrano,MID,HUL,4.5,0.1,a,100.0,,0.0,0.0,0.9365547090678704,0.17348723329835605,0.0,0.0,0.0,0.35,0.8154753215150045,0.078
7,295,McBurnie,FWD,HUL,5.5,1.9,a,,,1.0,90.0,0.9365547090678704,0.003056546102903719,0.4548676302447894,0.0460028989104996,0.2689601561111382,3.8020634186511377,3.154857568402399,0.691
7,296,Akintola,MID,HUL,5.0,0.0,a,,,0.0,0.0,0.9365547090678704,0.17348723329835605,0.0,0.0,0.0,0.35,0.8154753215150045,0.07
7,297,Gyabi,MID,HUL,4.5,0.0,i,0.0,Thigh injury - Unknown return date,0.0,0.0,0.9365547090678704,0.17348723329835605,0.0,0.0,0.0,0.0,0.43588989435406733,0.0
7,298,Destan,FWD,HUL,4.5,0.2,u,0.0,Has joined Konyaspor permanently,0.0,0.0,0.9365547090678704,0.0033112582781456954,0.0,0.0,0.0,0.0,0.43588989435406733,0.0
7,299,Burstow,FWD,HUL,4.5,0.0,u,0.0,Has joined Sheffield Wednesday on loan for the rest of the season,0.0,0.0,0.9365547090678704,0.0033112582781456954,0.0,0.0,0.0,0.0,0.43588989435406733,0.0
7,340,Gelhardt,MID,HUL,5.0,0.0,a,100.0,,0.0,0.0,0.9365547090678704,0.17348723329835605,0.0,0.0,0.0,0.35,0.8154753215150045,0.07
7,556,Targett,DEF,HUL,4.0,1.9,a,,,0.0,5.0,0.9365547090678704,0.2790328973444312,0.0023582961385930547,0.002834030796253027,0.0,0.3726518692203174,0.8498166439592493,0.093
7,563,Morita,MID,HUL,5.0,0.0,i,0.0,Calf injury - Expected back 11 Oct,0.0,0.0,0.9365547090678704,0.17348723329835605,0.0,0.0,0.0,0.0,0.43588989435406733,0.0
7,572,Tzolakis,GK,HUL,4.6,9.6,a,,,1.0,90.0,0.9365547090678704,0.0,0.0,0.0002302631578947368,0.23421926937223075,5.2694387979081485,3.1641639837444395,1.146
7,574,Hjertø-Dahl,MID,HUL,4.9,0.1,a,,,0.0,0.0,0.9365547090678704,0.17348723329835605,0.0,0.0,0.0,0.35,0.8154753215150045,0.071
7,576,Stroud,MID,HUL,5.0,0.1,a,,,1.0,70.0,0.9365547090678704,0.16014206150617483,0.08093417323464318,0.07267726019128841,0.16278061594845628,3.5117749882093405,2.67543968666939,0.702
7,585,Herrington,DEF,HUL,4.0,0.6,a,,,0.0,26.0,0.9365547090678704,0.2790328973444312,0.01179210137425811,0.010467986291184334,0.0,0.4521565671191016,0.9642873460602093,0.113
7,586,Mendy,DEF,HUL,4.1,7.9,a,100.0,,1.0,63.0,0.9365547090678704,0.33449190524101347,0.04686874185106984,0.02182475465218123,0.2684854255185931,6.245265812817105,3.4852858556306283,1.523
7,589,Gourna-Douath,MID,HUL,5.0,0.0,a,,,0.0,0.0,0.9365547090678704,0.17348723329835605,0.0,0.0,0.0,0.35,0.8154753215150045,0.07
7,617,Cho,MID,HUL,5.0,0.0,a,,,0.25,20.0,0.9365547090678704,0.17348723329835605,0.02876521453821892,0.024713512665188706,0.04447111656303852,1.2126494376525532,1.5737297159198476,0.243
7,632,Ansah,FWD,HUL,5.0,0.0,i,0.0,Back injury - Unknown return date,0.0,0.0,0.9365547090678704,0.0033112582781456954,0.0,0.0,0.0,0.0,0.43588989435406733,0.0
7,637,Vaz,FWD,HUL,5.0,0.0,a,,,0.25,20.0,0.9365547090678704,0.0033112582781456954,0.09551353341104425,0.01269933298746019,0.06602268387110788,1.1426979952856127,1.6565649373051845,0.229
7,638,Norton-Cuffy,DEF,HUL,4.0,0.3,a,,,0.25,20.0,0.9365547090678704,0.2790328973444312,0.009621262697070192,0.008540907410843082,0.06568602379673275,1.7935485966381426,1.861577263987421,0.448
7,642,Thomas,MID,HUL,5.5,0.0,a,,,0.25,20.0,0.9365547090678704,0.17348723329835605,0.027279132533180924,0.025245080855039258,0.04409527674830846,1.206437892382185,1.5671333034318544,0.219
7,645,Mouzakitis,MID,HUL,5.0,0.0,a,,,0.25,20.0,0.9365547090678704,0.17348723329835605,0.028122817044516416,0.025132385761208857,0.04438310383145109,1.210606056740514,1.57126968088679,0.242
7,259,Diop,DEF,IPS,4.0,14.6,a,,,1.0,90.0,0.03267688347242154,0.20706641753015118,0.037201021235709966,0.010714518829083584,0.02493965989078313,1.0421109065049836,1.484323701142621,0.261
7,267,Lukić,MID,IPS,5.0,0.1,a,,,1.0,90.0,0.03267688347242154,0.16939489331934243,0.06036958199004083,0.06594674114731225,0.04747840144531573,2.458915871339674,2.2436928594363414,0.492
7,300,Walton,GK,IPS,4.5,0.4,a,,,0.0,0.0,0.03267688347242154,0.0,0.0,0.0,0.0,0.35,0.8154753215150045,0.078
7,301,Palmer,GK,IPS,4.0,4.2,a,,,0.0,0.0,0.03267688347242154,0.0,0.0,0.0,0.0,0.35,0.8154753215150045,0.087
7,302,Button,GK,IPS,4.0,0.5,a,,,0.0,0.0,0.03267688347242154,0.0,0.0,0.0,0.0,0.35,0.8154753215150045,0.087
7,303,Kipré,DEF,IPS,4.0,0.5,a,,,0.0,0.0,0.03267688347242154,0.2790328973444312,0.0,0.0,0.0,0.35,0.8154753215150045,0.087
7,304,O'Shea,DEF,IPS,4.0,3.0,a,,,1.0,90.0,0.03267688347242154,0.33449190524101347,0.03268360893838272,0.033307080313634094,0.03126596210631127,1.3235733167781865,1.6464783495414843,0.331
7,305,Davis,DEF,IPS,4.0,5.1,a,,,1.0,90.0,0.03267688347242154,0.25756882831793654,0.08974180799746337,0.12145829914796397,0.08208925836900495,1.8396610023598923,2.0084339054269558,0.46
7,306,Greaves,DEF,IPS,4.0,1.2,a,,,1.0,90.0,0.03267688347242154,0.25756882831793654,0.03637433187491641,0.015678678297665154,0.026387774428508932,1.146415799133218,1.5480426381733199,0.287
7,307,Johnson,DEF,IPS,4.0,0.1,u,0.0,Has joined Stoke City on loan for the rest of the season,0.0,0.0,0.03267688347242154,0.2790328973444312,0.0,0.0,0.0,0.0,0.43588989435406733,0.0
7,308,Furlong,DEF,IPS,4.0,0.5,a,,,0.0,0.0,0.03267688347242154,0.2790328973444312,0.0,0.0,0.0,0.35,0.8154753215150045,0.087
7,309,Núñez,MID,IPS,5.0,0.1,a,,,1.0,79.0,0.03267688347242154,0.23706513842925175,0.09653608282824007,0.0949609064661788,0.07962408281273828,2.8834498038569256,2.461253973952627,0.577
7,310,Matusiwa,MID,IPS,4.9,0.0,i,0.0,Muscular injury - Unknown return date,0.0,0.0,0.03267688347242154,0.17348723329835605,0.0,0.0,0.0,0.0,0.43588989435406733,0.0
7,311,Burns,MID,IPS,5.0,0.0,u,0.0,Has joined Leicester City permanently,0.0,0.0,0.03267688347242154,0.17348723329835605,0.0,0.0,0.0,0.0,0.43588989435406733,0.0
7,312,Taylor,MID,IPS,4.5,0.0,i,0.0,Knee injury - Unknown return date,0.0,0.0,0.03267688347242154,0.17348723329835605,0.0,0.0,0.0,0.0,0.43588989435406733,0.0
7,313,Clarke,MID,IPS,5.5,0.2,a,,,0.0,19.0,0.03267688347242154,0.17348723329835605,0.044483708651325525,0.019219802290068064,0.0,0.6300779501268318,1.2099794862512891,0.115
7,314,Ogbene,MID,IPS,4.9,0.0,u,0.0,Has joined Lincoln City on loan until January,0.0,0.0,0.03267688347242154,0.17348723329835605,0.0,0.0,0.0,0.0,0.43588989435406733,0.0
7,315,Fatawu,MID,IPS,5.5,0.2,a,,,1.0,65.0,0.03267688347242154,0.16014206150617483,0.051352061350588646,0.1503114869705906,0.10099694637981364,2.7034158400105177,2.3333671944474395,0.492
7,316,Emersonn,FWD,IPS,5.5,1.7,a,100.0,,1.0,65.0,0.03267688347242154,0.003056546102903719,0.32448874912320463,0.03746052224263305,0.1786738737014558,3.164634481751517,2.821300765616298,0.575
7,317,Hirst,FWD,IPS,5.0,0.1,u,0.0,Has joined Stoke City permanently,0.0,0.0,0.03267688347242154,0.0033112582781456954,0.0,0.0,0.0,0.0,0.43588989435406733,0.0
7,318,Philogene,MID,IPS,5.4,0.1,i,0.0,Ankle injury - Unknown return date,0.0,0.0,0.03267688347242154,0.17348723329835605,0.0,0.0,0.0,0.0,0.43588989435406733,0.0
7,319,Szmodics,MID,IPS,5.0,0.0,u,0.0,Has joined Derby County on loan for the rest of the season,0.0,0.0,0.03267688347242154,0.17348723329835605,0.0,0.0,0.0,0.0,0.43588989435406733,0.0
7,320,Akpom,FWD,IPS,5.0,1.2,a,,,0.0,24.0,0.03267688347242154,0.0033112582781456954,0.13179343946388147,0.014070860950105894,0.0,0.9193863407058436,1.5929829516113447,0.184
7,321,Walle Egeli,FWD,IPS,4.5,3.4,a,,,0.0,10.0,0.03267688347242154,0.0033112582781456954,0.047226135964349665,0.0062791146437997615,0.0,0.5577418877887979,1.1589074176071243,0.124
7,322,Al-Hamadi,FWD,IPS,5.0,0.1,u,0.0,Has joined Sheffield Wednesday on loan for the rest of the season,0.0,0.0,0.03267688347242154,0.0033112582781456954,0.0,0.0,0.0,0.0,0.43588989435406733,0.0
7,323,McAteer,MID,IPS,4.5,1.2,a,,,0.0,24.0,0.03267688347242154,0.17348723329835605,0.03001767454823847,0.021105364344035746,0.0,0.5634044657732996,1.1182908978699146,0.125
7,324,Mehmeti,MID,IPS,4.9,0.0,a,,,0.0,0.0,0.03267688347242154,0.17348723329835605,0.0,0.0,0.0,0.35,0.8154753215150045,0.071
7,554,Van Oevelen,GK,IPS,4.5,0.0,u,0.0,Has joined Valencia on loan for the rest of the season,0.0,0.0,0.03267688347242154,0.0,0.0,0.0,0.0,0.0,0.43588989435406733,0.0
7,562,Maeda,MID,IPS,5.4,0.3,a,,,1.0,79.0,0.03267688347242154,0.16014206150617483,0.14762469676763829,0.075447422055149,0.0922141661056953,2.951404042075323,2.548218173655651,0.547
7,564,Scherpen,GK,IPS,4.5,0.6,a,,,1.0,90.0,0.03267688347242154,0.0,0.0,0.0002302631578947368,0.008249812973368544,1.4036662457046778,1.6330847702550189,0.312
7,571,Florentino,MID,IPS,4.9,0.1,a,100.0,,0.0,0.0,0.03267688347242154,0.4594813371308649,0.0,0.0,0.0,0.35,0.8154753215150045,0.071
7,591,Enciso,MID,IPS,5.5,0.9,a,100.0,,1.0,70.0,0.03267688347242154,0.16014206150617483,0.17573317222752302,0.10908165219086485,0.13143435933551667,3.232069303011716,2.682411360900374,0.588
7,592,Ouattara,DEF,IPS,4.0,0.9,a,,,0.0,10.0,0.03267688347242154,0.2790328973444312,0.004739077335341782,0.004447675111871114,0.0,0.391777489347664,0.8790970900717464,0.098
7,602,Humphreys,MID,IPS,4.5,0.0,u,0.0,Has joined Huddersfield Town on loan for the rest of the season,0.0,0.0,0.03267688347242154,0.17348723329835605,0.0,0.0,0.0,0.0,0.43588989435406733,0.0
7,619,Palacios,MID,IPS,5.0,0.0,a,,,0.25,20.0,0.03267688347242154,0.17348723329835605,0.024841821722656168,0.0229780518668456,0.01964599731267686,0.955109072042395,1.4013415597977845,0.191
7,640,Flemming,FWD,IPS,5.5,0.0,a,,,0.25,20.0,0.03267688347242154,0.0012417218543046358,0.08918241236105273,0.006354309476892909,0.03843450631050163,1.0697982762383713,1.602407937767166,0.195
7,260,Wilson,MID,LEE,6.3,3.1,a,,,1.0,65.0,0.23747820279556706,0.07167085580419238,0.1408860589724751,0.08909209050957188,0.13519876964393332,3.0272596572866606,2.5684839307808613,0.481
7,326,Perri,GK,LEE,4.5,0.4,u,0.0,Has joined Torino on loan for the rest of the season,0.0,0.0,0.23747820279556706,0.0,0.0,0.0,0.0,0.0,0.43588989435406733,0.0
7,327,Bijol,DEF,LEE,5.0,0.9,a,,,1.0,90.0,0.23747820279556706,0.4514233755333287,0.04628268526222158,0.029839390394653904,0.08601227717879818,3.283538033183414,2.5527276342418155,0.657
7,329,Rodon,DEF,LEE,4.4,1.5,i,0.0,Hamstring injury - Expected back 21 Nov,0.0,0.0,0.23747820279556706,0.2966309948474039,0.0,0.0,0.0,0.0,0.43588989435406733,0.0
7,330,Bogle,DEF,LEE,4.5,1.7,a,,,1.0,90.0,0.23747820279556706,0.12155442654848124,0.1376823955390994,0.07203474525949352,0.13277054997839927,3.3983217661066814,2.6986859263051137,0.755
7,331,Gudmundsson,DEF,LEE,4.5,0.1,a,100.0,,0.0,0.0,0.23747820279556706,0.13370986920332936,0.0,0.0,0.0,0.35,0.8154753215150045,0.078
7,332,Justin,DEF,LEE,4.5,1.5,a,,,1.0,90.0,0.23747820279556706,0.25298165964039926,0.060234795647555295,0.028870007779315122,0.09055623189829641,3.0037537451259078,2.463440863837522,0.668
7,333,Bornauw,DEF,LEE,4.5,0.0,u,0.0,Has joined Hamburg SV on loan for the rest of the season,0.0,0.0,0.23747820279556706,0.2717746730083234,0.0,0.0,0.0,0.0,0.43588989435406733,0.0
7,334,Muharemović,DEF,LEE,5.0,3.6,a,,,1.0,90.0,0.23747820279556706,0.25756882831793654,0.040208558062006856,0.03070420195622441,0.0841890167052727,2.8911720773169898,2.394677075364092,0.578
7,335,Stach,MID,LEE,6.0,2.8,a,,,1.0,90.0,0.23747820279556706,0.3270461699895068,0.126504467243917,0.1479401851391116,0.11980344861361672,3.586391239603151,2.751939345027337,0.598
7,336,Okafor,MID,LEE,5.9,0.3,a,,,0.0,24.0,0.23747820279556706,0.06939489331934243,0.060771233116667794,0.02373790745457171,0.0,0.7250698879470541,1.3199470390130845,0.123
7,337,Aaronson,MID,LEE,5.4,0.6,a,,,1.0,81.0,0.23747820279556706,0.12394748291659202,0.1211081040249392,0.09801127925152471,0.10896091377595934,3.02507858679368,2.5444641752356483,0.56
7,338,Ampadu,MID,LEE,5.5,1.0,a,,,1.0,90.0,0.23747820279556706,0.46003847499125566,0.054769989677949577,0.06381623895111055,0.06525300029972775,3.1655024060986388,2.518546110289647,0.576
7,339,Longstaff,MID,LEE,4.9,0.1,a,,,0.0,8.0,0.23747820279556706,0.19437365712287014,0.008732995182204113,0.00941636645687721,0.0,0.4219140752816522,0.924139986218735,0.086
7,341,Gnonto,MID,LEE,5.0,0.0,u,0.0,Has joined ACF Fiorentina on loan for the rest of the season,0.0,0.0,0.23747820279556706,0.14870334282716233,0.0,0.0,0.0,0.0,0.43588989435406733,0.0
7,342,Harrison,MID,LEE,5.0,0.0,u,0.0,Has joined New England Revolution permanently,0.0,0.0,0.23747820279556706,0.16014206150617483,0.0,0.0,0.0,0.0,0.43588989435406733,0.0
7,343,James,MID,LEE,5.0,0.1,a,,,0.0,0.0,0.23747820279556706,0.13878978663868485,0.0,0.0,0.0,0.35,0.8154753215150045,0.07
7,344,Gruev,MID,LEE,5.0,0.0,d,25.0,Knee injury - 25% chance of playing,0.0,0.0,0.23747820279556706,0.11853256921462588,0.0,0.0,0.0,0.0875,0.43588989435406733,0.017
7,345,Tanaka,MID,LEE,4.9,0.2,a,,,0.0,0.0,0.23747820279556706,0.21174361664917804,0.0,0.0,0.0,0.35,0.8154753215150045,0.071
7,346,Calvert-Lewin,FWD,LEE,6.0,23.0,a,,,1.0,90.0,0.23747820279556706,0.0009240720776220546,0.5916140648886031,0.035223303476999146,0.24314089920751752,4.286967361815752,3.419783966390501,0.714
7,347,Nmecha,FWD,LEE,5.4,0.5,a,,,0.0,0.0,0.23747820279556706,0.001892147587511826,0.0,0.0,0.0,0.35,0.8154753215150045,0.065
7,348,Piroe,FWD,LEE,5.0,0.1,u,0.0,Has joined West Ham United on loan for the rest of the season,0.0,0.0,0.23747820279556706,0.003056546102903719,0.0,0.0,0.0,0.0,0.43588989435406733,0.0
7,349,Mateo Joseph,FWD,LEE,4.5,0.1,i,0.0,Knee injury - Unknown return date,0.0,0.0,0.23747820279556706,0.0033112582781456954,0.0,0.0,0.0,0.0,0.43588989435406733,0.0
7,385,Trafford,GK,LEE,5.0,5.4,a,,,1.0,90.0,0.23747820279556706,0.0,0.0,0.00012792397660818714,0.05941432409070463,2.495914382334609,2.177667864123397,0.499
7,598,Elvedi,DEF,LEE,4.5,0.0,a,,,0.0,0.0,0.23747820279556706,0.2790328973444312,0.0,0.0,0.0,0.35,0.8154753215150045,0.078
7,603,Lienou,DEF,LEE,4.0,0.1,a,,,0.0,0.0,0.23747820279556706,0.2790328973444312,0.0,0.0,0.0,0.35,0.8154753215150045,0.087
7,604,Cresswell,MID,LEE,4.5,0.1,a,,,0.0,0.0,0.23747820279556706,0.17348723329835605,0.0,0.0,0.0,0.35,0.8154753215150045,0.078
7,625,Cairns,GK,LEE,4.0,0.2,a,,,0.25,20.0,0.23747820279556706,0.0,0.0,7.309941520467835e-05,0.014871170569459783,0.8866195403935936,1.2979126036632158,0.222
7,629,Zetterer,GK,LEE,4.0,0.5,a,,,0.25,20.0,0.23747820279556706,0.0,0.0,7.309941520467835e-05,0.014871170569459783,0.8866195403935936,1.2979126036632158,0.222
7,641,Bard,DEF,LEE,4.5,0.0,a,,,0.25,20.0,0.23747820279556706,0.2790328973444312,0.009907478749843447,0.008794984748007748,0.02220648267700185,0.9988145577650239,1.3989969736395451,0.222
7,648,Bahoya,MID,LEE,5.0,0.0,a,,,0.25,20.0,0.23747820279556706,0.17348723329835605,0.028122817044516416,0.025132385761208857,0.026906191174643504,1.0323415476410767,1.4595156192330194,0.206
7,350,A.Becker,GK,LIV,5.5,3.9,a,,,1.0,90.0,0.2049837017325698,0.0,0.0,0.002754552363354592,0.05221001876031656,2.3573267281919654,2.116346092576716,0.429
7,351,Mamardashvili,GK,LIV,4.9,0.1,a,,,0.0,0.0,0.2049837017325698,0.0,0.0,0.0,0.0,0.35,0.8154753215150045,0.071
7,352,Woodman,GK,LIV,4.0,1.1,a,,,0.0,0.0,0.2049837017325698,0.0,0.0,0.0,0.0,0.35,0.8154753215150045,0.087
7,353,Pecsi,GK,LIV,4.0,0.0,u,0.0,Has joined TSV Hartberg on loan for the rest of the season,0.0,0.0,0.2049837017325698,0.0,0.0,0.0,0.0,0.0,0.43588989435406733,0.0
7,354,Jaros,GK,LIV,4.0,0.0,i,0.0,Knee injury - Unknown return date,0.0,0.0,0.2049837017325698,0.0,0.0,0.0,0.0,0.0,0.43588989435406733,0.0
7,355,Davies,GK,LIV,4.0,0.2,a,,,0.0,0.0,0.2049837017325698,0.0,0.0,0.0,0.0,0.35,0.8154753215150045,0.087
7,356,Virgil,DEF,LIV,6.5,17.2,a,,,1.0,90.0,0.2049837017325698,0.39898813270849365,0.07836303487887541,0.02890651262226402,0.08879026705854125,3.195644077827608,2.5577142055252593,0.492
7,357,Frimpong,DEF,LIV,5.4,2.4,a,,,1.0,90.0,0.2049837017325698,0.1455823812231815,0.03787491146096896,0.09794308340447565,0.09878222363604805,2.7035504235113357,2.3160300674726466,0.501
7,358,Kerkez,DEF,LIV,5.4,2.8,a,,,1.0,90.0,0.2049837017325698,0.12078874355925485,0.02778849297930934,0.042786409488628496,0.07594714129692069,2.409106515233085,2.1780801952220945,0.446
7,359,Gomez,DEF,LIV,5.0,0.0,i,0.0,Muscular injury - Unknown return date,0.0,0.0,0.2049837017325698,0.19696439812548086,0.0,0.0,0.0,0.0,0.43588989435406733,0.0
7,360,Bradley,DEF,LIV,5.0,0.0,i,0.0,Knee injury - Unknown return date,0.0,0.0,0.2049837017325698,0.20706641753015118,0.0,0.0,0.0,0.0,0.43588989435406733,0.0
7,361,Lucky,DEF,LIV,4.0,0.1,a,,,0.0,0.0,0.2049837017325698,0.2790328973444312,0.0,0.0,0.0,0.35,0.8154753215150045,0.087
7,362,Jacquet,DEF,LIV,5.0,2.7,a,100.0,,1.0,69.0,0.2049837017325698,0.25756882831793654,0.025255814579809258,0.0304272893608705,0.07666647288432234,2.609227771996186,2.2603246789502625,0.522
7,363,Leoni,DEF,LIV,4.0,0.0,i,0.0,Knee injury - Unknown return date,0.0,0.0,0.2049837017325698,0.2790328973444312,0.0,0.0,0.0,0.0,0.43588989435406733,0.0
7,364,Tsimikas,DEF,LIV,4.9,0.1,a,,,0.0,0.0,0.2049837017325698,0.2790328973444312,0.0,0.0,0.0,0.35,0.8154753215150045,0.071
7,365,Ramsay,DEF,LIV,4.0,0.1,u,0.0,Has joined St Mirren on loan for the rest of the season,0.0,0.0,0.2049837017325698,0.2790328973444312,0.0,0.0,0.0,0.0,0.43588989435406733,0.0
7,366,Wirtz,MID,LIV,7.4,8.1,a,,,1.0,62.0,0.2049837017325698,0.07704616998950682,0.16609574261794796,0.1119561881372469,0.16176668983113823,3.2284639257072754,2.6703288027041743,0.436
7,367,Gakpo,MID,LIV,7.2,13.6,d,75.0,Thigh injury - 75% chance of playing,0.5,45.0,0.2049837017325698,0.0927692454450062,0.12053055261132266,0.11696777873052142,0.0933736010562739,2.099069908910839,2.170579678933379,0.292
7,368,Szoboszlai,MID,LIV,7.0,38.4,a,,,1.0,90.0,0.2049837017325698,0.24656830203225047,0.3429873671413332,0.21860971329773887,0.2170573483269322,4.800094005260121,3.343366987460729,0.686
7,369,Ngumoha,MID,LIV,5.8,0.6,a,,,1.0,62.0,0.2049837017325698,0.11565815553223738,0.1141182247714758,0.1494657443375793,0.15441603189801884,3.1448004005414165,2.5806646643176143,0.542
7,370,Chiesa,MID,LIV,5.4,0.1,i,0.0,Back injury - Unknown return date,0.0,0.0,0.2049837017325698,0.16014206150617483,0.0,0.0,0.0,0.0,0.43588989435406733,0.0
7,371,Gravenberch,MID,LIV,5.9,1.4,a,,,1.0,77.0,0.2049837017325698,0.19743145216478855,0.04147222671590036,0.068422971978352,0.06545549691181476,2.5999444240035476,2.2778779084714222,0.441
7,372,Mac Allister,MID,LIV,5.4,1.4,a,,,0.0,27.0,0.2049837017325698,0.14833772681903104,0.030331498276548796,0.04180216686855194,0.0,0.6270639919883998,1.1719260106496707,0.116
7,373,C.Jones,MID,LIV,5.5,0.0,u,0.0,Has joined Internazionale permanently,0.0,0.0,0.2049837017325698,0.20272822665267576,0.0,0.0,0.0,0.0,0.43588989435406733,0.0
7,374,Endo,MID,LIV,5.0,0.1,a,100.0,,0.0,0.0,0.2049837017325698,0.16014206150617483,0.0,0.0,0.0,0.35,0.8154753215150045,0.07
7,375,Nyoni,MID,LIV,4.9,0.0,a,,,0.0,0.0,0.2049837017325698,0.17348723329835605,0.0,0.0,0.0,0.35,0.8154753215150045,0.071
7,376,Bajcetic,MID,LIV,5.0,0.0,u,0.0,Has joined Celta Vigo permanently,0.0,0.0,0.2049837017325698,0.17348723329835605,0.0,0.0,0.0,0.0,0.43588989435406733,0.0
7,377,Munoz,MID,LIV,6.5,1.2,a,,,0.0,27.0,0.2049837017325698,0.17348723329835605,0.04297264240807774,0.03434297662210557,0.0,0.6678921419067054,1.2356500006357816,0.103
7,378,McConnell,MID,LIV,4.5,0.2,a,,,0.0,0.0,0.2049837017325698,0.17348723329835605,0.0,0.0,0.0,0.35,0.8154753215150045,0.078
7,379,Isak,FWD,LIV,9.1,21.9,a,,,1.0,90.0,0.2049837017325698,0.001892147587511826,0.6516006870232897,0.07200476396430369,0.27376027801891467,4.669658869566006,3.5751861454076974,0.513
7,380,Ekitiké,FWD,LIV,7.4,0.1,i,0.0,Achilles injury - Unknown return date,0.0,0.0,0.2049837017325698,0.001281777397991882,0.0,0.0,0.0,0.0,0.43588989435406733,0.0
7,381,Koumas,MID,LIV,5.0,0.0,a,,,0.0,12.0,0.2049837017325698,0.17348723329835605,0.01703440359010182,0.014861617446794838,0.0,0.4797568702908936,1.0068487846212602,0.096
7,382,Danns,FWD,LIV,4.5,0.1,a,100.0,,0.0,0.0,0.2049837017325698,0.0033112582781456954,0.0,0.0,0.0,0.35,0.8154753215150045,0.078
7,383,Elliott,MID,LIV,5.4,0.0,u,0.0,Has joined Valencia on loan for the rest of the season,0.0,0.0,0.2049837017325698,0.17348723329835605,0.0,0.0,0.0,0.0,0.43588989435406733,0.0
7,579,Araujo,DEF,LIV,5.4,2.4,a,,,0.0,20.0,0.2049837017325698,0.2790328973444312,0.008553456654031509,0.008807818313928172,0.0,0.42774419486597354,0.9295346740006737,0.079
7,627,Barcola,MID,LIV,8.0,1.9,a,,,0.25,20.0,0.2049837017325698,0.17348723329835605,0.027310380107674833,0.025947079802181344,0.026094717382820116,1.0224382360434732,1.451376908018261,0.128
7,155,Enzo,MID,MCI,6.9,3.2,a,,,0.0,25.0,0.5188014863105952,0.08684780424638879,0.06559521671875286,0.05160375554403703,0.0,0.8327873502258754,1.4056554576928446,0.121
7,237,Ndiaye,MID,MCI,5.9,9.5,a,,,1.0,90.0,0.5188014863105952,0.2018188177684505,0.1783785395994348,0.11533728388810874,0.15468068685169978,3.811229228612897,2.8829857391185816,0.646
7,384,Donnarumma,GK,MCI,5.5,7.6,a,,,1.0,90.0,0.5188014863105952,0.0,0.0,0.0023628542510121457,0.13052737056550304,3.682264799496321,2.645052573965782,0.67
7,386,Bettinelli,GK,MCI,4.5,0.0,a,,,0.0,0.0,0.5188014863105952,0.0,0.0,0.0,0.0,0.35,0.8154753215150045,0.078
7,387,O'Reilly,DEF,MCI,6.4,14.0,a,100.0,,1.0,62.0,0.5188014863105952,0.10605840897885792,0.11459944095633676,0.0805172755950504,0.22883225176101485,4.69854452727345,3.100779135565378,0.734
7,388,Guéhi,DEF,MCI,6.0,18.5,a,,,1.0,90.0,0.5188014863105952,0.2989248910027745,0.1481174126937833,0.08231084109930936,0.21035026040523125,5.241425389779129,3.2935410604307096,0.874
7,389,Matheus N.,DEF,MCI,5.9,1.0,a,100.0,,0.0,33.0,0.5188014863105952,0.17496178019364703,0.010676986922865742,0.038163356408590005,0.0,0.5285519907629644,1.0335911686865493,0.09
7,390,Rúben,DEF,MCI,5.5,1.8,a,,,1.0,90.0,0.5188014863105952,0.231899854670366,0.03925398335280014,0.10155761442575154,0.17898443080014187,4.491293237255836,2.961246536663722,0.817
7,391,Gvardiol,DEF,MCI,5.6,20.0,a,,,1.0,90.0,0.5188014863105952,0.23512573215308055,0.10938100089939577,0.0596677649836769,0.18886743963672423,4.802204417613963,3.1273750013170636,0.858
7,392,Aït-Nouri,DEF,MCI,5.3,0.5,a,,,0.0,0.0,0.5188014863105952,0.19765430764241704,0.0,0.0,0.0,0.35,0.8154753215150045,0.066
7,393,Khusanov,DEF,MCI,5.5,1.6,a,,,1.0,90.0,0.5188014863105952,0.30919980622715465,0.023711107051377057,0.0457313825772644,0.15400524294767332,4.347810006913857,2.898811076190477,0.791
7,394,Alleyne,DEF,MCI,5.0,0.0,u,0.0,Has joined Burnley on loan for the rest of the season,0.0,0.0,0.5188014863105952,0.33449190524101347,0.0,0.0,0.0,0.0,0.43588989435406733,0.0
7,395,Lewis,DEF,MCI,4.5,0.2,a,,,0.0,56.0,0.5188014863105952,0.20927467300832342,0.043679023650859405,0.05097144399027276,0.0,0.7649884738759747,1.3097909154783096,0.17
7,396,Vitor Reis,DEF,MCI,4.5,0.0,a,,,0.0,0.0,0.5188014863105952,0.2790328973444312,0.0,0.0,0.0,0.35,0.8154753215150045,0.078
7,397,Semenyo,MID,MCI,8.4,17.2,a,,,1.0,90.0,0.5188014863105952,0.10587180832458902,0.21331437436669606,0.16761692306137094,0.18520610273088295,3.9967302384714674,2.9788712122708434,0.476
7,398,Foden,MID,MCI,7.0,4.4,a,,,1.0,81.0,0.5188014863105952,0.14519562284515064,0.31894266961692896,0.235266834664421,0.2674060669626956,4.882377232481428,3.345171559040924,0.697
7,399,Cherki,MID,MCI,7.8,29.8,a,,,0.0,27.0,0.5188014863105952,0.1457802428421526,0.0649444716745441,0.15425730291168452,0.0,1.137494267107774,1.5971555771283006,0.146
7,400,Doku,MID,MCI,7.4,0.8,i,0.0,Calf injury - Expected back 20 Sep,0.0,0.0,0.5188014863105952,0.06939489331934243,0.0,0.0,0.0,0.0,0.43588989435406733,0.0
7,402,Rodrigo,MID,MCI,6.5,0.0,u,0.0,Has joined Barcelona permanently,0.0,0.0,0.5188014863105952,0.3600659571278669,0.0,0.0,0.0,0.0,0.43588989435406733,0.0
7,404,Reijnders,MID,MCI,6.0,0.0,u,0.0,Has joined Al Qadsiah permanently,0.0,0.0,0.5188014863105952,0.10627057929587147,0.0,0.0,0.0,0.0,0.43588989435406733,0.0
7,406,Kovačić,MID,MCI,5.4,0.1,a,,,0.0,27.0,0.5188014863105952,0.17348723329835605,0.024845406100155898,0.03956022434583031,0.0,0.5929077035382704,1.1294233366296489,0.11
7,407,Echeverri,MID,MCI,4.9,0.0,u,0.0,Has joined Benfica on loan for the rest of the season,0.0,0.0,0.5188014863105952,0.17348723329835605,0.0,0.0,0.0,0.0,0.43588989435406733,0.0
7,408,Phillips,MID,MCI,5.0,0.0,u,0.0,Has joined Sheffield United on loan for the rest of the season,0.0,0.0,0.5188014863105952,0.17348723329835605,0.0,0.0,0.0,0.0,0.43588989435406733,0.0
7,409,Mukasa,MID,MCI,4.5,0.1,u,0.0,has joined West Ham on loan for the rest of the seaon.,0.0,0.0,0.5188014863105952,0.17348723329835605,0.0,0.0,0.0,0.0,0.43588989435406733,0.0
7,410,Monga,MID,MCI,4.9,0.0,u,0.0,Has joined Swansea City on loan for the rest of the season,0.0,0.0,0.5188014863105952,0.17348723329835605,0.0,0.0,0.0,0.0,0.43588989435406733,0.0
7,411,Haaland,FWD,MCI,15.5,71.3,a,,,1.0,90.0,0.5188014863105952,0.0008638065073423554,0.8544851659244428,0.10226751987452759,0.38674358866069913,5.683076215955563,3.99058339166872,0.367
7,481,Anderson,MID,MCI,6.3,4.5,a,100.0,,1.0,62.0,0.5188014863105952,0.5616369359916055,0.04497855738145518,0.10717998072373847,0.12918650266837567,3.756328561377169,2.7215612451137954,0.596
7,587,Rulli,GK,MCI,5.0,0.0,a,,,0.0,0.0,0.5188014863105952,0.0,0.0,0.0,0.0,0.35,0.8154753215150045,0.07
7,616,Bouaddi,MID,MCI,5.5,0.2,a,,,0.25,20.0,0.5188014863105952,0.17348723329835605,0.027435370405650458,0.02717976694877437,0.03447474749106966,1.1073193695343257,1.5061603581787437,0.201
7,621,McAidoo,MID,MCI,4.5,0.1,a,,,0.25,20.0,0.5188014863105952,0.17348723329835605,0.030006254218910594,0.02482521215746075,0.0345599270434611,1.113195303779077,1.5149615844943758,0.247
7,622,Braithwaite,DEF,MCI,4.0,0.2,a,,,0.25,20.0,0.5188014863105952,0.2790328973444312,0.009896470440121399,0.008785212542732184,0.0397810055689108,1.3527246812333154,1.621590489915388,0.338
7,628,Allan,MID,MCI,6.0,0.0,a,,,0.25,20.0,0.5188014863105952,0.17348723329835605,0.028122817044516416,0.025132385761208857,0.03393927326251921,1.1040789849374086,1.505485627180869,0.184
7,653,Samba,MID,MCI,4.5,0.0,a,,,0.25,20.0,0.5188014863105952,0.17348723329835605,0.028122817044516416,0.025132385761208857,0.03393927326251921,1.1040789849374086,1.505485627180869,0.245
7,43,Tielemans,MID,MUN,5.9,1.7,a,100.0,,1.0,66.0,0.24298511051612287,0.12369232726000827,0.08580706815984494,0.10689304862203645,0.11626902133387387,2.8871236918324557,2.449566782808898,0.489
7,131,Baleba,MID,MUN,5.0,0.1,i,0.0,Ankle injury - Expected back 19 Sep,0.0,0.0,0.24298511051612287,0.22525358516963973,0.0,0.0,0.0,0.0,0.43588989435406733,0.0
7,162,Andrey Santos,MID,MUN,4.9,0.7,a,,,1.0,66.0,0.24298511051612287,0.17007694998251136,0.09306464319287985,0.06846757826821617,0.10139343493077176,2.8786072753424734,2.4551459594712446,0.587
7,325,Darlow,GK,MUN,4.5,0.0,a,100.0,,0.0,0.0,0.24298511051612287,0.0,0.0,0.0,0.0,0.35,0.8154753215150045,0.078
7,412,Lammens,GK,MUN,5.0,11.9,a,,,1.0,90.0,0.24298511051612287,0.0,0.0,3.1116642958748205e-05,0.06075716845406628,2.520206607395926,2.188239601609536,0.504
7,413,Bayindir,GK,MUN,4.5,0.0,u,0.0,Has joined Celta Vigo on loan for the rest of the season,0.0,0.0,0.24298511051612287,0.0,0.0,0.0,0.0,0.0,0.43588989435406733,0.0
7,414,Heaton,GK,MUN,4.0,0.1,i,0.0,Hamstring injury - Unknown return date,0.0,0.0,0.24298511051612287,0.0,0.0,0.0,0.0,0.0,0.43588989435406733,0.0
7,415,Dorgu,MID,MUN,5.8,0.6,a,,,0.0,45.0,0.24298511051612287,0.08007103075308741,0.08467087530016183,0.058036078950410984,0.0,0.9474626133520421,1.5192775313187024,0.163
7,416,De Ligt,DEF,MUN,5.0,0.0,i,0.0,Back injury - Unknown return date,0.0,0.0,0.24298511051612287,0.293935790725327,0.0,0.0,0.0,0.0,0.43588989435406733,0.0
7,417,Dalot,DEF,MUN,4.9,1.9,a,,,0.0,10.0,0.24298511051612287,0.15870986920332936,0.007557803916716183,0.008543955234668865,0.0,0.4209786892043037,0.9193510390424726,0.086
7,418,Maguire,DEF,MUN,4.9,11.7,a,,,1.0,90.0,0.24298511051612287,0.35463733650416174,0.057756844448805994,0.05751088074813013,0.10108998144795836,3.3025819579739575,2.5732172055315026,0.674
7,419,Martinez,DEF,MUN,5.0,1.2,a,100.0,,0.0,0.0,0.24298511051612287,0.30618311533888226,0.0,0.0,0.0,0.35,0.8154753215150045,0.07
7,420,Yoro,DEF,MUN,4.9,0.5,a,,,0.0,0.0,0.24298511051612287,0.21891016441838534,0.0,0.0,0.0,0.35,0.8154753215150045,0.071
7,421,Heaven,DEF,MUN,4.4,0.3,a,,,1.0,90.0,0.24298511051612287,0.3629736855710076,0.04794306694060409,0.024415113517377598,0.0860716407893243,3.144732532856851,2.502528763884971,0.715
7,422,Mazraoui,DEF,MUN,4.4,0.6,a,,,1.0,79.0,0.24298511051612287,0.18906064209274673,0.03715692645920824,0.045654274133457344,0.09376593356154928,2.83142746458894,2.3669925520529707,0.644
7,423,Shaw,DEF,MUN,4.4,13.3,a,,,1.0,90.0,0.24298511051612287,0.16696789536266352,0.018498482076013883,0.09796550990104463,0.1015086748210012,2.8435025928686346,2.348115375978465,0.646
7,424,Amass,DEF,MUN,4.0,0.2,a,,,0.0,0.0,0.24298511051612287,0.2790328973444312,0.0,0.0,0.0,0.35,0.8154753215150045,0.087
7,425,Fredricson,DEF,MUN,4.0,0.0,u,0.0,Has joined Lausanne-Sport permanently,0.0,0.0,0.24298511051612287,0.2790328973444312,0.0,0.0,0.0,0.0,0.43588989435406733,0.0
7,426,B.Fernandes,MID,MUN,12.0,44.6,a,,,1.0,90.0,0.24298511051612287,0.15067759148043133,0.5309436762340174,0.3259484846765394,0.3242107673703072,6.027567672568839,3.825969241288395,0.502
7,427,Mbeumo,MID,MUN,7.9,24.7,a,,,1.0,90.0,0.24298511051612287,0.04731469999046074,0.47549723489200146,0.1919337796195975,0.2578993661306719,5.091792229106753,3.53940512581632,0.645
7,428,Cunha,MID,MUN,7.9,6.8,a,,,1.0,79.0,0.24298511051612287,0.07516699511171397,0.2155103969895996,0.133707969452026,0.16354380906314656,3.574073275047609,2.8432027019767783,0.452
7,429,Rashford,MID,MUN,7.0,1.6,a,,,0.0,45.0,0.24298511051612287,0.17348723329835605,0.11343141216386744,0.08649484632352131,0.0,1.1766415997899011,1.707690695818191,0.168
7,430,Mount,MID,MUN,5.4,0.0,a,100.0,,0.0,0.0,0.24298511051612287,0.1855384908900124,0.0,0.0,0.0,0.35,0.8154753215150045,0.065
7,431,Amad,MID,MUN,5.8,0.4,i,0.0,Unspecified injury - Unknown return date,0.0,0.0,0.24298511051612287,0.05948133713086493,0.0,0.0,0.0,0.0,0.43588989435406733,0.0
7,432,Mainoo,MID,MUN,5.5,1.3,a,,,0.0,23.0,0.24298511051612287,0.2886373856992955,0.014770644832865953,0.02655170060092481,0.0,0.5035083259671042,1.0223940963907674,0.092
7,433,Ugarte,MID,MUN,5.0,0.0,i,0.0,Knee injury - Unknown return date,0.0,0.0,0.24298511051612287,0.30409233997901364,0.0,0.0,0.0,0.0,0.43588989435406733,0.0
7,434,J.Fletcher,MID,MUN,4.9,0.0,a,,,0.0,0.0,0.24298511051612287,0.17348723329835605,0.0,0.0,0.0,0.35,0.8154753215150045,0.071
7,435,Lacey,MID,MUN,4.9,0.1,a,,,0.0,10.0,0.24298511051612287,0.17348723329835605,0.014788195267946514,0.011613968817873185,0.0,0.4587828827933521,0.9800084943075994,0.094
7,436,Collyer,MID,MUN,5.0,0.0,u,0.0,Has joined West Brom permanently,0.0,0.0,0.24298511051612287,0.17348723329835605,0.0,0.0,0.0,0.0,0.43588989435406733,0.0
7,437,Bendito Mantato,MID,MUN,4.5,0.2,a,,,0.0,0.0,0.24298511051612287,0.17348723329835605,0.0,0.0,0.0,0.35,0.8154753215150045,0.078
7,438,Fletcher,MID,MUN,4.5,0.3,a,,,0.0,0.0,0.24298511051612287,0.17348723329835605,0.0,0.0,0.0,0.35,0.8154753215150045,0.078
7,439,Šeško,FWD,MUN,7.0,1.7,a,100.0,,0.0,23.0,0.24298511051612287,0.0015282730514518594,0.12663584916530518,0.006188318521519716,0.0,0.8751083522257799,1.556444976290782,0.125
7,440,Zirkzee,FWD,MUN,5.4,0.4,a,,,0.0,0.0,0.24298511051612287,0.0024834437086092716,0.0,0.0,0.0,0.35,0.8154753215150045,0.065
7,441,Obi,FWD,MUN,4.5,1.2,a,,,0.0,0.0,0.24298511051612287,0.0033112582781456954,0.0,0.0,0.0,0.35,0.8154753215150045,0.078
7,405,N.Gonzalez,MID,NEW,5.5,0.3,a,,,0.0,0.0,0.2710248760205478,0.3131671310200094,0.0,0.0,0.0,0.35,0.8154753215150045,0.064
7,442,Pope,GK,NEW,4.9,1.0,a,,,0.0,0.0,0.2710248760205478,0.0,0.0,0.0,0.0,0.35,0.8154753215150045,0.071
7,443,Gillespie,GK,NEW,4.5,0.0,a,,,0.0,0.0,0.2710248760205478,0.0,0.0,0.0,0.0,0.35,0.8154753215150045,0.078
7,444,Jaouen,GK,NEW,4.5,0.0,d,50.0,Ankle injury - 50% chance of playing,0.0,0.0,0.2710248760205478,0.0,0.0,0.0,0.0,0.175,0.5766281297335397,0.039
7,445,Thiaw,DEF,NEW,5.0,2.1,a,,,1.0,90.0,0.2710248760205478,0.36329766151407056,0.09271721392555025,0.02737324666870817,0.10978788021312741,3.596640964251441,2.7184409347328184,0.719
7,446,Schär,DEF,NEW,5.0,0.2,a,100.0,,0.0,1.0,0.2710248760205478,0.40645194644057286,0.001146002465209472,0.0004036384428526118,0.0,0.35808693011981463,0.829000109782203,0.072
7,447,Botman,DEF,NEW,5.0,0.7,a,,,1.0,90.0,0.2710248760205478,0.46510287176161136,0.0594227934450679,0.04786160640960718,0.10530575895427323,3.6411789861878647,2.6971794219939005,0.728
7,448,Burn,DEF,NEW,4.9,0.9,i,0.0,Ankle injury - Expected back 14 Sep,0.0,0.0,0.2710248760205478,0.3707887435592549,0.0,0.0,0.0,0.0,0.43588989435406733,0.0
7,449,Hall,DEF,NEW,5.1,12.6,a,,,1.0,90.0,0.2710248760205478,0.2596776324481438,0.02478576112717103,0.17826865639528394,0.1388252651379962,3.4801150080844567,2.6001794326783476,0.682
7,450,Livramento,DEF,NEW,4.9,0.1,a,100.0,,0.0,0.0,0.2710248760205478,0.16724595262050673,0.0,0.0,0.0,0.35,0.8154753215150045,0.071
7,451,A.Murphy,DEF,NEW,4.0,0.1,u,0.0,Has joined FC Kaiserslautern on loan for the rest of the season,0.0,0.0,0.2710248760205478,0.2790328973444312,0.0,0.0,0.0,0.0,0.43588989435406733,0.0
7,453,Barnes,MID,NEW,6.0,2.2,a,,,1.0,90.0,0.2710248760205478,0.06715634837355719,0.23251051197506675,0.12275552370786438,0.15144560009108068,3.625175298036256,2.8780021087760317,0.604
7,454,Elanga,MID,NEW,6.1,11.1,a,,,1.0,75.0,0.2710248760205478,0.08674361664917803,0.12731540215354448,0.1252309274558806,0.1331719460380133,3.124392879746769,2.588481965253018,0.512
7,456,J.Ramsey,MID,NEW,4.9,0.4,a,,,0.0,34.0,0.2710248760205478,0.16327387198321092,0.03701113095632695,0.043638555465002345,0.0,0.6659713211766418,1.2195951360896702,0.136
7,457,J.Murphy,MID,NEW,5.9,0.1,a,,,0.0,14.0,0.2710248760205478,0.07178782067518182,0.029255657442884206,0.03164767808593199,0.0,0.591221321472217,1.1396729598681006,0.1
7,458,Joelinton,MID,NEW,5.4,0.0,i,0.0,Unspecified injury - Unknown return date,0.0,0.0,0.2710248760205478,0.3150577124868835,0.0,0.0,0.0,0.0,0.43588989435406733,0.0
7,459,L.Miley,MID,NEW,5.5,0.1,a,100.0,,1.0,75.0,0.2710248760205478,0.2886373856992955,0.06816824001495538,0.08032154544537552,0.08946819749539375,3.0217097095319048,2.4799713482619814,0.549
7,460,Willock,MID,NEW,5.0,0.5,a,,,0.0,34.0,0.2710248760205478,0.10409233997901364,0.05901028116516989,0.03626858088524463,0.0,0.7538571484815833,1.3365591154550656,0.151
7,461,Touré,MID,NEW,5.8,0.1,a,,,0.0,0.0,0.2710248760205478,0.17348723329835605,0.0,0.0,0.0,0.35,0.8154753215150045,0.06
7,462,Steur,MID,NEW,4.9,0.1,a,,,0.0,55.0,0.2710248760205478,0.17348723329835605,0.06986176467475287,0.06243303496180301,0.0,0.8866079282591733,1.4504225769550563,0.181
7,463,Woltemade,FWD,NEW,5.9,0.7,u,0.0,Has joined Juventus on loan for the rest of the season,0.0,0.0,0.2710248760205478,0.0012040939193257074,0.0,0.0,0.0,0.0,0.43588989435406733,0.0
7,464,Wissa,FWD,NEW,6.2,17.4,a,,,1.0,90.0,0.2710248760205478,0.002337358784573432,0.5284279790796628,0.05552851491839529,0.23148726050137508,4.086085461738828,3.306679641541005,0.659
7,465,Osula,FWD,NEW,5.9,0.4,i,0.0,Foot injury - Unknown return date,0.0,0.0,0.2710248760205478,0.001986754966887417,0.0,0.0,0.0,0.0,0.43588989435406733,0.0
7,466,Neave,FWD,NEW,4.5,0.7,u,0.0,Has joined Wolves on loan for the rest of the season,0.0,0.0,0.2710248760205478,0.0033112582781456954,0.0,0.0,0.0,0.0,0.43588989435406733,0.0
7,559,Bamba,MID,NEW,4.9,0.1,a,,,0.0,14.0,0.2710248760205478,0.17348723329835605,0.019379745701121203,0.017319006276779705,0.0,0.49885574733594507,1.0315543583083844,0.102
7,567,Horníček,GK,NEW,5.0,1.3,a,,,1.0,90.0,0.2710248760205478,0.0,0.0,0.0002302631578947368,0.06783681111040012,2.644827094792473,2.241689425434687,0.529
7,593,Dedić,DEF,NEW,4.5,3.3,d,75.0,Hamstring injury - 75% chance of playing,0.5,45.0,0.2710248760205478,0.25756882831793654,0.023104279031003427,0.018352100978112205,0.04838784250575895,1.656514323325117,1.8127335404034821,0.368
7,609,Shahar,DEF,NEW,4.0,0.3,a,,,0.0,0.0,0.2710248760205478,0.2790328973444312,0.0,0.0,0.0,0.35,0.8154753215150045,0.087
7,634,Fernandez-Pardo,FWD,NEW,6.0,0.1,a,,,0.25,20.0,0.2710248760205478,0.0033112582781456954,0.09264812740871292,0.012318352997836386,0.048106173560592484,1.1121769209969006,1.6337150652259984,0.185
7,167,Delap,FWD,NFO,5.5,0.8,a,,,0.0,0.0,0.22953805303083527,0.001806140878988561,0.0,0.0,0.0,0.35,0.8154753215150045,0.064
7,201,Muñoz,DEF,NFO,5.4,5.8,a,,,0.0,54.0,0.22953805303083527,0.2723261781087678,0.07694475574291526,0.061684725881832894,0.0,0.9967227121029902,1.534744828123937,0.185
7,467,Sels,GK,NFO,5.0,1.4,a,,,1.0,90.0,0.22953805303083527,0.0,0.0,0.0030998345450592973,0.05846945534847957,2.4702037952201032,2.1664226759610408,0.494
7,468,John,GK,NFO,4.5,0.1,a,,,0.0,0.0,0.22953805303083527,0.0,0.0,0.0,0.0,0.35,0.8154753215150045,0.078
7,469,N.Williams,DEF,NFO,5.0,8.2,a,,,1.0,90.0,0.22953805303083527,0.15634882485389734,0.05765676191762588,0.08161847314217288,0.10613084552863838,2.9403061798292454,2.43567697225665,0.588
7,470,Morato,DEF,NFO,5.0,0.0,u,0.0,Has joined West Ham on loan for the rest of the season,0.0,0.0,0.22953805303083527,0.3980151833897375,0.0,0.0,0.0,0.0,0.43588989435406733,0.0
7,471,Milenković,DEF,NFO,5.5,1.6,a,,,1.0,90.0,0.22953805303083527,0.3269678953626635,0.0569313558529564,0.017157496978378893,0.08331561174867616,3.033694670906014,2.470952854637086,0.552
7,472,Murillo,DEF,NFO,5.5,1.6,a,100.0,,1.0,90.0,0.22953805303083527,0.3707887435592549,0.06237258604168231,0.046787080373783624,0.0955903965031219,3.2481359476607574,2.5584553575947995,0.591
7,473,Aina,DEF,NFO,4.5,2.7,a,,,1.0,73.0,0.22953805303083527,0.17252886348816693,0.01781479284524066,0.0790698574993585,0.09919090347489887,2.716439847499808,2.2952395228648967,0.604
7,474,Jair Cunha,DEF,NFO,4.5,0.2,a,,,1.0,90.0,0.22953805303083527,0.25578792753724555,0.035213538514422285,0.016853621245125502,0.07560801917355053,2.7637974063011543,2.337198387612555,0.614
7,475,Savona,DEF,NFO,4.5,0.0,i,0.0,Knee injury - Unknown return date,0.0,0.0,0.22953805303083527,0.15219976218787157,0.0,0.0,0.0,0.0,0.43588989435406733,0.0
7,476,O.Richards,DEF,NFO,4.0,0.2,a,,,0.0,0.0,0.22953805303083527,0.2790328973444312,0.0,0.0,0.0,0.35,0.8154753215150045,0.087
7,477,Abbott,DEF,NFO,4.0,0.2,u,0.0,Has joined Southampton on loan for the rest of the season,0.0,0.0,0.22953805303083527,0.25756882831793654,0.0,0.0,0.0,0.0,0.43588989435406733,0.0
7,478,Netz,DEF,NFO,4.5,0.0,a,,,0.0,16.0,0.22953805303083527,0.28989298454221163,0.004343004383493018,0.011843159219826836,0.0,0.4115875039604386,0.8989295210559008,0.091
7,479,Bindon,DEF,NFO,4.0,0.1,u,0.0,Has joined Charlton Athletic on loan for the rest of the season,0.0,0.0,0.22953805303083527,0.2790328973444312,0.0,0.0,0.0,0.0,0.43588989435406733,0.0
7,480,Gibbs-White,MID,NFO,7.9,9.4,a,100.0,,1.0,90.0,0.22953805303083527,0.06420514165792235,0.4169358334372506,0.10024940842564647,0.20396863995509748,4.488708501857236,3.3211686428352674,0.568
7,482,Hudson-Odoi,MID,NFO,5.9,0.2,a,100.0,,0.0,0.0,0.22953805303083527,0.07178782067518182,0.0,0.0,0.0,0.35,0.8154753215150045,0.059
7,483,Ndoye,MID,NFO,5.5,0.7,a,,,1.0,61.0,0.22953805303083527,0.09051507824262055,0.0740591018148492,0.10524465435172421,0.11554508922516651,2.7492973141093753,2.3807602793429052,0.5
7,484,Hutchinson,MID,NFO,5.4,0.1,u,0.0,Has joined AC Milan on loan for the rest of the season,0.0,0.0,0.22953805303083527,0.11414247405852862,0.0,0.0,0.0,0.0,0.43588989435406733,0.0
7,485,Bakwa,MID,NFO,5.5,0.0,u,0.0,Has joined Lille on loan for the rest of the season,0.0,0.0,0.22953805303083527,0.13011542497376705,0.0,0.0,0.0,0.0,0.43588989435406733,0.0
7,486,McAtee,MID,NFO,5.5,0.1,a,,,1.0,73.0,0.22953805303083527,0.14870334282716233,0.18727613508045135,0.1380330982878479,0.16332696764693866,3.568596097503086,2.8114034565922,0.649
7,487,Dominguez,MID,NFO,4.9,0.1,a,,,0.0,0.0,0.22953805303083527,0.15409233997901364,0.0,0.0,0.0,0.35,0.8154753215150045,0.071
7,488,I.Sangaré,MID,NFO,4.9,0.5,a,100.0,,1.0,90.0,0.22953805303083527,0.31662419427372207,0.05025903896479922,0.06814315193105994,0.06439457211663423,2.883882748985827,2.404356765719652,0.589
7,489,Yates,MID,NFO,4.5,1.4,a,100.0,,0.0,0.0,0.22953805303083527,0.2054564533053515,0.0,0.0,0.0,0.35,0.8154753215150045,0.078
7,490,Wood,FWD,NFO,5.9,1.1,a,,,0.0,28.0,0.22953805303083527,0.001806140878988561,0.1266808815423256,0.013890364479820606,0.0,0.8983946196087642,1.5706798103084554,0.152
7,491,Igor Jesus,FWD,NFO,5.9,2.6,a,,,1.0,90.0,0.22953805303083527,0.0010739216037229282,0.31287098458841667,0.04585985209520361,0.14850959814235062,3.1095491085324785,2.790227448388788,0.527
7,493,Kalimuendo,FWD,NFO,5.4,0.1,a,,,0.0,1.0,0.22953805303083527,0.0033112582781456954,0.00479810347778169,0.000566596079166875,0.0,0.37089220214862734,0.8564366905668405,0.069
7,558,Schlager,MID,NFO,5.0,0.1,a,,,0.0,16.0,0.22953805303083527,0.17348723329835605,0.019147275930277142,0.01688876999338463,0.0,0.49640268963153955,1.0286149745563633,0.099
7,581,Diomande,DEF,NFO,5.4,0.5,a,,,0.0,0.0,0.22953805303083527,0.2790328973444312,0.0,0.0,0.0,0.35,0.8154753215150045,0.065
7,590,Benda,GK,NFO,4.5,0.1,a,,,0.0,0.0,0.22953805303083527,0.0,0.0,0.0,0.0,0.35,0.8154753215150045,0.078
7,112,Van Hecke,DEF,TOT,4.9,6.9,a,,,1.0,90.0,0.9428048470967682,0.33364070955373826,0.06718336119756844,0.03624273276137477,0.27190034465982216,6.4356146829809076,3.553979187453007,1.313
7,147,Tosin,DEF,TOT,4.4,0.2,a,,,0.0,0.0,0.9428048470967682,0.3341260404280618,0.0,0.0,0.0,0.35,0.8154753215150045,0.08
7,401,Marmoush,FWD,TOT,7.0,2.2,a,,,0.0,0.0,0.9428048470967682,0.002337358784573432,0.0,0.0,0.0,0.35,0.8154753215150045,0.05
7,403,Sávio,MID,TOT,6.5,0.7,a,100.0,,0.0,0.0,0.9428048470967682,0.11565815553223738,0.0,0.0,0.0,0.35,0.8154753215150045,0.054
7,455,Tonali,MID,TOT,5.4,2.6,a,,,1.0,90.0,0.9428048470967682,0.15204616998950682,0.08727617185015832,0.07993643359551621,0.15280489661566288,3.5461404687627223,2.694684382585486,0.657
7,494,Vicario,GK,TOT,4.5,0.2,u,0.0,Has joined Juventus on loan for the rest of the season,0.0,0.0,0.9428048470967682,0.0,0.0,0.0,0.0,0.0,0.43588989435406733,0.0
7,495,Austin,GK,TOT,4.0,1.0,a,,,0.0,0.0,0.9428048470967682,0.0,0.0,0.0,0.0,0.35,0.8154753215150045,0.087
7,496,Kinsky,GK,TOT,4.5,18.4,a,,,1.0,90.0,0.9428048470967682,0.0,0.0,0.0004528508771929824,0.23585970958120958,5.293086144994277,3.171255851471011,1.176
7,497,Dubravka,GK,TOT,4.0,17.9,a,,,0.0,0.0,0.9428048470967682,0.0,0.0,0.0,0.0,0.35,0.8154753215150045,0.087
7,498,Senesi,DEF,TOT,5.9,4.7,a,,,1.0,90.0,0.9428048470967682,0.6069678953626635,0.04338491634405901,0.09231788054188063,0.2831971906842709,6.975268325114239,3.6760466966268814,1.182
7,499,Pedro Porro,DEF,TOT,5.5,11.4,a,100.0,,0.0,0.0,0.9428048470967682,0.2639161573984459,0.0,0.0,0.0,0.35,0.8154753215150045,0.064
7,500,Romero,DEF,TOT,5.0,0.1,u,0.0,Has joined Atletico Madrid permanently,0.0,0.0,0.9428048470967682,0.38588733650416174,0.0,0.0,0.0,0.0,0.43588989435406733,0.0
7,502,Robertson,DEF,TOT,4.5,2.8,a,,,1.0,90.0,0.9428048470967682,0.19765430764241704,0.048804876553889466,0.11945181886602063,0.2945910551711606,6.347446764427279,3.5146803712052064,1.411
7,503,Van de Ven,DEF,TOT,5.0,3.8,a,100.0,,0.0,0.0,0.9428048470967682,0.14107543929184832,0.0,0.0,0.0,0.35,0.8154753215150045,0.07
7,505,Spence,DEF,TOT,4.5,0.3,u,0.0,Has joined Internazionale permanently,0.0,0.0,0.9428048470967682,0.12789396376862278,0.0,0.0,0.0,0.0,0.43588989435406733,0.0
7,506,Udogie,DEF,TOT,4.5,0.4,a,,,0.0,4.0,0.9428048470967682,0.133935790725327,0.0006955717047865069,0.0031051278265129597,0.0,0.36348881370825786,0.833547944796464,0.081
7,507,Phillips,DEF,TOT,4.5,0.0,u,0.0,Has joined Middlesbrough permanently,0.0,0.0,0.9428048470967682,0.2790328973444312,0.0,0.0,0.0,0.0,0.43588989435406733,0.0
7,508,Davies,DEF,TOT,4.0,0.9,a,,,0.0,0.0,0.9428048470967682,0.25756882831793654,0.0,0.0,0.0,0.35,0.8154753215150045,0.087
7,509,Byfield,DEF,TOT,4.0,0.1,a,,,0.0,0.0,0.9428048470967682,0.2790328973444312,0.0,0.0,0.0,0.35,0.8154753215150045,0.087
7,510,Rowswell,DEF,TOT,4.0,0.1,a,,,0.0,0.0,0.9428048470967682,0.2790328973444312,0.0,0.0,0.0,0.35,0.8154753215150045,0.087
7,511,Souza,DEF,TOT,4.0,0.2,u,0.0,Has joined FC Porto on loan for the rest of the season,0.0,0.0,0.9428048470967682,0.2790328973444312,0.0,0.0,0.0,0.0,0.43588989435406733,0.0
7,512,Kudus,MID,TOT,6.5,0.1,a,100.0,,0.0,0.0,0.9428048470967682,0.07178782067518182,0.0,0.0,0.0,0.35,0.8154753215150045,0.054
7,513,Xavi,MID,TOT,6.0,0.0,i,0.0,Knee injury - Unknown return date,0.0,0.0,0.9428048470967682,0.16939489331934243,0.0,0.0,0.0,0.0,0.43588989435406733,0.0
7,514,Tel,MID,TOT,5.8,0.3,a,,,1.0,90.0,0.9428048470967682,0.08327387198321091,0.17133788675299141,0.12590819068083217,0.19831661181151505,4.023335001397104,2.9448877437302166,0.694
7,515,Maddison,MID,TOT,6.3,0.5,d,75.0,Shoulder injury - 75% chance of playing,0.0,11.0,0.9428048470967682,0.17348723329835605,0.030001814745636166,0.030886154874761675,0.0,0.41766753835246584,0.9867011763160628,0.066
7,516,Bentancur,MID,TOT,5.5,0.2,a,,,0.0,45.0,0.9428048470967682,0.4570256605933416,0.02431190533833241,0.023119623535873542,0.0,0.5409183972992826,1.0833357683094522,0.098
7,517,Odobert,MID,TOT,5.5,0.0,i,0.0,Knee injury - Unknown return date,0.0,0.0,0.9428048470967682,0.10409233997901364,0.0,0.0,0.0,0.0,0.43588989435406733,0.0
7,518,P.M.Sarr,MID,TOT,4.9,0.1,u,0.0,Has joined Juventus on loan for the rest of the season,0.0,0.0,0.9428048470967682,0.2432738719832109,0.0,0.0,0.0,0.0,0.43588989435406733,0.0
7,519,Gallagher,MID,TOT,5.4,0.2,a,,,0.0,45.0,0.9428048470967682,0.16327387198321092,0.04474213781237413,0.0356016121182887,0.0,0.6805155254167368,1.24957285708599,0.126
7,520,Bergvall,MID,TOT,5.4,0.2,a,,,0.0,45.0,0.9428048470967682,0.14675460950382252,0.042220972992205084,0.030293364128239072,0.0,0.6519849573457426,1.221514329392063,0.121
7,521,Kulusevski,MID,TOT,6.5,0.0,i,0.0,Knee injury - Unknown return date,0.0,0.0,0.9428048470967682,0.17348723329835605,0.0,0.0,0.0,0.0,0.43588989435406733,0.0
7,522,Gray,MID,TOT,5.0,0.2,a,,,1.0,85.0,0.9428048470967682,0.07435167141358116,0.04162005385242681,0.04095809767097726,0.12488297615658538,3.030045073161667,2.450878610237914,0.606
7,523,Moore,MID,TOT,5.0,0.1,u,0.0,Has joined FC Köln on loan for the rest of the season,0.0,0.0,0.9428048470967682,0.16014206150617483,0.0,0.0,0.0,0.0,0.43588989435406733,0.0
7,524,Olusesi,MID,TOT,4.5,0.7,a,,,0.0,0.0,0.9428048470967682,0.17348723329835605,0.0,0.0,0.0,0.35,0.8154753215150045,0.078
7,525,Fernandes,MID,TOT,5.8,1.0,a,,,0.0,45.0,0.9428048470967682,0.3713444956430494,0.0408564229488938,0.05429392316680321,0.0,0.7171638842448786,1.2679707874232087,0.124
7,526,Solanke,FWD,TOT,5.9,0.9,a,,,0.0,22.0,0.9428048470967682,0.001806140878988561,0.127172653074355,0.010087958658888103,0.0,0.8889544882740843,1.5659021189611086,0.151
7,527,Richarlison,FWD,TOT,5.9,1.1,u,0.0,not included in squad.,0.0,0.0,0.9428048470967682,0.0012417218543046358,0.0,0.0,0.0,0.0,0.43588989435406733,0.0
7,528,Scarlett,FWD,TOT,4.5,1.4,u,0.0,Has joined Leyton Orient permanently,0.0,0.0,0.9428048470967682,0.0033112582781456954,0.0,0.0,0.0,0.0,0.43588989435406733,0.0
7,578,Mudryk,MID,TOT,5.4,0.1,a,,,0.0,0.0,0.9428048470967682,0.17348723329835605,0.0,0.0,0.0,0.35,0.8154753215150045,0.065
7,601,Williams-Barnett,MID,TOT,4.5,0.1,a,,,0.0,0.0,0.9428048470967682,0.17348723329835605,0.0,0.0,0.0,0.35,0.8154753215150045,0.078
7,501,Danso,DEF,SUN,5.0,0.2,a,,,0.0,0.0,0.23380785866168477,0.5684590654864139,0.0,0.0,0.0,0.35,0.8154753215150045,0.07
7,529,Roefs,GK,SUN,5.0,3.0,a,,,1.0,90.0,0.23380785866168477,0.0,0.0,0.0017787828947368421,0.059074538678579085,2.484983849361528,2.172894225172248,0.497
7,530,Patterson,GK,SUN,4.0,0.1,u,0.0,Has joined Wrexham permanently,0.0,0.0,0.23380785866168477,0.0,0.0,0.0,0.0,0.0,0.43588989435406733,0.0
7,531,Ellborg,GK,SUN,4.5,0.1,a,,,0.0,0.0,0.23380785866168477,0.0,0.0,0.0,0.0,0.35,0.8154753215150045,0.078
7,532,Ballard,DEF,SUN,4.9,3.3,a,,,1.0,90.0,0.23380785866168477,0.49566842194666216,0.07415954168384853,0.03510674282201272,0.09669516424247263,3.538427588420111,2.6773064202853774,0.722
7,533,Mukiele,DEF,SUN,5.5,2.2,a,100.0,,0.0,0.0,0.23380785866168477,0.38019522716588783,0.0,0.0,0.0,0.35,0.8154753215150045,0.064
7,534,Hume,DEF,SUN,4.4,4.2,a,,,1.0,79.0,0.23380785866168477,0.11885321706962611,0.04810872736567382,0.06467431825036374,0.10342241956295517,2.784212707142852,2.3619179722770776,0.633
7,535,Alderete,DEF,SUN,4.9,0.3,a,100.0,,0.0,23.0,0.23380785866168477,0.3569394132123994,0.012720632536673021,0.007908359038496808,0.0,0.45004887233552854,0.9650992967863681,0.092
7,536,Reinildo,DEF,SUN,4.5,0.4,a,,,1.0,90.0,0.23380785866168477,0.21612925788626985,0.009202752950291012,0.05132735549681332,0.0796375026219077,2.665938970551481,2.2628523066584703,0.592
7,537,Seelt,DEF,SUN,4.5,0.0,u,0.0,Has joined Swansea City on loan for the rest of the season,0.0,0.0,0.23380785866168477,0.25756882831793654,0.0,0.0,0.0,0.0,0.43588989435406733,0.0
7,538,Hjelde,DEF,SUN,4.0,0.0,u,0.0,Has joined KV Mechelen on loan for the rest of the season,0.0,0.0,0.23380785866168477,0.2790328973444312,0.0,0.0,0.0,0.0,0.43588989435406733,0.0
7,539,O'Nien,DEF,SUN,4.0,2.7,a,,,1.0,66.0,0.23380785866168477,0.22886288253332498,0.02300839995281183,0.020294997986382173,0.07911949550003651,2.6785876422640227,2.286343569986478,0.67
7,540,Masuaku,DEF,SUN,4.0,0.2,u,0.0,Has joined Konyaspor permanently,0.0,0.0,0.23380785866168477,0.2790328973444312,0.0,0.0,0.0,0.0,0.43588989435406733,0.0
7,541,Meunier,DEF,SUN,4.5,0.3,a,100.0,,1.0,90.0,0.23380785866168477,0.25756882831793654,0.054146067693235725,0.04239152489720546,0.0922401220720756,2.99764279625476,2.4536498770288024,0.666
7,542,E.Le Fée,MID,SUN,5.9,4.8,a,,,1.0,79.0,0.23380785866168477,0.21917058259957115,0.20326513257213516,0.13906105361183396,0.1598779360534473,3.781763861701586,2.8991278227539095,0.641
7,543,Diarra,MID,SUN,5.4,0.0,i,0.0,Hamstring injury - Unknown return date,0.0,0.0,0.23380785866168477,0.07710543702149159,0.0,0.0,0.0,0.0,0.43588989435406733,0.0
7,544,Xhaka,MID,SUN,5.5,4.3,a,,,1.0,90.0,0.23380785866168477,0.35737437332400607,0.03688453988678067,0.13775653739675126,0.08450516291540465,3.124869551424483,2.4816444924741337,0.568
7,545,Sadiki,MID,SUN,4.9,0.3,a,,,1.0,90.0,0.23380785866168477,0.1322140608604407,0.07649080508872902,0.06171321411243866,0.07175219258657717,2.6677229623194987,2.351088781594481,0.544
7,546,Adingra,MID,SUN,4.9,0.0,u,0.0,Has joined Ajax on loan for the rest of the season,0.0,0.0,0.23380785866168477,0.10957088418843541,0.0,0.0,0.0,0.0,0.43588989435406733,0.0
7,547,Mundle,MID,SUN,4.9,0.0,i,0.0,Knee injury - Unknown return date,0.0,0.0,0.23380785866168477,0.16014206150617483,0.0,0.0,0.0,0.0,0.43588989435406733,0.0
7,548,Rigg,MID,SUN,4.9,0.1,a,,,0.0,10.0,0.23380785866168477,0.10957088418843541,0.012123896869315028,0.01214594990903989,0.0,0.4470573340736948,0.9602876214738532,0.091
7,549,Talbi,MID,SUN,5.4,0.1,a,,,0.0,31.0,0.23380785866168477,0.07435167141358116,0.0412858949288013,0.026083902008363632,0.0,0.6346811806690974,1.2056573364120058,0.118
7,550,Jocelin.T,MID,SUN,5.0,0.0,a,,,0.0,0.0,0.23380785866168477,0.17348723329835605,0.0,0.0,0.0,0.35,0.8154753215150045,0.07
7,551,N.Angulo,MID,SUN,5.0,0.1,a,,,0.0,58.0,0.23380785866168477,0.12246157644589839,0.08522609386550457,0.04866879554990359,0.0,0.9221368559772336,1.5044655494725598,0.184
7,552,Brobbey,FWD,SUN,5.9,7.4,a,,,1.0,66.0,0.23380785866168477,0.001168679392286716,0.2149627771381096,0.023707878556129245,0.13729178062932793,2.640416894931962,2.5112882676426027,0.448
7,553,Isidor,FWD,SUN,5.5,1.5,a,,,0.0,23.0,0.23380785866168477,0.001892147587511826,0.12848388668985147,0.008996387714272783,0.0,0.8909247099022242,1.5696051315389277,0.162
7,612,Methalie,DEF,SUN,4.5,0.0,a,100.0,,0.25,20.0,0.23380785866168477,0.2790328973444312,0.009907478749843447,0.008794984748007748,0.021977086168634204,0.9935183079968192,1.395395878485033,0.221
7,613,Ahoka,MID,SUN,4.5,0.3,a,,,0.25,20.0,0.23380785866168477,0.17348723329835605,0.028122817044516416,0.025132385761208857,0.026814432571296447,1.0314056098869366,1.4589062893319358,0.229
7,646,Fofana,MID,SUN,5.5,0.0,a,,,0.25,20.0,0.23380785866168477,0.17348723329835605,0.0276228558526139,0.0246855877921207,0.026441646151656367,1.0271926236005193,1.4551299323279243,0.187
7,651,J.Angulo,FWD,SUN,4.5,0.4,a,,,0.25,20.0,0.23380785866168477,0.0033112582781456954,0.09551353341104425,0.01269933298746019,0.048454012610953244,1.1251293240254578,1.6464589020423908,0.25
8,1,Raya,GK,ARS,6.0,39.0,a,,,1.0,90.0,0.5423569708691173,0.0,0.0,0.0008893914473684211,0.13590052972385827,3.771097277310933,2.676767607935133,0.629
8,2,Arrizabalaga,GK,ARS,4.9,0.1,a,,,0.0,0.0,0.5423569708691173,0.0,0.0,0.0,0.0,0.35,0.8154753215150045,0.071
8,3,Meslier,GK,ARS,4.9,0.0,a,,,0.0,0.0,0.5423569708691173,0.0,0.0,0.0,0.0,0.35,0.8154753215150045,0.071
8,4,Gabriel,DEF,ARS,8.0,24.4,a,,,1.0,90.0,0.5423569708691173,0.33368359925891106,0.11439652186372516,0.04176251858355221,0.1902449068738264,5.06266618819768,3.2102094773951966,0.633
8,5,J.Timber,DEF,ARS,6.5,0.1,d,25.0,Groin injury - 25% chance of playing,0.0,0.0,0.5423569708691173,0.1670630202140309,0.0,0.0,0.0,0.0875,0.43588989435406733,0.013
8,6,Saliba,DEF,ARS,5.9,0.2,i,0.0,Back injury - Unknown return date,0.0,0.0,0.5423569708691173,0.18370986920332938,0.0,0.0,0.0,0.0,0.43588989435406733,0.0
8,7,Lewis-Skelly,MID,ARS,5.5,0.7,a,,,1.0,90.0,0.5423569708691173,0.11565815553223738,0.03904923025694533,0.056863556399710344,0.08780517241674121,2.7354214122795035,2.3305784828820353,0.497
8,8,Calafiori,DEF,ARS,5.8,48.4,a,,,1.0,80.0,0.5423569708691173,0.10463733650416171,0.1328620392065705,0.08240284017530351,0.2203497889738922,4.904040015661333,3.180384924029787,0.846
8,9,Hincapie,DEF,ARS,5.3,1.1,a,,,0.0,9.0,0.5423569708691173,0.34494649227110585,0.0022618375502210216,0.007247769566958388,0.0,0.3853143340022013,0.8635208508805728,0.073
8,10,White,DEF,ARS,5.5,7.6,a,100.0,,1.0,90.0,0.5423569708691173,0.21741973840665874,0.04844959519108494,0.0888041343345994,0.1836280480512688,4.587567112624278,3.0011789492019028,0.834
8,11,Mosquera,DEF,ARS,5.4,3.1,d,50.0,Muscular injury - 50% chance of playing,0.5,45.0,0.5423569708691173,0.2546854651491988,0.008230368210651866,0.02203407841688792,0.07838717767827859,2.239070636007341,2.07451594780032,0.415
8,12,Saka,MID,ARS,9.5,11.4,a,,,1.0,67.0,0.5423569708691173,0.19671796665500757,0.3534454629473472,0.19833557801657176,0.313655141719202,5.106818662350456,3.4385503102543007,0.538
8,13,Rice,MID,ARS,7.4,13.3,a,,,1.0,67.0,0.5423569708691173,0.33503847499125566,0.06417471759784278,0.14403395560283785,0.15212484941260485,3.5905395113938305,2.6845992954694995,0.485
8,14,Eze,MID,ARS,6.4,1.2,a,,,0.0,14.0,0.5423569708691173,0.06939489331934243,0.0436685553247451,0.022102920074464683,0.0,0.6346515368471195,1.2115482870930063,0.099
8,15,Ødegaard,MID,ARS,6.7,16.0,a,,,1.0,75.0,0.5423569708691173,0.1284102833158447,0.17605155762640973,0.23712051866903594,0.2277679691309989,4.124630647770898,2.9821313814993404,0.616
8,16,Madueke,MID,ARS,6.3,0.2,a,,,0.0,22.0,0.5423569708691173,0.09051507824262055,0.06683815631015784,0.03783550684333909,0.0,0.7976973020808065,1.3844326678515209,0.127
8,17,Merino,MID,ARS,5.9,0.4,a,,,0.0,14.0,0.5423569708691173,0.10409233997901364,0.04459573157433962,0.014240674410254128,0.0,0.6157006811024603,1.1989185475005015,0.104
8,18,Martinelli,MID,ARS,6.3,0.1,u,0.0,Has joined Al Hilal permanently,0.0,0.0,0.5423569708691173,0.12246157644589839,0.0,0.0,0.0,0.0,0.43588989435406733,0.0
8,19,Zubimendi,MID,ARS,5.4,0.7,a,,,0.0,22.0,0.5423569708691173,0.20640560908136985,0.022870809068685976,0.018072077876487867,0.0,0.5185702789728934,1.0594849618850724,0.096
8,20,Dowman,MID,ARS,5.3,0.1,a,,,0.0,0.0,0.5423569708691173,0.16014206150617483,0.0,0.0,0.0,0.35,0.8154753215150045,0.066
8,22,Nwaneri,MID,ARS,5.4,0.0,u,0.0,Has joined Borussia Dortmund on loan for the rest of the season,0.0,0.0,0.5423569708691173,0.16014206150617483,0.0,0.0,0.0,0.0,0.43588989435406733,0.0
8,23,Fábio Vieira,MID,ARS,5.5,0.0,u,0.0,Has joined Hamburger SV permanently,0.0,0.0,0.5423569708691173,0.17348723329835605,0.0,0.0,0.0,0.0,0.43588989435406733,0.0
8,24,Nelson,MID,ARS,5.5,0.0,u,0.0,has departed the club as a free agent.,0.0,0.0,0.5423569708691173,0.17348723329835605,0.0,0.0,0.0,0.0,0.43588989435406733,0.0
8,25,Gyökeres,FWD,ARS,7.2,3.9,a,,,0.0,0.0,0.5423569708691173,0.001168679392286716,0.0,0.0,0.0,0.35,0.8154753215150045,0.049
8,26,Havertz,FWD,ARS,7.5,7.8,a,,,1.0,90.0,0.5423569708691173,0.002207505518763797,0.38671371508036695,0.0913966287224128,0.2215743174178846,3.6166808740611165,3.0318271638070535,0.482
8,27,G.Jesus,FWD,ARS,5.9,0.2,u,0.0,Has joined FC Barcelona permanently,0.0,0.0,0.5423569708691173,0.003056546102903719,0.0,0.0,0.0,0.0,0.43588989435406733,0.0
8,31,Konsa,DEF,ARS,4.4,14.7,a,,,0.0,0.0,0.5423569708691173,0.1380085819159386,0.0,0.0,0.0,0.35,0.8154753215150045,0.08
8,452,Bruno G.,MID,ARS,6.8,1.8,a,100.0,,0.0,0.0,0.5423569708691173,0.18158581537385315,0.0,0.0,0.0,0.35,0.8154753215150045,0.051
8,557,Tzolis,MID,ARS,6.4,16.7,a,,,1.0,75.0,0.5423569708691173,0.16014206150617483,0.09640865455854025,0.10142227573014215,0.13732468780815832,3.287264594162236,2.6123274404751577,0.514
8,29,M.Bizot,GK,AVL,4.5,0.1,a,,,1.0,90.0,0.18175777341550234,0.0,0.0,0.00012871853546910755,0.045484494841289774,2.2405430360150453,2.063257562309802,0.498
8,30,Digne,DEF,AVL,4.5,0.1,u,0.0,Has joined Paris Saint-Germain permanently,0.0,0.0,0.18175777341550234,0.1402707989720379,0.0,0.0,0.0,0.0,0.43588989435406733,0.0
8,32,Cash,DEF,AVL,4.5,6.5,d,75.0,Muscular injury - 75% chance of playing,0.5,45.0,0.18175777341550234,0.09453032104637336,0.01777668435812637,0.029162183071051544,0.039148325277150064,1.2463701939368463,1.5731380977615304,0.277
8,33,Mings,DEF,AVL,4.5,0.4,a,,,0.0,16.0,0.18175777341550234,0.2826305680051221,0.013616899083690862,0.004558647226314737,0.0,0.4453773361810894,0.9632851775285526,0.099
8,34,Pau,DEF,AVL,4.5,0.4,a,,,1.0,73.0,0.18175777341550234,0.17252886348816693,0.029772805929759474,0.016159539446011707,0.06525956498862616,2.287042763593685,2.1269739270631782,0.508
8,35,Bogarde,MID,AVL,5.0,0.1,a,,,0.0,16.0,0.18175777341550234,0.09462939998092149,0.005380585409243374,0.007161804039947474,0.0,0.3983883391660593,0.8883813127655111,0.08
8,36,Maatsen,DEF,AVL,4.5,0.8,a,,,1.0,81.0,0.18175777341550234,0.17827982560443917,0.0536244967225351,0.13021112097792695,0.11693107245961082,2.83456093071101,2.389019202243073,0.63
8,37,Lindelöf,DEF,AVL,4.5,0.3,a,,,1.0,90.0,0.18175777341550234,0.1455823812231815,0.015181529050265017,0.02670909960723574,0.06010116338400085,2.1764038538281913,2.055786101853778,0.484
8,38,A.García,DEF,AVL,4.0,1.7,a,,,0.0,0.0,0.18175777341550234,0.2790328973444312,0.0,0.0,0.0,0.35,0.8154753215150045,0.087
8,39,Nedeljkovic,DEF,AVL,4.0,0.2,u,0.0,Has joined Rangers on loan for the rest of the season,0.0,0.0,0.18175777341550234,0.2790328973444312,0.0,0.0,0.0,0.0,0.43588989435406733,0.0
8,41,Buendía,MID,AVL,5.9,1.0,a,,,1.0,85.0,0.18175777341550234,0.1814945285564383,0.2926869167277788,0.09878951975768119,0.16325233909792658,3.994222566095973,3.0569828877422625,0.677
8,44,Bailey,MID,AVL,5.4,0.1,u,0.0,Has joined Olympiakos permanently,0.0,0.0,0.18175777341550234,0.13878978663868485,0.0,0.0,0.0,0.0,0.43588989435406733,0.0
8,45,McGinn,MID,AVL,5.4,2.3,a,,,1.0,81.0,0.18175777341550234,0.08110123156790192,0.15108653595360777,0.09614225876855303,0.11432030862239055,3.0446231823232903,2.58675535413303,0.564
8,46,Barkley,MID,AVL,5.0,0.3,a,,,1.0,73.0,0.18175777341550234,0.15409233997901364,0.1432615956079615,0.07569568100649103,0.11265734190806057,3.076799420070988,2.5894957948957256,0.615
8,47,Kamara,MID,AVL,5.0,0.3,a,100.0,,1.0,90.0,0.18175777341550234,0.17523609653725078,0.034892204793464256,0.04833942927835574,0.047306849266687226,2.426437730239879,2.1953553052334276,0.485
8,48,Onana,MID,AVL,5.0,0.0,i,0.0,Knee injury - Unknown return date,0.0,0.0,0.18175777341550234,0.2838077124868835,0.0,0.0,0.0,0.0,0.43588989435406733,0.0
8,49,Iling Jr,MID,AVL,5.0,0.0,u,0.0,Has joined Bolton Wanderers on loan for the rest of the season,0.0,0.0,0.18175777341550234,0.17348723329835605,0.0,0.0,0.0,0.0,0.43588989435406733,0.0
8,50,Burrowes,MID,AVL,4.5,0.7,a,,,0.0,0.0,0.18175777341550234,0.17348723329835605,0.0,0.0,0.0,0.35,0.8154753215150045,0.078
8,51,George Hemmings,MID,AVL,4.5,1.2,a,,,1.0,90.0,0.18175777341550234,0.16014206150617483,0.10212850808675339,0.09628816855404522,0.08762161416582974,2.919007204975356,2.4817100430899854,0.649
8,52,Alysson,MID,AVL,5.0,0.0,a,,,0.0,8.0,0.18175777341550234,0.17348723329835605,0.010477281163324652,0.009444770080395924,0.0,0.430720716057811,0.9387401384247873,0.086
8,53,Manzambi,MID,AVL,5.9,0.1,i,0.0,Knee injury - Expected back 12 Sep,0.0,0.0,0.18175777341550234,0.17348723329835605,0.0,0.0,0.0,0.0,0.43588989435406733,0.0
8,54,Gomes,MID,AVL,5.5,0.0,s,0.0,Suspended until 19 Sep,0.0,0.0,0.18175777341550234,0.3972522511530296,0.0,0.0,0.0,0.0,0.43588989435406733,0.0
8,55,Watkins,FWD,AVL,7.8,3.2,u,0.0,Has joined Al Hilal permanently,0.0,0.0,0.18175777341550234,0.0009030704394942806,0.0,0.0,0.0,0.0,0.43588989435406733,0.0
8,56,Abraham,FWD,AVL,5.5,0.2,a,100.0,,0.0,0.0,0.18175777341550234,0.003056546102903719,0.0,0.0,0.0,0.35,0.8154753215150045,0.064
8,160,Garnacho,MID,AVL,5.9,0.4,a,,,0.0,4.0,0.18175777341550234,0.09462939998092149,0.011364545188524587,0.006939398674983371,0.0,0.42764092196757303,0.938458855182014,0.072
8,166,N.Jackson,FWD,AVL,6.5,1.2,a,,,0.0,0.0,0.18175777341550234,0.0033112582781456954,0.0,0.0,0.0,0.35,0.8154753215150045,0.054
8,582,Madjo,FWD,AVL,5.5,0.3,i,0.0,Unspecified injury - Unknown return date,0.0,0.0,0.18175777341550234,0.0033112582781456954,0.0,0.0,0.0,0.0,0.43588989435406733,0.0
8,596,Ruggeri,DEF,AVL,4.5,0.1,a,,,0.0,8.0,0.18175777341550234,0.2790328973444312,0.0038617150504945347,0.003518953808198774,0.0,0.3837271517275635,0.8673245520480426,0.085
8,597,Suzuki,GK,AVL,5.0,1.7,a,,,0.0,0.0,0.18175777341550234,0.0,0.0,0.0,0.0,0.35,0.8154753215150045,0.07
8,606,Rowe,DEF,AVL,4.0,0.2,a,,,0.0,0.0,0.18175777341550234,0.2790328973444312,0.0,0.0,0.0,0.35,0.8154753215150045,0.087
8,607,Lynch,MID,AVL,4.5,0.1,u,0.0,Has joined Oxford United on loan until January,0.0,0.0,0.18175777341550234,0.17348723329835605,0.0,0.0,0.0,0.0,0.43588989435406733,0.0
8,611,Wan-Bissaka,DEF,AVL,4.5,0.2,a,,,0.25,20.0,0.18175777341550234,0.32423985051809073,0.004843134076403607,0.01362883868746987,0.01863320011424408,0.919532510840957,1.3327304960329527,0.204
8,618,Goretzka,MID,AVL,6.0,0.0,i,0.0,Knee injury - Expected back 10 Oct,0.0,0.0,0.18175777341550234,0.17348723329835605,0.0,0.0,0.0,0.0,0.43588989435406733,0.0
8,630,Harwood-Bellis,DEF,AVL,4.5,0.0,a,,,0.25,20.0,0.18175777341550234,0.2790328973444312,0.012235297934462291,0.0053627804326828,0.01828910419553228,0.9179480248463524,1.3481517106078393,0.204
8,631,Mbaye,MID,AVL,6.0,0.1,a,,,0.25,20.0,0.18175777341550234,0.17348723329835605,0.028122817044516416,0.025132385761208857,0.025513180440141885,1.01813283814916,1.4502376683669826,0.17
8,57,Petrović,GK,BOU,4.5,3.3,a,,,1.0,90.0,0.18109031439955492,0.0,0.0,2.6774785801713583e-05,0.04528194977491933,2.237059978786965,2.061653210337576,0.497
8,58,Forster,GK,BOU,4.0,3.5,a,,,0.0,0.0,0.18109031439955492,0.0,0.0,0.0,0.0,0.35,0.8154753215150045,0.087
8,59,Dennis,GK,BOU,4.0,0.1,u,0.0,Has joined MK Dons permanently,0.0,0.0,0.18109031439955492,0.0,0.0,0.0,0.0,0.0,0.43588989435406733,0.0
8,60,Hill,DEF,BOU,5.5,0.8,a,,,1.0,90.0,0.18109031439955492,0.481899854670366,0.029510467822338255,0.10882200029392353,0.09368894244058035,3.1570398342841046,2.485042955780408,0.574
8,61,Truffert,DEF,BOU,5.5,3.5,a,,,1.0,90.0,0.18109031439955492,0.30094891702221915,0.02588658597907604,0.06578184192275366,0.07735652836552911,2.6568939287633806,2.281100168893264,0.483
8,62,Diakité,DEF,BOU,5.0,0.2,a,,,0.0,0.0,0.18109031439955492,0.293935790725327,0.0,0.0,0.0,0.35,0.8154753215150045,0.07
8,63,Milosavljević,DEF,BOU,5.0,0.0,i,0.0,Unspecified injury - Unknown return date,0.0,0.0,0.18109031439955492,0.3967746730083234,0.0,0.0,0.0,0.0,0.43588989435406733,0.0
8,64,Smith,DEF,BOU,4.5,0.1,a,,,1.0,90.0,0.18109031439955492,0.1395164486722156,0.017688597982599898,0.02844994881965294,0.06142106998067722,2.1827391213263625,2.062361733163144,0.485
8,65,J.Araujo,DEF,BOU,4.4,0.0,i,0.0,Thigh injury - Unknown return date,0.0,0.0,0.18109031439955492,0.2790328973444312,0.0,0.0,0.0,0.0,0.43588989435406733,0.0
8,66,Soler,DEF,BOU,4.0,0.3,a,100.0,,0.0,0.0,0.18109031439955492,0.2790328973444312,0.0,0.0,0.0,0.35,0.8154753215150045,0.087
8,67,Rayan,MID,BOU,6.4,2.0,a,,,1.0,88.0,0.18109031439955492,0.08007103075308741,0.17748287846081842,0.10136840443525215,0.1179251156584353,3.193378507101555,2.67063970506279,0.499
8,68,Tavernier,MID,BOU,6.0,3.4,a,,,1.0,90.0,0.18109031439955492,0.11549651817227892,0.33676817043705126,0.16437117517593236,0.19350780240449972,4.319578862802138,3.1980945673863945,0.72
8,69,Scott,MID,BOU,6.1,5.1,a,,,1.0,90.0,0.18109031439955492,0.3713444956430494,0.11347059627410953,0.10020788013838129,0.09289649818432727,3.3807500812008198,2.6653796599970923,0.554
8,70,Kluivert,MID,BOU,6.0,1.0,a,,,1.0,74.0,0.18109031439955492,0.09462939998092149,0.2568275288605707,0.08951884561698244,0.1655402584135085,3.6289556247797954,2.9044760044188753,0.605
8,71,Cook,MID,BOU,5.0,0.2,a,,,1.0,75.0,0.18109031439955492,0.4324688952181082,0.0236655264840566,0.07125730729768172,0.05797662162828558,2.9224220323905232,2.386335060389956,0.584
8,72,Gannon-Doak,MID,BOU,4.9,0.1,a,,,0.0,1.0,0.18109031439955492,0.17348723329835605,0.0016272302670359445,0.0012503300386490991,0.0,0.361887141451127,0.8350742184736378,0.074
8,73,Adams,MID,BOU,5.0,0.3,a,100.0,,0.0,15.0,0.18109031439955492,0.2838077124868835,0.008160564502883268,0.006360305349020772,0.0,0.40988373856147864,0.9098035448843387,0.082
8,74,Brooks,MID,BOU,5.0,0.1,a,100.0,,0.0,0.0,0.18109031439955492,0.08674361664917803,0.0,0.0,0.0,0.35,0.8154753215150045,0.07
8,75,Christie,MID,BOU,5.0,0.0,a,100.0,,0.0,0.0,0.18109031439955492,0.16220246313580383,0.0,0.0,0.0,0.35,0.8154753215150045,0.07
8,76,Tóth.A,MID,BOU,5.0,0.0,a,,,0.0,15.0,0.18109031439955492,0.17348723329835605,0.018727794712220313,0.02257830858889092,0.0,0.5113738993277743,1.0411422462834237,0.102
8,77,Adli,MID,BOU,4.9,0.0,i,0.0,Unspecified injury - Unknown return date,0.0,0.0,0.18109031439955492,0.15409233997901364,0.0,0.0,0.0,0.0,0.43588989435406733,0.0
8,78,Kroupi.Jr,MID,BOU,7.4,0.2,i,0.0,Foot injury - Expected back 7 Nov,0.0,0.0,0.18109031439955492,0.06505771248688352,0.0,0.0,0.0,0.0,0.43588989435406733,0.0
8,79,Evanilson,FWD,BOU,6.0,3.2,a,,,1.0,74.0,0.18109031439955492,0.0009240720776220546,0.30530997614235433,0.05662170569317831,0.17217454465372953,3.1349798589255067,2.7907564545858508,0.522
8,80,Enes Ünal,FWD,BOU,5.5,0.0,u,0.0,Has joined Getafe permanently,0.0,0.0,0.18109031439955492,0.0033112582781456954,0.0,0.0,0.0,0.0,0.43588989435406733,0.0
8,81,Rodríguez,FWD,BOU,6.0,0.1,a,100.0,,0.0,0.0,0.18109031439955492,0.0033112582781456954,0.0,0.0,0.0,0.35,0.8154753215150045,0.058
8,566,Silva,DEF,BOU,5.0,0.4,a,,,1.0,90.0,0.18109031439955492,0.33449190524101347,0.05820855806200685,0.03070420195622441,0.07639204460626967,2.8063474559246995,2.3835501913383257,0.561
8,573,Sanchez,DEF,BOU,4.5,0.2,a,,,0.0,0.0,0.18109031439955492,0.2790328973444312,0.0,0.0,0.0,0.35,0.8154753215150045,0.078
8,608,Jebbison,FWD,BOU,5.0,0.1,a,,,0.0,15.0,0.18109031439955492,0.0033112582781456954,0.08658310849486497,0.01077086285647397,0.0,0.7286450225488817,1.379827595684354,0.146
8,615,Di Gregorio,GK,BOU,4.5,0.0,a,,,0.25,20.0,0.18109031439955492,0.0,0.0,7.309941520467835e-05,0.011346927544709024,0.8219906519539832,1.2497128625058511,0.183
8,82,Kelleher,GK,BRE,5.0,6.7,a,,,1.0,90.0,0.3542582304148662,0.0,0.0,0.0029836791497975714,0.0896088453061457,3.0110661146292133,2.391866555181435,0.602
8,83,Valdimarsson,GK,BRE,4.5,0.1,a,,,0.0,0.0,0.3542582304148662,0.0,0.0,0.0,0.0,0.35,0.8154753215150045,0.078
8,84,Collins,DEF,BRE,5.5,1.6,d,25.0,Calf injury - 25% chance of playing,0.25,22.5,0.3542582304148662,0.4299643281807372,0.025136074229960566,0.01003653016358719,0.034451550938670854,1.1281501422088358,1.5146952550188277,0.205
8,85,Van den Berg,DEF,BRE,4.9,0.1,i,0.0,Groin injury - Unknown return date,0.0,0.0,0.3542582304148662,0.3654379706698375,0.0,0.0,0.0,0.0,0.43588989435406733,0.0
8,86,Lewis-Potter,MID,BRE,5.5,2.1,a,,,1.0,90.0,0.3542582304148662,0.061230788222949195,0.17979751402683616,0.17008272636387387,0.1578839071782351,3.5757018787159405,2.8058187136237622,0.65
8,87,Ajer,DEF,BRE,4.5,4.7,a,,,1.0,90.0,0.3542582304148662,0.41713733650416174,0.04416481863554855,0.027050133102033885,0.1134897907118704,3.824617658744924,2.744405666702473,0.85
8,88,Kayode,DEF,BRE,4.6,8.9,a,,,1.0,75.0,0.3542582304148662,0.1269678953626635,0.06910707402518976,0.06895183959039058,0.1465493013222603,3.5991240494578745,2.6931353731517285,0.782
8,89,Henry,DEF,BRE,4.5,0.2,a,,,0.0,0.0,0.3542582304148662,0.133935790725327,0.0,0.0,0.0,0.35,0.8154753215150045,0.078
8,90,Hickey,DEF,BRE,4.5,0.1,a,,,0.0,14.0,0.3542582304148662,0.22886288253332498,0.007663259542763878,0.004569029830522483,0.0,0.4096866467481507,0.9079560485387328,0.091
8,92,Ji-soo,DEF,BRE,4.5,0.0,a,,,0.0,0.0,0.3542582304148662,0.2790328973444312,0.0,0.0,0.0,0.35,0.8154753215150045,0.078
8,93,Schuster,DEF,BRE,4.5,0.1,a,,,0.0,0.0,0.3542582304148662,0.2790328973444312,0.0,0.0,0.0,0.35,0.8154753215150045,0.078
8,94,Schade,MID,BRE,6.0,3.8,a,,,1.0,90.0,0.3542582304148662,0.04841504185070402,0.32180966615080414,0.07123877633249347,0.17299277791064077,3.980758686649113,3.0812821197576405,0.663
8,95,O.Dango,MID,BRE,6.4,0.7,a,,,1.0,66.0,0.3542582304148662,0.11032018377243981,0.2052544963190038,0.12098094477881384,0.19112910174726322,3.6792511278016895,2.8674211620787817,0.575
8,96,Damsgaard,MID,BRE,5.5,0.5,a,,,0.0,14.0,0.3542582304148662,0.23770137645824332,0.01355216380625578,0.034353218025399375,0.0,0.520820473107477,1.0348293974089358,0.095
8,97,Jensen,MID,BRE,5.5,0.1,i,0.0,Unspecified injury - Expected back 18 Sep,0.0,0.0,0.3542582304148662,0.1559447897328275,0.0,0.0,0.0,0.0,0.43588989435406733,0.0
8,98,Janelt,MID,BRE,5.0,1.9,a,,,1.0,90.0,0.3542582304148662,0.3600659571278669,0.08577970814041161,0.11246194844413872,0.10481040284607923,3.429533721977505,2.651564127189786,0.686
8,99,Milambo,MID,BRE,5.0,0.0,i,0.0,Knee injury - Unknown return date,0.0,0.0,0.3542582304148662,0.17348723329835605,0.0,0.0,0.0,0.0,0.43588989435406733,0.0
8,100,Carvalho,MID,BRE,5.0,0.0,a,100.0,,0.0,0.0,0.3542582304148662,0.16014206150617483,0.0,0.0,0.0,0.35,0.8154753215150045,0.07
8,102,Yarmoliuk,MID,BRE,4.9,0.8,a,,,0.0,23.0,0.3542582304148662,0.3190694341361042,0.013064889550992288,0.013847995529209092,0.0,0.45686843434258867,0.9728511512851656,0.093
8,103,Dasilva,MID,BRE,5.0,0.0,i,0.0,Hamstring injury - Expected back 10 Oct,0.0,0.0,0.3542582304148662,0.17348723329835605,0.0,0.0,0.0,0.0,0.43588989435406733,0.0
8,105,Anthony,MID,BRE,6.0,0.1,a,,,0.0,23.0,0.3542582304148662,0.07337730475191126,0.04049959589973347,0.03218049542228089,0.0,0.64903946576551,1.2149784197066504,0.108
8,106,Thiago,FWD,BRE,7.9,11.5,a,,,1.0,82.0,0.3542582304148662,0.020794701986754968,0.6417426026243281,0.04009617010616282,0.2973516930538094,4.592872865525239,3.5463945155952294,0.581
8,107,Furo,FWD,BRE,4.5,1.1,a,,,0.0,0.0,0.3542582304148662,0.0033112582781456954,0.0,0.0,0.0,0.35,0.8154753215150045,0.078
8,108,Wilson,FWD,BRE,5.5,0.4,a,,,0.0,7.0,0.3542582304148662,0.001986754966887417,0.034742909960232736,0.0034129268825874412,0.0,0.4992104204886933,1.0756194767155873,0.091
8,565,M.Sangaré,MID,BRE,5.7,13.5,a,,,1.0,75.0,0.3542582304148662,0.23706513842925175,0.1158530990029847,0.10336672017458658,0.12749814709606655,3.3489812293262498,2.656724097406011,0.588
8,620,Diouf,DEF,BRE,4.5,0.1,a,,,0.25,20.0,0.3542582304148662,0.17496178019364703,0.005024830620224826,0.017160248142143057,0.030876514163611493,1.104852625636968,1.4592357494358437,0.246
8,109,Verbruggen,GK,BHA,4.5,22.2,a,,,1.0,90.0,0.14447605027977686,0.0,0.0,0.021634826782145237,0.04369120194369505,2.1330859991882747,2.0131724711156074,0.474
8,111,Steele,GK,BHA,4.0,4.3,a,,,0.0,0.0,0.14447605027977686,0.0,0.0,0.0,0.0,0.35,0.8154753215150045,0.087
8,113,F.Kadıoğlu,DEF,BHA,4.4,1.8,a,100.0,,0.0,0.0,0.14447605027977686,0.11379563336453563,0.0,0.0,0.0,0.35,0.8154753215150045,0.08
8,114,Boscagli,DEF,BHA,4.5,0.3,a,,,1.0,90.0,0.14447605027977686,0.2546854651491988,0.01976609377734434,0.08168846347502082,0.07162810760827201,2.3415670495913568,2.13718832976592,0.52
8,115,De Cuyper,DEF,BHA,4.8,20.8,a,,,1.0,77.0,0.14447605027977686,0.133935790725327,0.1864467508424465,0.16434797038048765,0.17962594397932635,3.4754479481295,2.7788543694300945,0.724
8,116,Dunk,DEF,BHA,4.5,1.3,a,,,1.0,90.0,0.14447605027977686,0.2579180629121176,0.033599823235451395,0.026865665216151448,0.05728193352800521,2.251702837366894,2.116561912727763,0.5
8,117,Coppola,DEF,BHA,4.5,0.0,a,,,0.0,0.0,0.14447605027977686,0.31059962629522675,0.0,0.0,0.0,0.35,0.8154753215150045,0.078
8,118,Igor,DEF,BHA,4.5,0.1,u,0.0,Has joined Burnley permanently,0.0,0.0,0.14447605027977686,0.33449190524101347,0.0,0.0,0.0,0.0,0.43588989435406733,0.0
8,119,Costinha,DEF,BHA,4.5,0.0,a,,,0.0,26.0,0.14447605027977686,0.2790328973444312,0.015582433477770297,0.015445916785437091,0.0,0.489832351222933,1.012015843843462,0.109
8,120,Svoboda,DEF,BHA,5.0,0.1,a,,,0.0,0.0,0.14447605027977686,0.2790328973444312,0.0,0.0,0.0,0.35,0.8154753215150045,0.07
8,121,Mitoma,MID,BHA,5.9,0.0,i,0.0,Hamstring injury - Expected back 10 Oct,0.0,0.0,0.14447605027977686,0.07178782067518182,0.0,0.0,0.0,0.0,0.43588989435406733,0.0
8,122,Minteh,MID,BHA,5.9,0.0,i,0.0,Leg injury - Expected back 28 Nov,0.0,0.0,0.14447605027977686,0.08329315674541278,0.0,0.0,0.0,0.0,0.43588989435406733,0.0
8,123,Hinshelwood,MID,BHA,6.0,1.0,d,50.0,Unspecified injury - 50% chance of playing,0.5,31.5,0.14447605027977686,0.09338929695697797,0.1097474604520944,0.03279922308563448,0.07849714428285327,1.7505092521293462,1.9961093010550108,0.292
8,124,Groß,MID,BHA,5.6,16.3,a,,,1.0,90.0,0.14447605027977686,0.13167247740581525,0.2450901693003845,0.20691327991714076,0.1726488122541115,3.9640348231915516,3.000367840759905,0.708
8,125,Georginio,FWD,BHA,5.5,0.6,d,75.0,Unspecified injury - 75% chance of playing,0.5,45.0,0.14447605027977686,0.03353984191412091,0.10448277207139907,0.07272408232778517,0.06924620155370333,1.6087061913836465,1.9192285940078433,0.292
8,126,O'Riley,MID,BHA,5.5,0.1,a,,,0.0,0.0,0.14447605027977686,0.14870334282716233,0.0,0.0,0.0,0.35,0.8154753215150045,0.064
8,127,Gomez,MID,BHA,5.0,4.8,a,,,1.0,85.0,0.14447605027977686,0.14116241109945202,0.21126102768020513,0.1339603285860664,0.1423825782325371,3.563225505072148,2.835082825195467,0.713
8,128,Buonanotte,MID,BHA,5.0,0.0,u,0.0,Has joined Elche on loan for the rest of the season,0.0,0.0,0.14447605027977686,0.17348723329835605,0.0,0.0,0.0,0.0,0.43588989435406733,0.0
8,129,Ayari,MID,BHA,5.4,0.4,a,100.0,,1.0,63.0,0.14447605027977686,0.21460141816909917,0.08961475105643327,0.057128255984686134,0.0878191085485374,2.8050622074732994,2.4222524023185255,0.519
8,130,Wieffer,DEF,BHA,5.0,0.3,i,0.0,Knee injury - Unknown return date,0.0,0.0,0.14447605027977686,0.4954059020646417,0.0,0.0,0.0,0.0,0.43588989435406733,0.0
8,132,Howell,MID,BHA,4.5,0.0,u,0.0,Has joined Leicester City on loan for the rest of the season,0.0,0.0,0.14447605027977686,0.16014206150617483,0.0,0.0,0.0,0.0,0.43588989435406733,0.0
8,133,Watson,MID,BHA,5.0,0.0,u,0.0,Has joined Leicester City on loan for the rest of the season,0.0,0.0,0.14447605027977686,0.17348723329835605,0.0,0.0,0.0,0.0,0.43588989435406733,0.0
8,134,Oriola,MID,BHA,4.5,0.3,a,,,0.0,0.0,0.14447605027977686,0.17348723329835605,0.0,0.0,0.0,0.35,0.8154753215150045,0.078
8,135,Yohanna,MID,BHA,4.9,0.1,i,0.0,Unspecified injury - Expected back 10 Oct,0.0,0.0,0.14447605027977686,0.17348723329835605,0.0,0.0,0.0,0.0,0.43588989435406733,0.0
8,137,Tzimas,FWD,BHA,5.5,0.0,i,0.0,Knee injury - Unknown return date,0.0,0.0,0.14447605027977686,0.0033112582781456954,0.0,0.0,0.0,0.0,0.43588989435406733,0.0
8,138,Kostoulas,FWD,BHA,5.5,0.5,a,,,0.0,26.0,0.14447605027977686,0.002838221381267739,0.13108066169655977,0.022247444038498085,0.0,0.9410649789017334,1.6045271671407286,0.171
8,139,Ferguson,FWD,BHA,5.0,0.0,i,0.0,Ankle injury - Expected back 10 Oct,0.0,0.0,0.14447605027977686,0.0033112582781456954,0.0,0.0,0.0,0.0,0.43588989435406733,0.0
8,328,Struijk,DEF,BHA,5.0,0.2,a,100.0,,0.0,0.0,0.14447605027977686,0.37155442654848125,0.0,0.0,0.0,0.35,0.8154753215150045,0.07
8,504,Vuskovic,DEF,BHA,5.0,3.1,a,,,1.0,90.0,0.14447605027977686,0.25756882831793654,0.06720855806200685,0.03370420195622441,0.07143847857632515,2.487384809941473,2.2647919302357207,0.497
8,594,David,FWD,BHA,6.0,0.2,a,,,0.0,0.0,0.14447605027977686,0.0033112582781456954,0.0,0.0,0.0,0.35,0.8154753215150045,0.058
8,600,Osman,MID,BHA,5.0,0.0,a,,,0.0,12.0,0.14447605027977686,0.17348723329835605,0.016348730975212212,0.0153984417373309,0.0,0.47793898008805374,1.0030834701153117,0.096
8,605,Yalcouyé,MID,BHA,4.5,3.0,a,,,0.0,4.0,0.14447605027977686,0.17348723329835605,0.007879659852905552,0.005248354293004811,0.0,0.4051433621435422,0.9039083732271559,0.09
8,614,Hadjam,DEF,BHA,4.5,0.0,a,,,0.25,20.0,0.14447605027977686,0.2790328973444312,0.009907478749843447,0.008794984748007748,0.01639384814476496,0.8524927409211447,1.2958321960227859,0.189
8,624,Cozier-Duberry,MID,BHA,5.0,0.0,u,0.0,Has joined Middlesbrough on loan for the rest of the season,0.0,0.0,0.14447605027977686,0.17348723329835605,0.0,0.0,0.0,0.0,0.43588989435406733,0.0
8,639,Andrés,MID,BHA,5.5,0.0,a,,,0.25,20.0,0.14447605027977686,0.17348723329835605,0.028122817044516416,0.025132385761208857,0.02458113736174875,1.00862599874955,1.443996641232674,0.183
8,652,Azeez,MID,BHA,5.5,0.0,d,50.0,Hamstring injury - 50% chance of playing,0.125,10.0,0.14447605027977686,0.17348723329835605,0.014061408522258208,0.012566192880604428,0.012290568680874374,0.526187999374775,1.0412135467547576,0.096
8,28,Martinez,GK,CHE,5.0,5.0,a,,,0.0,0.0,0.3198590809003493,0.0,0.0,0.0,0.0,0.35,0.8154753215150045,0.07
8,40,Rogers,MID,CHE,7.6,31.0,a,,,1.0,81.0,0.3198590809003493,0.061636935991605454,0.22341603608520655,0.18840430258437196,0.19213826201709322,3.852113666849118,2.942704909352034,0.507
8,101,Henderson,MID,CHE,4.9,0.0,d,75.0,Wrist injury - 75% chance of playing,0.0,0.0,0.3198590809003493,0.16393054192194428,0.0,0.0,0.0,0.175,0.5766281297335397,0.036
8,136,Welbeck,FWD,CHE,5.9,0.8,a,100.0,,0.0,0.0,0.3198590809003493,0.0010739216037229282,0.0,0.0,0.0,0.35,0.8154753215150045,0.059
8,140,Sánchez,GK,CHE,4.9,1.0,u,0.0,Has joined Como on loan for the rest of the season,0.0,0.0,0.3198590809003493,0.0,0.0,0.0,0.0,0.0,0.43588989435406733,0.0
8,141,Jörgensen,GK,CHE,5.0,0.0,u,0.0,Has joined RC Strasbourg on loan for the rest of the season,0.0,0.0,0.3198590809003493,0.0,0.0,0.0,0.0,0.0,0.43588989435406733,0.0
8,142,James,DEF,CHE,5.4,7.8,a,,,1.0,90.0,0.3198590809003493,0.1671373365041617,0.052471056530333016,0.11932070136733477,0.14009188548927104,3.5496330128185822,2.656902155431642,0.657
8,143,Chalobah,DEF,CHE,5.5,0.1,u,0.0,Has joined Como permanently,0.0,0.0,0.3198590809003493,0.41305701828888514,0.0,0.0,0.0,0.0,0.43588989435406733,0.0
8,144,Gusto,DEF,CHE,5.0,1.1,a,,,1.0,75.0,0.3198590809003493,0.09301096578147708,0.04515267505855502,0.06906215772448819,0.12793499999396546,3.206397685434329,2.5225129638272534,0.641
8,145,Fofana,DEF,CHE,5.0,0.1,a,100.0,,0.0,0.0,0.3198590809003493,0.34494649227110585,0.0,0.0,0.0,0.35,0.8154753215150045,0.07
8,146,B.Badiashile,DEF,CHE,4.5,0.0,u,0.0,Has joined Napoli on loan for the rest of the season,0.0,0.0,0.3198590809003493,0.28989298454221163,0.0,0.0,0.0,0.0,0.43588989435406733,0.0
8,148,Hato,DEF,CHE,4.5,0.9,a,,,1.0,64.0,0.3198590809003493,0.18906064209274673,0.016076967049608506,0.033253065644483444,0.1042443956917107,3.0775569612511164,2.4379950838085733,0.684
8,149,Colwill,DEF,CHE,4.9,1.1,a,,,1.0,90.0,0.3198590809003493,0.35655965120887834,0.04319063014151691,0.0350289832391503,0.10734163490832085,3.55686210857686,2.648996373562096,0.726
8,150,M.Sarr,DEF,CHE,4.5,0.0,u,0.0,Has joined Real Sociedad on loan for the rest of the season,0.0,0.0,0.3198590809003493,0.25756882831793654,0.0,0.0,0.0,0.0,0.43588989435406733,0.0
8,151,Acheampong,DEF,CHE,4.5,0.4,a,,,1.0,90.0,0.3198590809003493,0.21741973840665874,0.058189565001277754,0.020742109971304188,0.107590856465491,3.348226879932973,2.590515095860342,0.744
8,152,Palestra,DEF,CHE,5.4,1.0,d,75.0,Unspecified injury - 75% chance of playing,0.0,0.0,0.3198590809003493,0.2790328973444312,0.0,0.0,0.0,0.175,0.5766281297335397,0.032
8,154,Palmer,MID,CHE,9.7,24.6,a,100.0,,1.0,82.0,0.3198590809003493,0.1200543176347139,0.47711291389658556,0.1625374373712193,0.2777052503453502,5.236052430818131,3.5792704706314056,0.54
8,156,Neto,MID,CHE,6.5,1.4,a,,,0.0,14.0,0.3198590809003493,0.049567780942387445,0.02596621693564043,0.03223838088707683,0.0,0.5765462273394326,1.1185862208872253,0.089
8,157,Estêvão,MID,CHE,6.4,0.8,a,,,0.0,7.0,0.3198590809003493,0.10957088418843541,0.019201378650688373,0.01443108531120861,0.0,0.48930014918706766,1.022193012771834,0.076
8,158,Gittens,MID,CHE,5.9,0.0,a,,,0.0,0.0,0.3198590809003493,0.14870334282716233,0.0,0.0,0.0,0.35,0.8154753215150045,0.059
8,159,Caicedo,MID,CHE,5.4,1.6,d,75.0,Calf injury - 75% chance of playing,0.0,0.0,0.3198590809003493,0.3507406232460529,0.0,0.0,0.0,0.175,0.5766281297335397,0.032
8,161,Lavia,MID,CHE,5.0,0.2,a,,,1.0,64.0,0.3198590809003493,0.14870334282716233,0.08818578667925853,0.049725895429985595,0.0998643141281785,2.8278554390447277,2.4294114625276086,0.566
8,163,D.Essugo,MID,CHE,4.5,0.1,u,0.0,Has joined RC Strasbourg on loan for the rest of the season,0.0,0.0,0.3198590809003493,0.17348723329835605,0.0,0.0,0.0,0.0,0.43588989435406733,0.0
8,164,Quenda,MID,CHE,5.4,0.0,a,100.0,,0.0,8.0,0.3198590809003493,0.17348723329835605,0.011149134579426068,0.009963594710665912,0.0,0.43563645702912807,0.9458351208492417,0.081
8,165,João Pedro,FWD,CHE,7.7,72.9,a,,,1.0,90.0,0.3198590809003493,0.0009240720776220546,0.5133372444816295,0.08163658577556883,0.24022674868005436,4.110185776556103,3.299905520215143,0.534
8,168,Marc Guiu,FWD,CHE,5.0,0.3,u,0.0,Has joined RB Leipzig permanently,0.0,0.0,0.3198590809003493,0.003056546102903719,0.0,0.0,0.0,0.0,0.43588989435406733,0.0
8,169,Mheuka,FWD,CHE,4.5,0.4,a,,,0.0,0.0,0.3198590809003493,0.0033112582781456954,0.0,0.0,0.0,0.35,0.8154753215150045,0.078
8,170,Emegha,FWD,CHE,5.0,0.1,d,75.0,Hamstring injury - 75% chance of playing,0.0,0.0,0.3198590809003493,0.0033112582781456954,0.0,0.0,0.0,0.175,0.5766281297335397,0.035
8,200,Lacroix,DEF,CHE,6.0,8.1,a,,,1.0,90.0,0.3198590809003493,0.5180509525134718,0.06147148566048761,0.04030339661408826,0.11558597902118889,3.987758820328818,2.8187888662664466,0.665
8,560,Penders,GK,CHE,4.5,0.1,a,,,0.0,0.0,0.3198590809003493,0.0,0.0,0.0,0.0,0.35,0.8154753215150045,0.078
8,561,Anselmino,DEF,CHE,4.5,0.0,a,100.0,,0.0,0.0,0.3198590809003493,0.2790328973444312,0.0,0.0,0.0,0.35,0.8154753215150045,0.078
8,568,Barco,MID,CHE,5.5,0.1,a,,,0.0,0.0,0.3198590809003493,0.17348723329835605,0.0,0.0,0.0,0.35,0.8154753215150045,0.064
8,583,Chavarria,DEF,CHE,4.9,0.2,a,,,0.0,25.0,0.3198590809003493,0.2790328973444312,0.011379840175167405,0.010552634487565073,0.0,0.44993694451369964,0.9608117586848288,0.092
8,91,Pinnock,DEF,COV,4.5,0.1,a,,,0.0,0.0,0.3104648936934617,0.3342746730083234,0.0,0.0,0.0,0.35,0.8154753215150045,0.078
8,104,Onyeka,MID,COV,4.9,0.1,a,,,1.0,90.0,0.3104648936934617,0.16014206150617483,0.08436845113354925,0.12775271283918213,0.10528889675980216,3.0606783863144416,2.514259262844374,0.625
8,110,Rushworth,GK,COV,4.5,0.9,a,,,1.0,90.0,0.3104648936934617,0.0,0.0,0.0002302631578947368,0.07769681552862859,2.815794450414518,2.3130087452899057,0.626
8,171,Dovin,GK,COV,4.0,1.2,u,0.0,Has joined Leyton Orient on loan for the rest of the season,0.0,0.0,0.3104648936934617,0.0,0.0,0.0,0.0,0.0,0.43588989435406733,0.0
8,172,Wilson,GK,COV,4.5,0.4,a,,,0.0,0.0,0.3104648936934617,0.0,0.0,0.0,0.0,0.35,0.8154753215150045,0.078
8,173,Thomas,DEF,COV,4.0,8.9,a,,,1.0,90.0,0.3104648936934617,0.33449190524101347,0.05469698862519113,0.04826476485373381,0.11365283714098914,3.5843958051817015,2.671803503552681,0.896
8,174,Kitching,DEF,COV,4.0,0.4,u,0.0,Has joined Sheffield United on loan for the rest of the season,0.0,0.0,0.3104648936934617,0.2790328973444312,0.0,0.0,0.0,0.0,0.43588989435406733,0.0
8,175,van Ewijk,DEF,COV,4.0,10.9,a,,,1.0,90.0,0.3104648936934617,0.25756882831793654,0.031208558062006855,0.05470420195622441,0.10768568942974636,3.3152779238603634,2.54681750498671,0.829
8,176,Dasilva,DEF,COV,4.0,0.7,a,,,1.0,90.0,0.3104648936934617,0.25756882831793654,0.049105782424502156,0.042634718165331306,0.10972539862980712,3.388492527862716,2.594758273420893,0.847
8,177,Kesler-Hayden,DEF,COV,4.0,0.0,i,0.0,Hamstring injury - Unknown return date,0.0,0.0,0.3104648936934617,0.2790328973444312,0.0,0.0,0.0,0.0,0.43588989435406733,0.0
8,178,Bidwell,DEF,COV,4.0,0.1,a,,,0.0,0.0,0.3104648936934617,0.2790328973444312,0.0,0.0,0.0,0.35,0.8154753215150045,0.087
8,179,Latibeaudiere,DEF,COV,4.0,0.0,a,,,0.0,0.0,0.3104648936934617,0.2790328973444312,0.0,0.0,0.0,0.35,0.8154753215150045,0.087
8,180,Woolfenden,DEF,COV,4.0,0.1,i,0.0,Knee injury - Unknown return date,0.0,0.0,0.3104648936934617,0.2790328973444312,0.0,0.0,0.0,0.0,0.43588989435406733,0.0
8,181,Brau,DEF,COV,4.0,0.0,u,0.0,Has joined Academico de Viseu on loan for the rest of the season,0.0,0.0,0.3104648936934617,0.2790328973444312,0.0,0.0,0.0,0.0,0.43588989435406733,0.0
8,182,Amenda,DEF,COV,4.0,0.8,a,,,1.0,90.0,0.3104648936934617,0.25756882831793654,0.03420855806200686,0.06670420195622441,0.11293568942974636,3.374527923860363,2.5723247080620926,0.844
8,183,Rudoni,MID,COV,5.0,0.1,a,100.0,,0.0,20.0,0.3104648936934617,0.17348723329835605,0.034632444980701796,0.02701749612592774,0.0,0.6042147132812922,1.1643893786524617,0.121
8,184,Grimes,MID,COV,5.0,0.1,a,,,1.0,90.0,0.3104648936934617,0.16014206150617483,0.09458687369022672,0.09198037635963255,0.09634502688679691,2.995509619786175,2.5017972579198124,0.599
8,185,Sakamoto,MID,COV,4.9,0.1,a,,,0.0,0.0,0.3104648936934617,0.17348723329835605,0.0,0.0,0.0,0.35,0.8154753215150045,0.071
8,186,Mason-Clark,MID,COV,5.4,0.1,a,100.0,,0.0,0.0,0.3104648936934617,0.17348723329835605,0.0,0.0,0.0,0.35,0.8154753215150045,0.065
8,187,Eccles,MID,COV,4.9,0.0,i,0.0,Unspecified injury - Expected back 12 Oct,0.0,0.0,0.3104648936934617,0.17348723329835605,0.0,0.0,0.0,0.0,0.43588989435406733,0.0
8,188,Torp,MID,COV,5.4,0.1,a,,,0.0,28.0,0.3104648936934617,0.17348723329835605,0.0373158534606239,0.03708467354127415,0.0,0.647833287926942,1.2061419351904372,0.12
8,189,Shepherd,MID,COV,4.5,0.2,a,,,0.0,0.0,0.3104648936934617,0.17348723329835605,0.0,0.0,0.0,0.35,0.8154753215150045,0.078
8,190,Tchaouna,MID,COV,5.4,0.1,a,,,1.0,81.0,0.3104648936934617,0.12327387198321091,0.0901497654266337,0.07363342397669562,0.09473995191508534,2.8488406776254336,2.4400196474717424,0.528
8,191,Borges Rodrigues,MID,COV,4.5,0.1,u,0.0,Has joined Burton Albion on loan for the rest of the season,0.0,0.0,0.3104648936934617,0.17348723329835605,0.0,0.0,0.0,0.0,0.43588989435406733,0.0
8,192,Andrews,MID,COV,4.5,0.4,u,0.0,Has joined Oxford United on loan for the rest of the season,0.0,0.0,0.3104648936934617,0.17348723329835605,0.0,0.0,0.0,0.0,0.43588989435406733,0.0
8,193,Wright,FWD,COV,5.4,0.1,i,0.0,Thigh injury - Unknown return date,0.0,0.0,0.3104648936934617,0.0033112582781456954,0.0,0.0,0.0,0.0,0.43588989435406733,0.0
8,194,Thomas-Asante,FWD,COV,5.0,0.8,a,,,1.0,69.0,0.3104648936934617,0.003056546102903719,0.28558546489902237,0.040015450076950426,0.1796903853366381,3.0177026399929217,2.728946281146019,0.604
8,195,Simms,FWD,COV,5.0,0.8,a,,,1.0,69.0,0.3104648936934617,0.003056546102903719,0.32054031018262896,0.04027842010859739,0.1957680836327321,3.1743886295183827,2.820386543929874,0.635
8,196,Markelo,FWD,COV,5.0,0.0,u,0.0,Has joined Shabab Al-Ahli Dubai permanently,0.0,0.0,0.3104648936934617,0.0033112582781456954,0.0,0.0,0.0,0.0,0.43588989435406733,0.0
8,197,Bassette,FWD,COV,4.5,0.0,u,0.0,Has joined KVC Westerlo on loan for the rest of the season,0.0,0.0,0.3104648936934617,0.0033112582781456954,0.0,0.0,0.0,0.0,0.43588989435406733,0.0
8,492,Awoniyi,FWD,COV,5.5,0.7,a,,,0.0,20.0,0.3104648936934617,0.002838221381267739,0.12368874232360973,0.01505437072283894,0.0,0.8899180814629558,1.5598002464165963,0.162
8,575,Yirenkyi,MID,COV,4.9,0.2,a,,,1.0,61.0,0.3104648936934617,0.16014206150617483,0.073096138923581,0.07152591604268221,0.10572837021258044,2.8360759083278793,2.4139430522206724,0.579
8,584,Hamer,MID,COV,5.4,0.1,a,,,0.0,8.0,0.3104648936934617,0.17348723329835605,0.010849157864284555,0.009885145558842647,0.0,0.43390122599795067,0.9431369341626981,0.08
8,599,Cherif,FWD,COV,5.0,0.1,a,,,0.0,0.0,0.3104648936934617,0.0033112582781456954,0.0,0.0,0.0,0.35,0.8154753215150045,0.07
8,623,Bentley,GK,COV,4.0,0.4,a,,,0.25,20.0,0.3104648936934617,0.0,0.0,3.6549707602339175e-05,0.01941844730320978,0.9663798077790681,1.3550356581213017,0.242
8,655,Gboho,MID,COV,5.5,0.0,a,,,0.25,20.0,0.3104648936934617,0.17348723329835605,0.028122817044516416,0.025132385761208857,0.02873085844709087,1.0509531538200396,1.4715800673171588,0.191
8,42,Guessand,MID,CRY,5.5,0.0,a,,,0.0,27.0,0.22297859858017585,0.10957088418843541,0.04185094530777858,0.027334767394362264,0.0,0.6412590287219797,1.212228454714058,0.117
8,153,Disasi,DEF,CRY,4.5,0.1,a,,,0.0,0.0,0.22297859858017585,0.20570749108204517,0.0,0.0,0.0,0.35,0.8154753215150045,0.078
8,198,Henderson,GK,CRY,5.0,2.0,a,100.0,,1.0,90.0,0.22297859858017585,0.0,8.75e-05,0.0011518914473684211,0.056178436651622914,2.4346073896086526,2.150878667023419,0.487
8,199,Benitez,GK,CRY,4.5,0.1,a,,,0.0,0.0,0.22297859858017585,0.0,0.0,0.0,0.0,0.35,0.8154753215150045,0.078
8,202,Richards,DEF,CRY,5.0,0.7,a,,,1.0,90.0,0.22297859858017585,0.394281699275754,0.057170487130081424,0.028588701093206503,0.08576036552319474,3.158947195618703,2.5189328284922614,0.632
8,203,Canvot,DEF,CRY,4.9,0.2,a,,,1.0,90.0,0.22297859858017585,0.4573479543753028,0.06623798491179286,0.01867315602487422,0.08546354897287745,3.299350639936828,2.5818973886176675,0.673
8,204,Mitchell,DEF,CRY,4.5,6.1,a,,,1.0,90.0,0.22297859858017585,0.19475822433610782,0.1056442679508442,0.07780341023311924,0.11995133700943117,3.2645017855603053,2.614654661761213,0.725
8,205,Sosa,DEF,CRY,4.5,0.0,u,0.0,Has joined FC Cologne on loan for the rest of the season,0.0,0.0,0.22297859858017585,0.2790328973444312,0.0,0.0,0.0,0.0,0.43588989435406733,0.0
8,206,Chadi Riad,DEF,CRY,4.4,0.0,i,0.0,Knee injury - Unknown return date,0.0,0.0,0.22297859858017585,0.22886288253332498,0.0,0.0,0.0,0.0,0.43588989435406733,0.0
8,207,Mingueza,DEF,CRY,4.4,0.1,a,,,0.0,0.0,0.22297859858017585,0.2790328973444312,0.0,0.0,0.0,0.35,0.8154753215150045,0.08
8,208,Sarr,MID,CRY,6.3,0.8,i,0.0,Groin injury - Unknown return date,0.0,0.0,0.22297859858017585,0.061230788222949195,0.0,0.0,0.0,0.0,0.43588989435406733,0.0
8,210,Wharton,MID,CRY,5.5,0.9,a,100.0,,1.0,90.0,0.22297859858017585,0.2946791902336652,0.03697036449504217,0.18196783058770008,0.09892622813697738,3.1470315630989942,2.4902172910929563,0.572
8,211,Yeremy,MID,CRY,5.5,0.4,a,,,0.0,35.0,0.22297859858017585,0.09941441288968622,0.07043445788187168,0.10197916905218066,0.0,1.0081097965659005,1.529057016846148,0.183
8,212,Hughes,MID,CRY,4.5,8.7,a,,,0.0,0.0,0.22297859858017585,0.08327387198321091,0.0,0.0,0.0,0.35,0.8154753215150045,0.078
8,213,Lerma,MID,CRY,4.9,0.1,a,,,0.0,0.0,0.22297859858017585,0.21720881427072403,0.0,0.0,0.0,0.35,0.8154753215150045,0.071
8,214,Kamada,MID,CRY,5.0,0.4,a,,,1.0,90.0,0.22297859858017585,0.24490444847212947,0.06102043635609547,0.11669771936802921,0.08449921436146123,2.9654590501285063,2.449590744059247,0.593
8,215,Devenny,MID,CRY,5.0,0.0,u,0.0,Has joined Stoke City permanently,0.0,0.0,0.22297859858017585,0.16220246313580383,0.0,0.0,0.0,0.0,0.43588989435406733,0.0
8,216,Esse,MID,CRY,5.0,0.0,u,0.0,Has joined Millwall on loan for the rest of the season,0.0,0.0,0.22297859858017585,0.17348723329835605,0.0,0.0,0.0,0.0,0.43588989435406733,0.0
8,217,M.França,MID,CRY,4.9,0.0,a,,,0.0,0.0,0.22297859858017585,0.17348723329835605,0.0,0.0,0.0,0.35,0.8154753215150045,0.071
8,218,Doucouré,MID,CRY,4.9,0.1,a,,,0.0,0.0,0.22297859858017585,0.17348723329835605,0.0,0.0,0.0,0.35,0.8154753215150045,0.071
8,219,J.Rak-Sakyi,MID,CRY,4.9,0.0,u,0.0,has joined  Kasimpasa on loan for the rest of the seaon.,0.0,0.0,0.22297859858017585,0.17348723329835605,0.0,0.0,0.0,0.0,0.43588989435406733,0.0
8,220,Cardines,DEF,CRY,4.5,0.0,u,0.0,Has joined Bristol City on loan for the rest of the season,0.0,0.0,0.22297859858017585,0.25756882831793654,0.0,0.0,0.0,0.0,0.43588989435406733,0.0
8,221,Drakes-Thomas,MID,CRY,4.5,0.1,a,,,0.0,0.0,0.22297859858017585,0.17348723329835605,0.0,0.0,0.0,0.35,0.8154753215150045,0.078
8,222,Strand Larsen,FWD,CRY,6.0,0.5,a,,,0.0,27.0,0.22297859858017585,0.0011352885525070956,0.08465391640755225,0.010803315246877663,0.0,0.7210256113708419,1.3703547570063428,0.12
8,223,Mateta,FWD,CRY,6.4,1.8,i,0.0,Hamstring injury - Expected back 11 Oct,0.0,0.0,0.22297859858017585,0.0011037527593818985,0.0,0.0,0.0,0.0,0.43588989435406733,0.0
8,224,Nketiah,FWD,CRY,5.5,0.7,a,,,0.0,55.0,0.22297859858017585,0.002838221381267739,0.30156348448209264,0.07265734350778429,0.0,1.7742259684517232,2.2760514596447132,0.323
8,225,Uche,FWD,CRY,5.0,0.0,u,0.0,has returned to Getafe CF,0.0,0.0,0.22297859858017585,0.0033112582781456954,0.0,0.0,0.0,0.0,0.43588989435406733,0.0
8,241,McNeil,MID,CRY,5.4,0.1,a,,,1.0,62.0,0.22297859858017585,0.16327387198321092,0.06085875356677013,0.13281188321316487,0.12069503822201681,2.898988690838232,2.423474991410735,0.537
8,555,Matthews,GK,CRY,4.0,1.8,a,,,0.0,0.0,0.22297859858017585,0.0,0.0,0.0,0.0,0.35,0.8154753215150045,0.087
8,577,Tomiyasu,DEF,CRY,4.5,0.3,a,,,0.0,18.0,0.22297859858017585,0.2790328973444312,0.01429652990982567,0.0072237445851876195,0.0,0.45745041321451685,0.9772077386955835,0.102
8,588,Khalaili,DEF,CRY,5.0,0.2,a,,,0.0,35.0,0.22297859858017585,0.2790328973444312,0.04188036987744865,0.01886706516747735,0.0,0.6578834147671239,1.2252594449022733,0.132
8,595,Gozo,MID,CRY,5.0,0.0,a,,,0.0,0.0,0.22297859858017585,0.17348723329835605,0.0,0.0,0.0,0.35,0.8154753215150045,0.07
8,633,Ahanor,DEF,CRY,4.5,0.0,a,,,0.25,20.0,0.22297859858017585,0.2790328973444312,0.009907478749843447,0.008794984748007748,0.0213002574135399,0.9777150862770653,1.384595080312466,0.217
8,643,Chilwell,DEF,CRY,4.5,0.4,a,,,0.25,20.0,0.22297859858017585,0.2790328973444312,0.01651484908462919,0.030077406775185417,0.03228186315606299,1.0921881801098359,1.4745326841804705,0.243
8,644,Timber,MID,CRY,5.0,0.0,a,,,0.25,20.0,0.22297859858017585,0.17348723329835605,0.02620223793362169,0.02309387002724414,0.02498480747409532,1.0113668122146204,1.4418080214818854,0.202
8,647,Osorio,MID,CRY,5.5,0.0,a,,,0.25,20.0,0.22297859858017585,0.17348723329835605,0.028091569470022514,0.025104460888140848,0.02652040191803122,1.0283808369232506,1.4568709644214588,0.187
8,21,Nørgaard,MID,EVE,4.9,0.1,i,0.0,Groin injury - Unknown return date,0.0,0.0,0.18226793612571987,0.17348723329835605,0.0,0.0,0.0,0.0,0.43588989435406733,0.0
8,209,Johnson,MID,EVE,5.9,0.1,a,,,0.0,6.0,0.18226793612571987,0.07435167141358116,0.017422071069321633,0.005059358766076174,0.0,0.4522884316448367,0.981774132140952,0.077
8,226,Pickford,GK,EVE,5.5,8.6,a,,,1.0,90.0,0.18226793612571987,0.0,0.0,0.006643843404808317,0.04789232922311288,2.264768353236074,2.074381804574206,0.412
8,227,Travers,GK,EVE,5.0,0.0,a,,,0.0,0.0,0.18226793612571987,0.0,0.0,0.0,0.0,0.35,0.8154753215150045,0.07
8,228,King,GK,EVE,4.5,0.0,a,,,0.0,0.0,0.18226793612571987,0.0,0.0,0.0,0.0,0.35,0.8154753215150045,0.078
8,229,Tarkowski,DEF,EVE,6.0,11.4,a,,,1.0,90.0,0.18226793612571987,0.5069678953626635,0.05628616101580171,0.046502967902163676,0.08154317915271785,3.1719251638818378,2.5227712495330015,0.529
8,230,Branthwaite,DEF,EVE,5.5,1.9,a,,,1.0,90.0,0.18226793612571987,0.3174197384066587,0.048537215047540036,0.018899612559884787,0.06916987369402866,2.681479507787693,2.3207831340049543,0.488
8,231,Keane,DEF,EVE,4.9,0.9,a,,,0.0,0.0,0.18226793612571987,0.4475218236130043,0.0,0.0,0.0,0.35,0.8154753215150045,0.071
8,232,O'Brien,DEF,EVE,4.9,0.3,a,,,0.0,0.0,0.18226793612571987,0.19475822433610782,0.0,0.0,0.0,0.35,0.8154753215150045,0.071
8,233,Mykolenko,DEF,EVE,4.5,1.9,a,,,1.0,90.0,0.18226793612571987,0.22496510365506903,0.009539955496518732,0.05237296115857356,0.06723650486071227,2.3758660995013896,2.1380798212489056,0.528
8,234,Patterson,DEF,EVE,4.5,0.0,u,0.0,Has joined Torino permanently,0.0,0.0,0.18226793612571987,0.35655965120887834,0.0,0.0,0.0,0.0,0.43588989435406733,0.0
8,235,Aznou,DEF,EVE,4.0,0.1,u,0.0,Has joined Malaga on loan for the rest of the season,0.0,0.0,0.18226793612571987,0.2790328973444312,0.0,0.0,0.0,0.0,0.43588989435406733,0.0
8,236,Dewsbury-Hall,MID,EVE,6.5,4.5,a,,,1.0,90.0,0.18226793612571987,0.1686153999900065,0.1432536250481421,0.15467900384188055,0.1225032137240799,3.350747187707706,2.688111122504703,0.515
8,238,Grealish,MID,EVE,6.5,0.4,a,100.0,,0.0,8.0,0.18226793612571987,0.06939489331934243,0.010744917647424647,0.01668763968345012,0.0,0.4537875072874736,0.962634806004202,0.07
8,239,Garner,MID,EVE,6.0,0.1,d,75.0,Unspecified injury - 75% chance of playing,0.0,5.5,0.18226793612571987,0.4416369359916055,0.0028677036807797335,0.008749689398512398,0.0,0.21558758659943583,0.6533166434613513,0.036
8,242,George,MID,EVE,5.5,0.5,a,,,1.0,83.0,0.18226793612571987,0.13878978663868485,0.11646972769052776,0.14096202505388813,0.11592679616015149,3.114221218425297,2.5721272676816036,0.566
8,243,Alcaraz,MID,EVE,5.0,0.1,a,,,0.0,1.0,0.18226793612571987,0.10957088418843541,0.0019356923062057753,0.0009591928573827873,0.0,0.3625560401031772,0.8369412345160628,0.073
8,244,Armstrong,MID,EVE,5.0,0.4,a,,,1.0,90.0,0.18226793612571987,0.22676926664334848,0.12019007363434803,0.05764173844763086,0.0804679278412646,3.009285463215321,2.5374756790785598,0.602
8,245,Dibling,MID,EVE,5.4,0.0,a,,,0.0,0.0,0.18226793612571987,0.22013191425573378,0.0,0.0,0.0,0.35,0.8154753215150045,0.065
8,246,Röhl,MID,EVE,5.0,0.0,a,,,1.0,90.0,0.18226793612571987,0.16220246313580383,0.07538657445862705,0.07234236626109394,0.06993192286447433,2.700030927346432,2.3627056965923585,0.54
8,247,Hackney,MID,EVE,5.5,0.2,a,100.0,,1.0,78.0,0.18226793612571987,0.16014206150617483,0.09959399681068,0.09416003834940219,0.09647361550414363,2.909271609012774,2.474910107052042,0.529
8,248,Beto,FWD,EVE,5.4,1.0,u,0.0,Has joined Fiorentina permanently,0.0,0.0,0.18226793612571987,0.0014191106906338694,0.0,0.0,0.0,0.0,0.43588989435406733,0.0
8,249,Barry,FWD,EVE,5.6,5.8,a,,,1.0,78.0,0.18226793612571987,0.0012417218543046358,0.5400289989132224,0.02688899649231219,0.24717444560326862,4.060242198945015,3.3097785683448464,0.725
8,649,Maitland-Niles,DEF,EVE,4.5,0.2,a,,,0.25,20.0,0.18226793612571987,0.2790328973444312,0.010438444797530894,0.008667946079425413,0.018914887415659037,0.9184883240826883,1.3445290939739063,0.204
8,654,Graham,MID,EVE,4.5,0.1,a,,,0.25,20.0,0.18226793612571987,0.17348723329835605,0.028122817044516416,0.025132385761208857,0.02552593450789732,1.0182629296402654,1.4503228842515046,0.226
8,250,Leno,GK,FUL,4.5,3.0,a,,,1.0,90.0,0.9399153992824539,0.0,0.0,0.0004463125406107862,0.23513505920982725,5.282479856000817,3.1680769760852643,1.174
8,251,Lecomte,GK,FUL,4.0,1.2,a,,,0.0,0.0,0.9399153992824539,0.0,0.0,0.0,0.0,0.35,0.8154753215150045,0.087
8,252,McNally,GK,FUL,4.0,0.1,u,0.0,Has joined York City on loan for the rest of the season,0.0,0.0,0.9399153992824539,0.0,0.0,0.0,0.0,0.0,0.43588989435406733,0.0
8,253,Andersen,DEF,FUL,5.0,0.1,a,100.0,,0.0,0.0,0.9399153992824539,0.5429859248403064,0.0,0.0,0.0,0.35,0.8154753215150045,0.07
8,254,Robinson,DEF,FUL,4.5,1.4,a,,,1.0,81.0,0.9399153992824539,0.253392923039075,0.042801654232598456,0.0832305562450872,0.28399137611749126,6.283929109779162,3.4923165999055694,1.396
8,255,J.Cuenca,DEF,FUL,4.5,0.0,a,,,1.0,90.0,0.9399153992824539,0.4934084681797033,0.013683033461124384,0.03746877722217078,0.25288198355976677,6.3824512585825985,3.494102973879517,1.418
8,256,Tete,DEF,FUL,4.4,0.2,a,,,0.0,0.0,0.9399153992824539,0.3338191860688121,0.0,0.0,0.0,0.35,0.8154753215150045,0.08
8,257,Bassey,DEF,FUL,4.5,0.7,a,,,1.0,90.0,0.9399153992824539,0.2767901162959311,0.03371893182429047,0.016068839313127636,0.25240456971870984,6.039411653727269,3.4171912052192153,1.342
8,258,Castagne,DEF,FUL,4.5,0.8,a,,,1.0,90.0,0.9399153992824539,0.1671373365041617,0.1008082857896202,0.0726958519103504,0.2957052980156032,6.453368428790952,3.5869554958823406,1.434
8,261,Iwobi,MID,FUL,5.4,0.8,a,,,1.0,90.0,0.9399153992824539,0.07516699511171397,0.0807636516987909,0.23492377225349226,0.2044821383115445,3.886101151911386,2.80502657720464,0.72
8,262,Smith Rowe,MID,FUL,5.4,0.3,a,,,0.0,0.0,0.9399153992824539,0.06715634837355719,0.0,0.0,0.0,0.35,0.8154753215150045,0.065
8,263,Kevin,MID,FUL,5.4,0.0,a,,,0.0,17.0,0.9399153992824539,0.11565815553223738,0.020602426656986576,0.023714055428184378,0.0,0.524154299569486,1.058067922736505,0.097
8,264,Bobb,MID,FUL,5.5,0.3,a,,,1.0,66.0,0.9399153992824539,0.09051507824262055,0.09518450550450143,0.15787325708565167,0.2147691084371821,3.765581318522923,2.7795164216497374,0.685
8,265,Berge,MID,FUL,5.0,0.3,a,,,1.0,72.0,0.9399153992824539,0.1539531912952233,0.028611726339788257,0.05375987869597898,0.13002911713139356,3.1523634242413396,2.4821685809181604,0.63
8,266,Cairney,MID,FUL,5.0,0.0,i,0.0,Knee injury - Expected back 10 Oct,0.0,0.0,0.9399153992824539,0.10957088418843541,0.0,0.0,0.0,0.0,0.43588989435406733,0.0
8,268,King,MID,FUL,5.5,1.1,a,,,1.0,90.0,0.9399153992824539,0.08007103075308741,0.2102090531407299,0.09699526088773502,0.2015130498382081,4.125596962130602,3.016602152570425,0.75
8,269,Sessegnon,DEF,FUL,4.5,0.3,a,,,0.0,17.0,0.9399153992824539,0.47963733650416174,0.02199071992944208,0.025916676436522526,0.0,0.55969434888622,1.0933268415530968,0.124
8,270,Reed,MID,FUL,4.5,1.2,a,,,0.0,0.0,0.9399153992824539,0.16014206150617483,0.0,0.0,0.0,0.35,0.8154753215150045,0.078
8,271,Muniz,FWD,FUL,5.4,0.4,a,,,0.0,8.0,0.9399153992824539,0.001892147587511826,0.04110088976301557,0.0021013089378629354,0.0,0.5207074858656511,1.11173268447178,0.096
8,272,Kusi-Asare,FWD,FUL,4.5,6.2,a,,,0.0,0.0,0.9399153992824539,0.0033112582781456954,0.0,0.0,0.0,0.35,0.8154753215150045,0.078
8,569,Gonzalo,FWD,FUL,6.0,4.1,a,,,1.0,90.0,0.9399153992824539,0.003056546102903719,0.5448676302447893,0.061002898910499606,0.3060462251325965,4.244149487672596,3.366465477031759,0.707
8,570,Palacios,MID,FUL,5.5,0.2,a,,,1.0,72.0,0.9399153992824539,0.16014206150617483,0.15707644884739952,0.07150697333007096,0.19399678713088872,3.9232835118693177,2.897705534666368,0.713
8,580,Charles,MID,FUL,5.0,0.1,a,,,0.0,23.0,0.9399153992824539,0.17348723329835605,0.03036608500384553,0.02809560366325353,0.0,0.5861172360089881,1.1383405722542574,0.117
8,610,De Fougerolles,DEF,FUL,4.0,0.1,d,75.0,Unspecified injury - 75% chance of playing,0.0,0.0,0.9399153992824539,0.2790328973444312,0.0,0.0,0.0,0.175,0.5766281297335397,0.044
8,626,Zepa,MID,FUL,4.5,0.4,a,,,0.25,20.0,0.9399153992824539,0.17348723329835605,0.028122817044516416,0.025132385761208857,0.04446712108681568,1.2114630327452327,1.5717877288244237,0.269
8,635,Larsson,MID,FUL,5.0,0.0,a,,,0.25,20.0,0.9399153992824539,0.17348723329835605,0.03065810607076245,0.02971410104634964,0.047269441534424236,1.2406869441794937,1.59413105808952,0.248
8,636,Ángel,MID,FUL,5.0,0.0,a,,,0.25,20.0,0.9399153992824539,0.17348723329835605,0.028122817044516416,0.025132385761208857,0.04446712108681568,1.2114630327452327,1.5717877288244237,0.242
8,650,Affengruber,DEF,FUL,4.5,0.0,a,,,0.25,20.0,0.9399153992824539,0.2790328973444312,0.009907478749843447,0.008794984748007748,0.06610880745743228,1.7995920572636845,1.865119240504494,0.4
8,240,Iroegbunam,MID,HUL,5.0,0.0,a,100.0,,0.0,0.0,0.9342045222066034,0.3243516714135812,0.0,0.0,0.0,0.35,0.8154753215150045,0.07
8,273,Phillips,GK,HUL,4.0,1.5,a,,,0.0,0.0,0.9342045222066034,0.0,0.0,0.0,0.0,0.35,0.8154753215150045,0.087
8,274,Butland,GK,HUL,4.5,0.1,i,0.0,Arm injury - Unknown return date,0.0,0.0,0.9342045222066034,0.0,0.0,0.0,0.0,0.0,0.43588989435406733,0.0
8,275,Cartwright,GK,HUL,4.0,0.0,u,0.0,Has joined Grimsby Town on loan for the rest of the season,0.0,0.0,0.9342045222066034,0.0,0.0,0.0,0.0,0.0,0.43588989435406733,0.0
8,276,Lo-Tutala,GK,HUL,4.0,0.0,u,0.0,Has joined Colchester United on loan for the rest of the season,0.0,0.0,0.9342045222066034,0.0,0.0,0.0,0.0,0.0,0.43588989435406733,0.0
8,277,Egan,DEF,HUL,4.1,6.3,a,,,1.0,90.0,0.9342045222066034,0.33449190524101347,0.031208558062006855,0.02770420195622441,0.2541705965580318,6.145834988129176,3.4444648097806825,1.499
8,278,Hughes,DEF,HUL,4.0,0.1,i,0.0,Groin injury - Unknown return date,0.0,0.0,0.9342045222066034,0.2790328973444312,0.0,0.0,0.0,0.0,0.43588989435406733,0.0
8,279,Ajayi,DEF,HUL,4.1,11.7,a,100.0,,1.0,63.0,0.9342045222066034,0.25756882831793654,0.058692247385265,0.020224067428043817,0.27300928795830526,6.1655969503459955,3.4737282118739485,1.504
8,280,Coyle,DEF,HUL,4.0,0.6,a,100.0,,1.0,69.0,0.9342045222066034,0.25756882831793654,0.027458577355191114,0.025883078006881256,0.25790275582564043,5.980065429769399,3.3951252967590175,1.495
8,281,Drameh,DEF,HUL,4.0,0.1,u,0.0,Has joined Genoa permanently,0.0,0.0,0.9342045222066034,0.2790328973444312,0.0,0.0,0.0,0.0,0.43588989435406733,0.0
8,282,Giles,DEF,HUL,4.0,1.4,a,,,1.0,84.0,0.9342045222066034,0.25756882831793654,0.03214317470731313,0.04593259591065397,0.2628295445333885,6.073248356301197,3.4252052384077882,1.518
8,283,Jacob,DEF,HUL,4.0,0.0,u,0.0,Has joined Newport County on loan until January,0.0,0.0,0.9342045222066034,0.2790328973444312,0.0,0.0,0.0,0.0,0.43588989435406733,0.0
8,284,McCarthy,DEF,HUL,4.0,0.1,a,,,0.0,0.0,0.9342045222066034,0.2790328973444312,0.0,0.0,0.0,0.35,0.8154753215150045,0.087
8,285,McNair,DEF,HUL,4.0,0.1,a,100.0,,0.0,26.0,0.9342045222066034,0.2790328973444312,0.012507641506191249,0.011103179634096006,0.0,0.45835538793943553,0.9725847449564871,0.115
8,286,Belloumi,MID,HUL,5.0,1.0,a,,,1.0,90.0,0.9342045222066034,0.16014206150617483,0.11065509091678839,0.08692549015973289,0.1625736555974428,3.7007551342620206,2.7740521445348802,0.74
8,287,Millar,MID,HUL,5.0,0.0,u,0.0,Has joined Birmingham on loan for the rest of the season,0.0,0.0,0.9342045222066034,0.17348723329835605,0.0,0.0,0.0,0.0,0.43588989435406733,0.0
8,288,Dowell,MID,HUL,4.5,0.3,a,,,0.0,0.0,0.9342045222066034,0.17348723329835605,0.0,0.0,0.0,0.35,0.8154753215150045,0.078
8,289,Crooks,MID,HUL,4.5,0.5,a,100.0,,1.0,90.0,0.9342045222066034,0.16014206150617483,0.1138974090302915,0.10178616233289588,0.16890970219777593,3.7678847879493573,2.8004223880131955,0.837
8,290,Slater,MID,HUL,4.5,5.3,a,,,1.0,90.0,0.9342045222066034,0.16014206150617483,0.09158687369022672,0.13410037635963254,0.1724109897381111,3.7567760408695787,2.7726153212794524,0.835
8,291,Matazo,MID,HUL,4.5,0.0,i,0.0,Knee injury - Unknown return date,0.0,0.0,0.9342045222066034,0.17348723329835605,0.0,0.0,0.0,0.0,0.43588989435406733,0.0
8,292,Ömür,MID,HUL,4.9,0.0,a,,,0.0,0.0,0.9342045222066034,0.17348723329835605,0.0,0.0,0.0,0.35,0.8154753215150045,0.071
8,293,Kamara,MID,HUL,5.0,0.0,u,0.0,Has joined Portsmouth permanently,0.0,0.0,0.9342045222066034,0.17348723329835605,0.0,0.0,0.0,0.0,0.43588989435406733,0.0
8,294,Zambrano,MID,HUL,4.5,0.1,a,100.0,,0.0,0.0,0.9342045222066034,0.17348723329835605,0.0,0.0,0.0,0.35,0.8154753215150045,0.078
8,295,McBurnie,FWD,HUL,5.5,1.9,a,,,1.0,90.0,0.9342045222066034,0.003056546102903719,0.4548676302447894,0.0460028989104996,0.2687251374250115,3.8018283999650104,3.1547867980898894,0.691
8,296,Akintola,MID,HUL,5.0,0.0,a,,,0.0,0.0,0.9342045222066034,0.17348723329835605,0.0,0.0,0.0,0.35,0.8154753215150045,0.07
8,297,Gyabi,MID,HUL,4.5,0.0,i,0.0,Thigh injury - Unknown return date,0.0,0.0,0.9342045222066034,0.17348723329835605,0.0,0.0,0.0,0.0,0.43588989435406733,0.0
8,298,Destan,FWD,HUL,4.5,0.2,u,0.0,Has joined Konyaspor permanently,0.0,0.0,0.9342045222066034,0.0033112582781456954,0.0,0.0,0.0,0.0,0.43588989435406733,0.0
8,299,Burstow,FWD,HUL,4.5,0.0,u,0.0,Has joined Sheffield Wednesday on loan for the rest of the season,0.0,0.0,0.9342045222066034,0.0033112582781456954,0.0,0.0,0.0,0.0,0.43588989435406733,0.0
8,340,Gelhardt,MID,HUL,5.0,0.0,a,100.0,,0.0,0.0,0.9342045222066034,0.17348723329835605,0.0,0.0,0.0,0.35,0.8154753215150045,0.07
8,556,Targett,DEF,HUL,4.0,1.9,a,,,0.0,5.0,0.9342045222066034,0.2790328973444312,0.0023582961385930547,0.002834030796253027,0.0,0.3726518692203174,0.8498166439592493,0.093
8,563,Morita,MID,HUL,5.0,0.0,i,0.0,Calf injury - Expected back 11 Oct,0.0,0.0,0.9342045222066034,0.17348723329835605,0.0,0.0,0.0,0.0,0.43588989435406733,0.0
8,572,Tzolakis,GK,HUL,4.6,9.6,a,,,1.0,90.0,0.9342045222066034,0.0,0.0,0.0002302631578947368,0.233631722656914,5.260820826482115,3.1615754886315806,1.144
8,574,Hjertø-Dahl,MID,HUL,4.9,0.1,a,,,0.0,0.0,0.9342045222066034,0.17348723329835605,0.0,0.0,0.0,0.35,0.8154753215150045,0.071
8,576,Stroud,MID,HUL,5.0,0.1,a,,,1.0,70.0,0.9342045222066034,0.16014206150617483,0.08093417323464318,0.07267726019128841,0.16254559726232956,3.509377797610848,2.674588352413969,0.702
8,585,Herrington,DEF,HUL,4.0,0.6,a,,,0.0,26.0,0.9342045222066034,0.2790328973444312,0.01179210137425811,0.010467986291184334,0.0,0.4521565671191016,0.9642873460602093,0.113
8,586,Mendy,DEF,HUL,4.1,7.9,a,100.0,,1.0,63.0,0.9342045222066034,0.33449190524101347,0.04686874185106984,0.02182475465218123,0.2678978788032764,6.23588503119667,3.4827279552643917,1.521
8,589,Gourna-Douath,MID,HUL,5.0,0.0,a,,,0.0,0.0,0.9342045222066034,0.17348723329835605,0.0,0.0,0.0,0.35,0.8154753215150045,0.07
8,617,Cho,MID,HUL,5.0,0.0,a,,,0.25,20.0,0.9342045222066034,0.17348723329835605,0.02876521453821892,0.024713512665188706,0.04441236189150684,1.2120501400029302,1.5733679014251183,0.242
8,632,Ansah,FWD,HUL,5.0,0.0,i,0.0,Back injury - Unknown return date,0.0,0.0,0.9342045222066034,0.0033112582781456954,0.0,0.0,0.0,0.0,0.43588989435406733,0.0
8,637,Vaz,FWD,HUL,5.0,0.0,a,,,0.25,20.0,0.9342045222066034,0.0033112582781456954,0.09551353341104425,0.01269933298746019,0.06596392919957621,1.1426392406140808,1.6565312425767946,0.229
8,638,Norton-Cuffy,DEF,HUL,4.0,0.3,a,,,0.25,20.0,0.9342045222066034,0.2790328973444312,0.009621262697070192,0.008540907410843082,0.06553913711790356,1.7912034012330333,1.8603800790497582,0.448
8,642,Thomas,MID,HUL,5.5,0.0,a,,,0.25,20.0,0.9342045222066034,0.17348723329835605,0.027279132533180924,0.025245080855039258,0.04403652207677679,1.205838594732562,1.566769965627039,0.219
8,645,Mouzakitis,MID,HUL,5.0,0.0,a,,,0.25,20.0,0.9342045222066034,0.17348723329835605,0.028122817044516416,0.025132385761208857,0.04432434915991941,1.210006759090891,1.5709072997919995,0.242
8,259,Diop,DEF,IPS,4.0,14.6,a,,,1.0,90.0,0.14081845563881112,0.20706641753015118,0.037201021235709966,0.010714518829083584,0.05197505293238053,2.101040252279316,2.0530909884232993,0.525
8,267,Lukić,MID,IPS,5.0,0.1,a,,,1.0,90.0,0.14081845563881112,0.16939489331934243,0.06036958199004083,0.06594674114731225,0.05829255866195469,2.5692202749493918,2.2899205257702917,0.514
8,300,Walton,GK,IPS,4.5,0.4,a,,,0.0,0.0,0.14081845563881112,0.0,0.0,0.0,0.0,0.35,0.8154753215150045,0.078
8,301,Palmer,GK,IPS,4.0,4.2,a,,,0.0,0.0,0.14081845563881112,0.0,0.0,0.0,0.0,0.35,0.8154753215150045,0.087
8,302,Button,GK,IPS,4.0,0.5,a,,,0.0,0.0,0.14081845563881112,0.0,0.0,0.0,0.0,0.35,0.8154753215150045,0.087
8,303,Kipré,DEF,IPS,4.0,0.5,a,,,0.0,0.0,0.14081845563881112,0.2790328973444312,0.0,0.0,0.0,0.35,0.8154753215150045,0.087
8,304,O'Shea,DEF,IPS,4.0,3.0,a,,,1.0,90.0,0.14081845563881112,0.33449190524101347,0.03268360893838272,0.033307080313634094,0.058301355147908664,2.3825026625525187,2.17321345304139,0.596
8,305,Davis,DEF,IPS,4.0,5.1,a,,,1.0,90.0,0.14081845563881112,0.25756882831793654,0.08974180799746337,0.12145829914796397,0.10912465141060235,2.8985903481342246,2.4588152654154003,0.725
8,306,Greaves,DEF,IPS,4.0,1.2,a,,,1.0,90.0,0.14081845563881112,0.25756882831793654,0.03637433187491641,0.015678678297665154,0.05342316747010633,2.2053451449075503,2.0996194337483742,0.551
8,307,Johnson,DEF,IPS,4.0,0.1,u,0.0,Has joined Stoke City on loan for the rest of the season,0.0,0.0,0.14081845563881112,0.2790328973444312,0.0,0.0,0.0,0.0,0.43588989435406733,0.0
8,308,Furlong,DEF,IPS,4.0,0.5,a,,,0.0,0.0,0.14081845563881112,0.2790328973444312,0.0,0.0,0.0,0.35,0.8154753215150045,0.087
8,309,Núñez,MID,IPS,5.0,0.1,a,,,1.0,79.0,0.14081845563881112,0.23706513842925175,0.09653608282824007,0.0949609064661788,0.09043824002937724,2.993754207466643,2.503467493528938,0.599
8,310,Matusiwa,MID,IPS,4.9,0.0,i,0.0,Muscular injury - Unknown return date,0.0,0.0,0.14081845563881112,0.17348723329835605,0.0,0.0,0.0,0.0,0.43588989435406733,0.0
8,311,Burns,MID,IPS,5.0,0.0,u,0.0,Has joined Leicester City permanently,0.0,0.0,0.14081845563881112,0.17348723329835605,0.0,0.0,0.0,0.0,0.43588989435406733,0.0
8,312,Taylor,MID,IPS,4.5,0.0,i,0.0,Knee injury - Unknown return date,0.0,0.0,0.14081845563881112,0.17348723329835605,0.0,0.0,0.0,0.0,0.43588989435406733,0.0
8,313,Clarke,MID,IPS,5.5,0.2,a,,,0.0,19.0,0.14081845563881112,0.17348723329835605,0.044483708651325525,0.019219802290068064,0.0,0.6300779501268318,1.2099794862512891,0.115
8,314,Ogbene,MID,IPS,4.9,0.0,u,0.0,Has joined Lincoln City on loan until January,0.0,0.0,0.14081845563881112,0.17348723329835605,0.0,0.0,0.0,0.0,0.43588989435406733,0.0
8,315,Fatawu,MID,IPS,5.5,0.2,a,,,1.0,65.0,0.14081845563881112,0.16014206150617483,0.051352061350588646,0.1503114869705906,0.1118111035964526,2.8137202436202355,2.377852146577238,0.512
8,316,Emersonn,FWD,IPS,5.5,1.7,a,100.0,,1.0,65.0,0.14081845563881112,0.003056546102903719,0.32448874912320463,0.03746052224263305,0.18948803091809477,3.1754486389681555,2.8249398062222,0.577
8,317,Hirst,FWD,IPS,5.0,0.1,u,0.0,Has joined Stoke City permanently,0.0,0.0,0.14081845563881112,0.0033112582781456954,0.0,0.0,0.0,0.0,0.43588989435406733,0.0
8,318,Philogene,MID,IPS,5.4,0.1,i,0.0,Ankle injury - Unknown return date,0.0,0.0,0.14081845563881112,0.17348723329835605,0.0,0.0,0.0,0.0,0.43588989435406733,0.0
8,319,Szmodics,MID,IPS,5.0,0.0,u,0.0,Has joined Derby County on loan for the rest of the season,0.0,0.0,0.14081845563881112,0.17348723329835605,0.0,0.0,0.0,0.0,0.43588989435406733,0.0
8,320,Akpom,FWD,IPS,5.0,1.2,a,,,0.0,24.0,0.14081845563881112,0.0033112582781456954,0.13179343946388147,0.014070860950105894,0.0,0.9193863407058436,1.5929829516113447,0.184
8,321,Walle Egeli,FWD,IPS,4.5,3.4,a,,,0.0,10.0,0.14081845563881112,0.0033112582781456954,0.047226135964349665,0.0062791146437997615,0.0,0.5577418877887979,1.1589074176071243,0.124
8,322,Al-Hamadi,FWD,IPS,5.0,0.1,u,0.0,Has joined Sheffield Wednesday on loan for the rest of the season,0.0,0.0,0.14081845563881112,0.0033112582781456954,0.0,0.0,0.0,0.0,0.43588989435406733,0.0
8,323,McAteer,MID,IPS,4.5,1.2,a,,,0.0,24.0,0.14081845563881112,0.17348723329835605,0.03001767454823847,0.021105364344035746,0.0,0.5634044657732996,1.1182908978699146,0.125
8,324,Mehmeti,MID,IPS,4.9,0.0,a,,,0.0,0.0,0.14081845563881112,0.17348723329835605,0.0,0.0,0.0,0.35,0.8154753215150045,0.071
8,554,Van Oevelen,GK,IPS,4.5,0.0,u,0.0,Has joined Valencia on loan for the rest of the season,0.0,0.0,0.14081845563881112,0.0,0.0,0.0,0.0,0.0,0.43588989435406733,0.0
8,562,Maeda,MID,IPS,5.4,0.3,a,,,1.0,79.0,0.14081845563881112,0.16014206150617483,0.14762469676763829,0.075447422055149,0.10302832332233426,3.0617084456850407,2.5890141419867536,0.567
8,564,Scherpen,GK,IPS,4.5,0.6,a,,,1.0,90.0,0.14081845563881112,0.0,0.0,0.0002302631578947368,0.03528520601496594,2.043256054292636,1.9703264965878138,0.454
8,571,Florentino,MID,IPS,4.9,0.1,a,100.0,,0.0,0.0,0.14081845563881112,0.4594813371308649,0.0,0.0,0.0,0.35,0.8154753215150045,0.071
8,591,Enciso,MID,IPS,5.5,0.9,a,100.0,,1.0,70.0,0.14081845563881112,0.16014206150617483,0.17573317222752302,0.10908165219086485,0.14224851655215565,3.3423737066214336,2.721196258255891,0.608
8,592,Ouattara,DEF,IPS,4.0,0.9,a,,,0.0,10.0,0.14081845563881112,0.2790328973444312,0.004739077335341782,0.004447675111871114,0.0,0.391777489347664,0.8790970900717464,0.098
8,602,Humphreys,MID,IPS,4.5,0.0,u,0.0,Has joined Huddersfield Town on loan for the rest of the season,0.0,0.0,0.14081845563881112,0.17348723329835605,0.0,0.0,0.0,0.0,0.43588989435406733,0.0
8,619,Palacios,MID,IPS,5.0,0.0,a,,,0.25,20.0,0.14081845563881112,0.17348723329835605,0.024841821722656168,0.0229780518668456,0.0223495366168366,0.9826851729448246,1.4199129406168196,0.197
8,640,Flemming,FWD,IPS,5.5,0.0,a,,,0.25,20.0,0.14081845563881112,0.0012417218543046358,0.08918241236105273,0.006354309476892909,0.041138045614661375,1.072501815542531,1.60400995124629,0.195
8,260,Wilson,MID,LEE,6.3,3.1,a,,,1.0,65.0,0.3259438667740968,0.07167085580419238,0.1408860589724751,0.08909209050957188,0.1440453360417863,3.117494634544761,2.6016448949597053,0.495
8,326,Perri,GK,LEE,4.5,0.4,u,0.0,Has joined Torino on loan for the rest of the season,0.0,0.0,0.3259438667740968,0.0,0.0,0.0,0.0,0.0,0.43588989435406733,0.0
8,327,Bijol,DEF,LEE,5.0,0.9,a,,,1.0,90.0,0.3259438667740968,0.4514233755333287,0.04628268526222158,0.029839390394653904,0.10812869317343063,3.7653371932132296,2.726139537638979,0.753
8,329,Rodon,DEF,LEE,4.4,1.5,i,0.0,Hamstring injury - Expected back 21 Nov,0.0,0.0,0.3259438667740968,0.2966309948474039,0.0,0.0,0.0,0.0,0.43588989435406733,0.0
8,330,Bogle,DEF,LEE,4.5,1.7,a,,,1.0,90.0,0.3259438667740968,0.12155442654848124,0.1376823955390994,0.07203474525949352,0.1548869659730317,3.8801209261364966,2.8632715786131673,0.862
8,331,Gudmundsson,DEF,LEE,4.5,0.1,a,100.0,,0.0,0.0,0.3259438667740968,0.13370986920332936,0.0,0.0,0.0,0.35,0.8154753215150045,0.078
8,332,Justin,DEF,LEE,4.5,1.5,a,,,1.0,90.0,0.3259438667740968,0.25298165964039926,0.060234795647555295,0.028870007779315122,0.11267264789292884,3.4855529051557235,2.6427181638762023,0.775
8,333,Bornauw,DEF,LEE,4.5,0.0,u,0.0,Has joined Hamburg SV on loan for the rest of the season,0.0,0.0,0.3259438667740968,0.2717746730083234,0.0,0.0,0.0,0.0,0.43588989435406733,0.0
8,334,Muharemović,DEF,LEE,5.0,3.6,a,,,1.0,90.0,0.3259438667740968,0.25756882831793654,0.040208558062006856,0.03070420195622441,0.10630543269990514,3.3729712373468055,2.578739362427109,0.675
8,335,Stach,MID,LEE,6.0,2.8,a,,,1.0,90.0,0.3259438667740968,0.3270461699895068,0.126504467243917,0.1479401851391116,0.1286500150114697,3.676626216861252,2.7829151290508087,0.613
8,336,Okafor,MID,LEE,5.9,0.3,a,,,0.0,24.0,0.3259438667740968,0.06939489331934243,0.060771233116667794,0.02373790745457171,0.0,0.7250698879470541,1.3199470390130845,0.123
8,337,Aaronson,MID,LEE,5.4,0.6,a,,,1.0,81.0,0.3259438667740968,0.12394748291659202,0.1211081040249392,0.09801127925152471,0.11780748017381232,3.1153135640517804,2.5779341333416603,0.577
8,338,Ampadu,MID,LEE,5.5,1.0,a,,,1.0,90.0,0.3259438667740968,0.46003847499125566,0.054769989677949577,0.06381623895111055,0.07409956669758072,3.2557373833567396,2.5523559638979636,0.592
8,339,Longstaff,MID,LEE,4.9,0.1,a,,,0.0,8.0,0.3259438667740968,0.19437365712287014,0.008732995182204113,0.00941636645687721,0.0,0.4219140752816522,0.924139986218735,0.086
8,341,Gnonto,MID,LEE,5.0,0.0,u,0.0,Has joined ACF Fiorentina on loan for the rest of the season,0.0,0.0,0.3259438667740968,0.14870334282716233,0.0,0.0,0.0,0.0,0.43588989435406733,0.0
8,342,Harrison,MID,LEE,5.0,0.0,u,0.0,Has joined New England Revolution permanently,0.0,0.0,0.3259438667740968,0.16014206150617483,0.0,0.0,0.0,0.0,0.43588989435406733,0.0
8,343,James,MID,LEE,5.0,0.1,a,,,0.0,0.0,0.3259438667740968,0.13878978663868485,0.0,0.0,0.0,0.35,0.8154753215150045,0.07
8,344,Gruev,MID,LEE,5.0,0.0,d,25.0,Knee injury - 25% chance of playing,0.0,0.0,0.3259438667740968,0.11853256921462588,0.0,0.0,0.0,0.0875,0.43588989435406733,0.017
8,345,Tanaka,MID,LEE,4.9,0.2,a,,,0.0,0.0,0.3259438667740968,0.21174361664917804,0.0,0.0,0.0,0.35,0.8154753215150045,0.071
8,346,Calvert-Lewin,FWD,LEE,6.0,23.0,a,,,1.0,90.0,0.3259438667740968,0.0009240720776220546,0.5916140648886031,0.035223303476999146,0.2519874656053705,4.295813928213605,3.4222406187960352,0.716
8,347,Nmecha,FWD,LEE,5.4,0.5,a,,,0.0,0.0,0.3259438667740968,0.001892147587511826,0.0,0.0,0.0,0.35,0.8154753215150045,0.065
8,348,Piroe,FWD,LEE,5.0,0.1,u,0.0,Has joined West Ham United on loan for the rest of the season,0.0,0.0,0.3259438667740968,0.003056546102903719,0.0,0.0,0.0,0.0,0.43588989435406733,0.0
8,349,Mateo Joseph,FWD,LEE,4.5,0.1,i,0.0,Knee injury - Unknown return date,0.0,0.0,0.3259438667740968,0.0033112582781456954,0.0,0.0,0.0,0.0,0.43588989435406733,0.0
8,385,Trafford,GK,LEE,5.0,5.4,a,,,1.0,90.0,0.3259438667740968,0.0,0.0,0.00012792397660818714,0.08153074008533708,2.8816266329307885,2.339891151863372,0.576
8,598,Elvedi,DEF,LEE,4.5,0.0,a,,,0.0,0.0,0.3259438667740968,0.2790328973444312,0.0,0.0,0.0,0.35,0.8154753215150045,0.078
8,603,Lienou,DEF,LEE,4.0,0.1,a,,,0.0,0.0,0.3259438667740968,0.2790328973444312,0.0,0.0,0.0,0.35,0.8154753215150045,0.087
8,604,Cresswell,MID,LEE,4.5,0.1,a,,,0.0,0.0,0.3259438667740968,0.17348723329835605,0.0,0.0,0.0,0.35,0.8154753215150045,0.078
8,625,Cairns,GK,LEE,4.0,0.2,a,,,0.25,20.0,0.3259438667740968,0.0,0.0,7.309941520467835e-05,0.020400274568117892,0.9830476030426388,1.3666713012941385,0.246
8,629,Zetterer,GK,LEE,4.0,0.5,a,,,0.25,20.0,0.3259438667740968,0.0,0.0,7.309941520467835e-05,0.020400274568117892,0.9830476030426388,1.3666713012941385,0.246
8,641,Bard,DEF,LEE,4.5,0.0,a,,,0.25,20.0,0.3259438667740968,0.2790328973444312,0.009907478749843447,0.008794984748007748,0.027735586675659958,1.1192643477724782,1.4785287055944396,0.249
8,648,Bahoya,MID,LEE,5.0,0.0,a,,,0.25,20.0,0.3259438667740968,0.17348723329835605,0.028122817044516416,0.025132385761208857,0.029117832774106747,1.0549002919556016,1.4741259976619168,0.211
8,350,A.Becker,GK,LIV,5.5,3.9,a,,,1.0,90.0,0.25605582125600473,0.0,0.0,0.002754552363354592,0.06497804864117529,2.587387728348198,2.217213720835584,0.47
8,351,Mamardashvili,GK,LIV,4.9,0.1,a,,,0.0,0.0,0.25605582125600473,0.0,0.0,0.0,0.0,0.35,0.8154753215150045,0.071
8,352,Woodman,GK,LIV,4.0,1.1,a,,,0.0,0.0,0.25605582125600473,0.0,0.0,0.0,0.0,0.35,0.8154753215150045,0.087
8,353,Pecsi,GK,LIV,4.0,0.0,u,0.0,Has joined TSV Hartberg on loan for the rest of the season,0.0,0.0,0.25605582125600473,0.0,0.0,0.0,0.0,0.0,0.43588989435406733,0.0
8,354,Jaros,GK,LIV,4.0,0.0,i,0.0,Knee injury - Unknown return date,0.0,0.0,0.25605582125600473,0.0,0.0,0.0,0.0,0.0,0.43588989435406733,0.0
8,355,Davies,GK,LIV,4.0,0.2,a,,,0.0,0.0,0.25605582125600473,0.0,0.0,0.0,0.0,0.35,0.8154753215150045,0.087
8,356,Virgil,DEF,LIV,6.5,17.2,a,,,1.0,90.0,0.25605582125600473,0.39898813270849365,0.07836303487887541,0.02890651262226402,0.10155829693939998,3.4931644149004355,2.665931469033681,0.537
8,357,Frimpong,DEF,LIV,5.4,2.4,a,,,1.0,90.0,0.25605582125600473,0.1455823812231815,0.03787491146096896,0.09794308340447565,0.11155025351690678,3.001070760584164,2.435012097275027,0.556
8,358,Kerkez,DEF,LIV,5.4,2.8,a,,,1.0,90.0,0.25605582125600473,0.12078874355925485,0.02778849297930934,0.042786409488628496,0.08871517117777943,2.706626852305913,2.304196601259773,0.501
8,359,Gomez,DEF,LIV,5.0,0.0,i,0.0,Muscular injury - Unknown return date,0.0,0.0,0.25605582125600473,0.19696439812548086,0.0,0.0,0.0,0.0,0.43588989435406733,0.0
8,360,Bradley,DEF,LIV,5.0,0.0,i,0.0,Knee injury - Unknown return date,0.0,0.0,0.25605582125600473,0.20706641753015118,0.0,0.0,0.0,0.0,0.43588989435406733,0.0
8,361,Lucky,DEF,LIV,4.0,0.1,a,,,0.0,0.0,0.25605582125600473,0.2790328973444312,0.0,0.0,0.0,0.35,0.8154753215150045,0.087
8,362,Jacquet,DEF,LIV,5.0,2.7,a,100.0,,1.0,69.0,0.25605582125600473,0.25756882831793654,0.025255814579809258,0.0304272893608705,0.08943450276518107,2.906748109069014,2.3820907402342972,0.581
8,363,Leoni,DEF,LIV,4.0,0.0,i,0.0,Knee injury - Unknown return date,0.0,0.0,0.25605582125600473,0.2790328973444312,0.0,0.0,0.0,0.0,0.43588989435406733,0.0
8,364,Tsimikas,DEF,LIV,4.9,0.1,a,,,0.0,0.0,0.25605582125600473,0.2790328973444312,0.0,0.0,0.0,0.35,0.8154753215150045,0.071
8,365,Ramsay,DEF,LIV,4.0,0.1,u,0.0,Has joined St Mirren on loan for the rest of the season,0.0,0.0,0.25605582125600473,0.2790328973444312,0.0,0.0,0.0,0.0,0.43588989435406733,0.0
8,366,Wirtz,MID,LIV,7.4,8.1,a,,,1.0,62.0,0.25605582125600473,0.07704616998950682,0.16609574261794796,0.1119561881372469,0.16687390178348172,3.2805574876211785,2.6887978135568185,0.443
8,367,Gakpo,MID,LIV,7.2,13.6,d,75.0,Thigh injury - 75% chance of playing,0.5,45.0,0.25605582125600473,0.0927692454450062,0.12053055261132266,0.11696777873052142,0.09592720703244564,2.125116689867791,2.1819498221583236,0.295
8,368,Szoboszlai,MID,LIV,7.0,38.4,a,,,1.0,90.0,0.25605582125600473,0.24656830203225047,0.3429873671413332,0.21860971329773887,0.22216456027927567,4.852187567174025,3.3581364743676883,0.693
8,369,Ngumoha,MID,LIV,5.8,0.6,a,,,1.0,62.0,0.25605582125600473,0.11565815553223738,0.1141182247714758,0.1494657443375793,0.15952324385036232,3.19689396245532,2.5997707355253388,0.551
8,370,Chiesa,MID,LIV,5.4,0.1,i,0.0,Back injury - Unknown return date,0.0,0.0,0.25605582125600473,0.16014206150617483,0.0,0.0,0.0,0.0,0.43588989435406733,0.0
8,371,Gravenberch,MID,LIV,5.9,1.4,a,,,1.0,77.0,0.25605582125600473,0.19743145216478855,0.04147222671590036,0.068422971978352,0.07056270886415826,2.652037985917451,2.2995011488448007,0.449
8,372,Mac Allister,MID,LIV,5.4,1.4,a,,,0.0,27.0,0.25605582125600473,0.14833772681903104,0.030331498276548796,0.04180216686855194,0.0,0.6270639919883998,1.1719260106496707,0.116
8,373,C.Jones,MID,LIV,5.5,0.0,u,0.0,Has joined Internazionale permanently,0.0,0.0,0.25605582125600473,0.20272822665267576,0.0,0.0,0.0,0.0,0.43588989435406733,0.0
8,374,Endo,MID,LIV,5.0,0.1,a,100.0,,0.0,0.0,0.25605582125600473,0.16014206150617483,0.0,0.0,0.0,0.35,0.8154753215150045,0.07
8,375,Nyoni,MID,LIV,4.9,0.0,a,,,0.0,0.0,0.25605582125600473,0.17348723329835605,0.0,0.0,0.0,0.35,0.8154753215150045,0.071
8,376,Bajcetic,MID,LIV,5.0,0.0,u,0.0,Has joined Celta Vigo permanently,0.0,0.0,0.25605582125600473,0.17348723329835605,0.0,0.0,0.0,0.0,0.43588989435406733,0.0
8,377,Munoz,MID,LIV,6.5,1.2,a,,,0.0,27.0,0.25605582125600473,0.17348723329835605,0.04297264240807774,0.03434297662210557,0.0,0.6678921419067054,1.2356500006357816,0.103
8,378,McConnell,MID,LIV,4.5,0.2,a,,,0.0,0.0,0.25605582125600473,0.17348723329835605,0.0,0.0,0.0,0.35,0.8154753215150045,0.078
8,379,Isak,FWD,LIV,9.1,21.9,a,,,1.0,90.0,0.25605582125600473,0.001892147587511826,0.6516006870232897,0.07200476396430369,0.27886748997125815,4.674766081518349,3.5765429784953797,0.514
8,380,Ekitiké,FWD,LIV,7.4,0.1,i,0.0,Achilles injury - Unknown return date,0.0,0.0,0.25605582125600473,0.001281777397991882,0.0,0.0,0.0,0.0,0.43588989435406733,0.0
8,381,Koumas,MID,LIV,5.0,0.0,a,,,0.0,12.0,0.25605582125600473,0.17348723329835605,0.01703440359010182,0.014861617446794838,0.0,0.4797568702908936,1.0068487846212602,0.096
8,382,Danns,FWD,LIV,4.5,0.1,a,100.0,,0.0,0.0,0.25605582125600473,0.0033112582781456954,0.0,0.0,0.0,0.35,0.8154753215150045,0.078
8,383,Elliott,MID,LIV,5.4,0.0,u,0.0,Has joined Valencia on loan for the rest of the season,0.0,0.0,0.25605582125600473,0.17348723329835605,0.0,0.0,0.0,0.0,0.43588989435406733,0.0
8,579,Araujo,DEF,LIV,5.4,2.4,a,,,0.0,20.0,0.25605582125600473,0.2790328973444312,0.008553456654031509,0.008807818313928172,0.0,0.42774419486597354,0.9295346740006737,0.079
8,627,Barcola,MID,LIV,8.0,1.9,a,,,0.25,20.0,0.25605582125600473,0.17348723329835605,0.027310380107674833,0.025947079802181344,0.02737152037090599,1.0354616265219492,1.4598764917066622,0.129
8,155,Enzo,MID,MCI,6.9,3.2,a,,,0.0,25.0,0.32750844519944616,0.08684780424638879,0.06559521671875286,0.05160375554403703,0.0,0.8327873502258754,1.4056554576928446,0.121
8,237,Ndiaye,MID,MCI,5.9,9.5,a,,,1.0,90.0,0.32750844519944616,0.2018188177684505,0.1783785395994348,0.11533728388810874,0.13555138274058487,3.616110326679525,2.8179568588407644,0.613
8,384,Donnarumma,GK,MCI,5.5,7.6,a,,,1.0,90.0,0.32750844519944616,0.0,0.0,0.0023628542510121457,0.08270411028771579,2.8957761455066042,2.345628844566537,0.527
8,386,Bettinelli,GK,MCI,4.5,0.0,a,,,0.0,0.0,0.32750844519944616,0.0,0.0,0.0,0.0,0.35,0.8154753215150045,0.078
8,387,O'Reilly,DEF,MCI,6.4,14.0,a,100.0,,1.0,62.0,0.32750844519944616,0.10605840897885792,0.11459944095633676,0.0805172755950504,0.1810089914832276,3.7724050684101686,2.802706955019975,0.589
8,388,Guéhi,DEF,MCI,6.0,18.5,a,,,1.0,90.0,0.32750844519944616,0.2989248910027745,0.1481174126937833,0.08231084109930936,0.16252700012744398,4.3152859309158496,3.0145891502662203,0.719
8,389,Matheus N.,DEF,MCI,5.9,1.0,a,100.0,,0.0,33.0,0.32750844519944616,0.17496178019364703,0.010676986922865742,0.038163356408590005,0.0,0.5285519907629644,1.0335911686865493,0.09
8,390,Rúben,DEF,MCI,5.5,1.8,a,,,1.0,90.0,0.32750844519944616,0.231899854670366,0.03925398335280014,0.10155761442575154,0.13116117052235463,3.565153778392555,2.647511299137863,0.648
8,391,Gvardiol,DEF,MCI,5.6,20.0,a,,,1.0,90.0,0.32750844519944616,0.23512573215308055,0.10938100089939577,0.0596677649836769,0.14104417935893698,3.8760649587506815,2.8321033574046464,0.692
8,392,Aït-Nouri,DEF,MCI,5.3,0.5,a,,,0.0,0.0,0.32750844519944616,0.19765430764241704,0.0,0.0,0.0,0.35,0.8154753215150045,0.066
8,393,Khusanov,DEF,MCI,5.5,1.6,a,,,1.0,90.0,0.32750844519944616,0.30919980622715465,0.023711107051377057,0.0457313825772644,0.10618198266988604,3.4216705480505776,2.5774872809781932,0.622
8,394,Alleyne,DEF,MCI,5.0,0.0,u,0.0,Has joined Burnley on loan for the rest of the season,0.0,0.0,0.32750844519944616,0.33449190524101347,0.0,0.0,0.0,0.0,0.43588989435406733,0.0
8,395,Lewis,DEF,MCI,4.5,0.2,a,,,0.0,56.0,0.32750844519944616,0.20927467300832342,0.043679023650859405,0.05097144399027276,0.0,0.7649884738759747,1.3097909154783096,0.17
8,396,Vitor Reis,DEF,MCI,4.5,0.0,a,,,0.0,0.0,0.32750844519944616,0.2790328973444312,0.0,0.0,0.0,0.35,0.8154753215150045,0.078
8,397,Semenyo,MID,MCI,8.4,17.2,a,,,1.0,90.0,0.32750844519944616,0.10587180832458902,0.21331437436669606,0.16761692306137094,0.16607679861976804,3.801611336538096,2.9159814446636245,0.453
8,398,Foden,MID,MCI,7.0,4.4,a,,,1.0,81.0,0.32750844519944616,0.14519562284515064,0.31894266961692896,0.235266834664421,0.24827676285158068,4.687258330548056,3.2892927576825506,0.67
8,399,Cherki,MID,MCI,7.8,29.8,a,,,0.0,27.0,0.32750844519944616,0.1457802428421526,0.0649444716745441,0.15425730291168452,0.0,1.137494267107774,1.5971555771283006,0.146
8,400,Doku,MID,MCI,7.4,0.8,i,0.0,Calf injury - Expected back 20 Sep,0.0,0.0,0.32750844519944616,0.06939489331934243,0.0,0.0,0.0,0.0,0.43588989435406733,0.0
8,402,Rodrigo,MID,MCI,6.5,0.0,u,0.0,Has joined Barcelona permanently,0.0,0.0,0.32750844519944616,0.3600659571278669,0.0,0.0,0.0,0.0,0.43588989435406733,0.0
8,404,Reijnders,MID,MCI,6.0,0.0,u,0.0,Has joined Al Qadsiah permanently,0.0,0.0,0.32750844519944616,0.10627057929587147,0.0,0.0,0.0,0.0,0.43588989435406733,0.0
8,406,Kovačić,MID,MCI,5.4,0.1,a,,,0.0,27.0,0.32750844519944616,0.17348723329835605,0.024845406100155898,0.03956022434583031,0.0,0.5929077035382704,1.1294233366296489,0.11
8,407,Echeverri,MID,MCI,4.9,0.0,u,0.0,Has joined Benfica on loan for the rest of the season,0.0,0.0,0.32750844519944616,0.17348723329835605,0.0,0.0,0.0,0.0,0.43588989435406733,0.0
8,408,Phillips,MID,MCI,5.0,0.0,u,0.0,Has joined Sheffield United on loan for the rest of the season,0.0,0.0,0.32750844519944616,0.17348723329835605,0.0,0.0,0.0,0.0,0.43588989435406733,0.0
8,409,Mukasa,MID,MCI,4.5,0.1,u,0.0,has joined West Ham on loan for the rest of the seaon.,0.0,0.0,0.32750844519944616,0.17348723329835605,0.0,0.0,0.0,0.0,0.43588989435406733,0.0
8,410,Monga,MID,MCI,4.9,0.0,u,0.0,Has joined Swansea City on loan for the rest of the season,0.0,0.0,0.32750844519944616,0.17348723329835605,0.0,0.0,0.0,0.0,0.43588989435406733,0.0
8,411,Haaland,FWD,MCI,15.5,71.3,a,,,1.0,90.0,0.32750844519944616,0.0008638065073423554,0.8544851659244428,0.10226751987452759,0.3676142845495842,5.663946911844448,3.986026859925947,0.365
8,481,Anderson,MID,MCI,6.3,4.5,a,100.0,,1.0,62.0,0.32750844519944616,0.5616369359916055,0.04497855738145518,0.10717998072373847,0.11005719855726075,3.5612096594437967,2.652577934242827,0.565
8,587,Rulli,GK,MCI,5.0,0.0,a,,,0.0,0.0,0.32750844519944616,0.0,0.0,0.0,0.0,0.35,0.8154753215150045,0.07
8,616,Bouaddi,MID,MCI,5.5,0.2,a,,,0.25,20.0,0.32750844519944616,0.17348723329835605,0.027435370405650458,0.02717976694877437,0.02969242146329093,1.0585396440509829,1.4750720477762334,0.192
8,621,McAidoo,MID,MCI,4.5,0.1,a,,,0.25,20.0,0.32750844519944616,0.17348723329835605,0.030006254218910594,0.02482521215746075,0.029777601015682373,1.0644155782957339,1.4840576552396332,0.237
8,622,Braithwaite,DEF,MCI,4.0,0.2,a,,,0.25,20.0,0.32750844519944616,0.2790328973444312,0.009896470440121399,0.008785212542732184,0.027825190499463984,1.121189816517495,1.479743043242295,0.28
8,628,Allan,MID,MCI,6.0,0.0,a,,,0.25,20.0,0.32750844519944616,0.17348723329835605,0.028122817044516416,0.025132385761208857,0.02915694723474048,1.0552992594540656,1.4743830897123795,0.176
8,653,Samba,MID,MCI,4.5,0.0,a,,,0.25,20.0,0.32750844519944616,0.17348723329835605,0.028122817044516416,0.025132385761208857,0.02915694723474048,1.0552992594540656,1.4743830897123795,0.235
8,43,Tielemans,MID,MUN,5.9,1.7,a,100.0,,1.0,66.0,0.244846250678827,0.12369232726000827,0.08580706815984494,0.10689304862203645,0.11645513535014429,2.889022054798414,2.4503029023114786,0.49
8,131,Baleba,MID,MUN,5.0,0.1,i,0.0,Ankle injury - Expected back 19 Sep,0.0,0.0,0.244846250678827,0.22525358516963973,0.0,0.0,0.0,0.0,0.43588989435406733,0.0
8,162,Andrey Santos,MID,MUN,4.9,0.7,a,,,1.0,66.0,0.244846250678827,0.17007694998251136,0.09306464319287985,0.06846757826821617,0.10157954894704216,2.8805056383084318,2.455880406685818,0.588
8,325,Darlow,GK,MUN,4.5,0.0,a,100.0,,0.0,0.0,0.244846250678827,0.0,0.0,0.0,0.0,0.35,0.8154753215150045,0.078
8,412,Lammens,GK,MUN,5.0,11.9,a,,,1.0,90.0,0.244846250678827,0.0,0.0,3.1116642958748205e-05,0.06122245349474231,2.528504691147505,2.1918391622517057,0.506
8,413,Bayindir,GK,MUN,4.5,0.0,u,0.0,Has joined Celta Vigo on loan for the rest of the season,0.0,0.0,0.244846250678827,0.0,0.0,0.0,0.0,0.0,0.43588989435406733,0.0
8,414,Heaton,GK,MUN,4.0,0.1,i,0.0,Hamstring injury - Unknown return date,0.0,0.0,0.244846250678827,0.0,0.0,0.0,0.0,0.0,0.43588989435406733,0.0
8,415,Dorgu,MID,MUN,5.8,0.6,a,,,0.0,45.0,0.244846250678827,0.08007103075308741,0.08467087530016183,0.058036078950410984,0.0,0.9474626133520421,1.5192775313187024,0.163
8,416,De Ligt,DEF,MUN,5.0,0.0,i,0.0,Back injury - Unknown return date,0.0,0.0,0.244846250678827,0.293935790725327,0.0,0.0,0.0,0.0,0.43588989435406733,0.0
8,417,Dalot,DEF,MUN,4.9,1.9,a,,,0.0,10.0,0.244846250678827,0.15870986920332936,0.007557803916716183,0.008543955234668865,0.0,0.4209786892043037,0.9193510390424726,0.086
8,418,Maguire,DEF,MUN,4.9,11.7,a,,,1.0,90.0,0.244846250678827,0.35463733650416174,0.057756844448805994,0.05751088074813013,0.10155526648863439,3.3131945789240023,2.577132275737596,0.676
8,419,Martinez,DEF,MUN,5.0,1.2,a,100.0,,0.0,0.0,0.244846250678827,0.30618311533888226,0.0,0.0,0.0,0.35,0.8154753215150045,0.07
8,420,Yoro,DEF,MUN,4.9,0.5,a,,,0.0,0.0,0.244846250678827,0.21891016441838534,0.0,0.0,0.0,0.35,0.8154753215150045,0.071
8,421,Heaven,DEF,MUN,4.4,0.3,a,,,1.0,90.0,0.244846250678827,0.3629736855710076,0.04794306694060409,0.024415113517377598,0.08653692583000035,3.1553451538068957,2.5065542471442197,0.717
8,422,Mazraoui,DEF,MUN,4.4,0.6,a,,,1.0,79.0,0.244846250678827,0.18906064209274673,0.03715692645920824,0.045654274133457344,0.0942312186022253,2.8420400855389847,2.3712481357460926,0.646
8,423,Shaw,DEF,MUN,4.4,13.3,a,,,1.0,90.0,0.244846250678827,0.16696789536266352,0.018498482076013883,0.09796550990104463,0.10197395986167723,2.8541152138186794,2.352405109395823,0.649
8,424,Amass,DEF,MUN,4.0,0.2,a,,,0.0,0.0,0.244846250678827,0.2790328973444312,0.0,0.0,0.0,0.35,0.8154753215150045,0.087
8,425,Fredricson,DEF,MUN,4.0,0.0,u,0.0,Has joined Lausanne-Sport permanently,0.0,0.0,0.244846250678827,0.2790328973444312,0.0,0.0,0.0,0.0,0.43588989435406733,0.0
8,426,B.Fernandes,MID,MUN,12.0,44.6,a,,,1.0,90.0,0.244846250678827,0.15067759148043133,0.5309436762340174,0.3259484846765394,0.3243968813865776,6.029466035534797,3.8264405816529043,0.502
8,427,Mbeumo,MID,MUN,7.9,24.7,a,,,1.0,90.0,0.244846250678827,0.04731469999046074,0.47549723489200146,0.1919337796195975,0.2580854801469423,5.093690592072711,3.539914622457745,0.645
8,428,Cunha,MID,MUN,7.9,6.8,a,,,1.0,79.0,0.244846250678827,0.07516699511171397,0.2155103969895996,0.133707969452026,0.16372992307941697,3.5759716380135673,2.8438369317109893,0.453
8,429,Rashford,MID,MUN,7.0,1.6,a,,,0.0,45.0,0.244846250678827,0.17348723329835605,0.11343141216386744,0.08649484632352131,0.0,1.1766415997899011,1.707690695818191,0.168
8,430,Mount,MID,MUN,5.4,0.0,a,100.0,,0.0,0.0,0.244846250678827,0.1855384908900124,0.0,0.0,0.0,0.35,0.8154753215150045,0.065
8,431,Amad,MID,MUN,5.8,0.4,i,0.0,Unspecified injury - Unknown return date,0.0,0.0,0.244846250678827,0.05948133713086493,0.0,0.0,0.0,0.0,0.43588989435406733,0.0
8,432,Mainoo,MID,MUN,5.5,1.3,a,,,0.0,23.0,0.244846250678827,0.2886373856992955,0.014770644832865953,0.02655170060092481,0.0,0.5035083259671042,1.0223940963907674,0.092
8,433,Ugarte,MID,MUN,5.0,0.0,i,0.0,Knee injury - Unknown return date,0.0,0.0,0.244846250678827,0.30409233997901364,0.0,0.0,0.0,0.0,0.43588989435406733,0.0
8,434,J.Fletcher,MID,MUN,4.9,0.0,a,,,0.0,0.0,0.244846250678827,0.17348723329835605,0.0,0.0,0.0,0.35,0.8154753215150045,0.071
8,435,Lacey,MID,MUN,4.9,0.1,a,,,0.0,10.0,0.244846250678827,0.17348723329835605,0.014788195267946514,0.011613968817873185,0.0,0.4587828827933521,0.9800084943075994,0.094
8,436,Collyer,MID,MUN,5.0,0.0,u,0.0,Has joined West Brom permanently,0.0,0.0,0.244846250678827,0.17348723329835605,0.0,0.0,0.0,0.0,0.43588989435406733,0.0
8,437,Bendito Mantato,MID,MUN,4.5,0.2,a,,,0.0,0.0,0.244846250678827,0.17348723329835605,0.0,0.0,0.0,0.35,0.8154753215150045,0.078
8,438,Fletcher,MID,MUN,4.5,0.3,a,,,0.0,0.0,0.244846250678827,0.17348723329835605,0.0,0.0,0.0,0.35,0.8154753215150045,0.078
8,439,Šeško,FWD,MUN,7.0,1.7,a,100.0,,0.0,23.0,0.244846250678827,0.0015282730514518594,0.12663584916530518,0.006188318521519716,0.0,0.8751083522257799,1.556444976290782,0.125
8,440,Zirkzee,FWD,MUN,5.4,0.4,a,,,0.0,0.0,0.244846250678827,0.0024834437086092716,0.0,0.0,0.0,0.35,0.8154753215150045,0.065
8,441,Obi,FWD,MUN,4.5,1.2,a,,,0.0,0.0,0.244846250678827,0.0033112582781456954,0.0,0.0,0.0,0.35,0.8154753215150045,0.078
8,405,N.Gonzalez,MID,NEW,5.5,0.3,a,,,0.0,0.0,0.2732563845327068,0.3131671310200094,0.0,0.0,0.0,0.35,0.8154753215150045,0.064
8,442,Pope,GK,NEW,4.9,1.0,a,,,0.0,0.0,0.2732563845327068,0.0,0.0,0.0,0.0,0.35,0.8154753215150045,0.071
8,443,Gillespie,GK,NEW,4.5,0.0,a,,,0.0,0.0,0.2732563845327068,0.0,0.0,0.0,0.0,0.35,0.8154753215150045,0.078
8,444,Jaouen,GK,NEW,4.5,0.0,d,50.0,Ankle injury - 50% chance of playing,0.0,0.0,0.2732563845327068,0.0,0.0,0.0,0.0,0.175,0.5766281297335397,0.039
8,445,Thiaw,DEF,NEW,5.0,2.1,a,,,1.0,90.0,0.2732563845327068,0.36329766151407056,0.09271721392555025,0.02737324666870817,0.11034575734116714,3.60890164978959,2.722722244033262,0.722
8,446,Schär,DEF,NEW,5.0,0.2,a,100.0,,0.0,1.0,0.2732563845327068,0.40645194644057286,0.001146002465209472,0.0004036384428526118,0.0,0.35808693011981463,0.829000109782203,0.072
8,447,Botman,DEF,NEW,5.0,0.7,a,,,1.0,90.0,0.2732563845327068,0.46510287176161136,0.0594227934450679,0.04786160640960718,0.10586363608231297,3.6534396717260127,2.701494426599809,0.731
8,448,Burn,DEF,NEW,4.9,0.9,i,0.0,Ankle injury - Expected back 14 Sep,0.0,0.0,0.2732563845327068,0.3707887435592549,0.0,0.0,0.0,0.0,0.43588989435406733,0.0
8,449,Hall,DEF,NEW,5.1,12.6,a,,,1.0,90.0,0.2732563845327068,0.2596776324481438,0.02478576112717103,0.17826865639528394,0.13938314226603593,3.492375693622605,2.6046551373734634,0.685
8,450,Livramento,DEF,NEW,4.9,0.1,a,100.0,,0.0,0.0,0.2732563845327068,0.16724595262050673,0.0,0.0,0.0,0.35,0.8154753215150045,0.071
8,451,A.Murphy,DEF,NEW,4.0,0.1,u,0.0,Has joined FC Kaiserslautern on loan for the rest of the season,0.0,0.0,0.2732563845327068,0.2790328973444312,0.0,0.0,0.0,0.0,0.43588989435406733,0.0
8,453,Barnes,MID,NEW,6.0,2.2,a,,,1.0,90.0,0.2732563845327068,0.06715634837355719,0.23251051197506675,0.12275552370786438,0.15166875094229657,3.6274514367186583,2.8787533415726765,0.605
8,454,Elanga,MID,NEW,6.1,11.1,a,,,1.0,75.0,0.2732563845327068,0.08674361664917803,0.12731540215354448,0.1252309274558806,0.13339509688922918,3.126669018429171,2.5893171972426807,0.513
8,456,J.Ramsey,MID,NEW,4.9,0.4,a,,,0.0,34.0,0.2732563845327068,0.16327387198321092,0.03701113095632695,0.043638555465002345,0.0,0.6659713211766418,1.2195951360896702,0.136
8,457,J.Murphy,MID,NEW,5.9,0.1,a,,,0.0,14.0,0.2732563845327068,0.07178782067518182,0.029255657442884206,0.03164767808593199,0.0,0.591221321472217,1.1396729598681006,0.1
8,458,Joelinton,MID,NEW,5.4,0.0,i,0.0,Unspecified injury - Unknown return date,0.0,0.0,0.2732563845327068,0.3150577124868835,0.0,0.0,0.0,0.0,0.43588989435406733,0.0
8,459,L.Miley,MID,NEW,5.5,0.1,a,100.0,,1.0,75.0,0.2732563845327068,0.2886373856992955,0.06816824001495538,0.08032154544537552,0.08969134834660965,3.0239858482143065,2.4808431130760598,0.55
8,460,Willock,MID,NEW,5.0,0.5,a,,,0.0,34.0,0.2732563845327068,0.10409233997901364,0.05901028116516989,0.03626858088524463,0.0,0.7538571484815833,1.3365591154550656,0.151
8,461,Touré,MID,NEW,5.8,0.1,a,,,0.0,0.0,0.2732563845327068,0.17348723329835605,0.0,0.0,0.0,0.35,0.8154753215150045,0.06
8,462,Steur,MID,NEW,4.9,0.1,a,,,0.0,55.0,0.2732563845327068,0.17348723329835605,0.06986176467475287,0.06243303496180301,0.0,0.8866079282591733,1.4504225769550563,0.181
8,463,Woltemade,FWD,NEW,5.9,0.7,u,0.0,Has joined Juventus on loan for the rest of the season,0.0,0.0,0.2732563845327068,0.0012040939193257074,0.0,0.0,0.0,0.0,0.43588989435406733,0.0
8,464,Wissa,FWD,NEW,6.2,17.4,a,,,1.0,90.0,0.2732563845327068,0.002337358784573432,0.5284279790796628,0.05552851491839529,0.231710411352591,4.086308612590044,3.3067437515475944,0.659
8,465,Osula,FWD,NEW,5.9,0.4,i,0.0,Foot injury - Unknown return date,0.0,0.0,0.2732563845327068,0.001986754966887417,0.0,0.0,0.0,0.0,0.43588989435406733,0.0
8,466,Neave,FWD,NEW,4.5,0.7,u,0.0,Has joined Wolves on loan for the rest of the season,0.0,0.0,0.2732563845327068,0.0033112582781456954,0.0,0.0,0.0,0.0,0.43588989435406733,0.0
8,559,Bamba,MID,NEW,4.9,0.1,a,,,0.0,14.0,0.2732563845327068,0.17348723329835605,0.019379745701121203,0.017319006276779705,0.0,0.49885574733594507,1.0315543583083844,0.102
8,567,Horníček,GK,NEW,5.0,1.3,a,,,1.0,90.0,0.2732563845327068,0.0,0.0,0.0002302631578947368,0.06839468823843986,2.654599563814313,2.2458270572880705,0.531
8,593,Dedić,DEF,NEW,4.5,3.3,d,75.0,Hamstring injury - 75% chance of playing,0.5,45.0,0.2732563845327068,0.25756882831793654,0.023104279031003427,0.018352100978112205,0.04866678106977882,1.662644666094191,1.81594342967092,0.369
8,609,Shahar,DEF,NEW,4.0,0.3,a,,,0.0,0.0,0.2732563845327068,0.2790328973444312,0.0,0.0,0.0,0.35,0.8154753215150045,0.087
8,634,Fernandez-Pardo,FWD,NEW,6.0,0.1,a,,,0.25,20.0,0.2732563845327068,0.0033112582781456954,0.09264812740871292,0.012318352997836386,0.04816196127339646,1.1122327087097046,1.63374750527758,0.185
8,167,Delap,FWD,NFO,5.5,0.8,a,,,0.0,0.0,0.38359099186315043,0.001806140878988561,0.0,0.0,0.0,0.35,0.8154753215150045,0.064
8,201,Muñoz,DEF,NFO,5.4,5.8,a,,,0.0,54.0,0.38359099186315043,0.2723261781087678,0.07694475574291526,0.061684725881832894,0.0,0.9967227121029902,1.534744828123937,0.185
8,467,Sels,GK,NFO,5.0,1.4,a,,,1.0,90.0,0.38359099186315043,0.0,0.0,0.0030998345450592973,0.09698269005655837,3.134196065996271,2.440281238995398,0.627
8,468,John,GK,NFO,4.5,0.1,a,,,0.0,0.0,0.38359099186315043,0.0,0.0,0.0,0.0,0.35,0.8154753215150045,0.078
8,469,N.Williams,DEF,NFO,5.0,8.2,a,,,1.0,90.0,0.38359099186315043,0.15634882485389734,0.05765676191762588,0.08161847314217288,0.14464408023671718,3.7601350107596416,2.7368224443593476,0.752
8,470,Morato,DEF,NFO,5.0,0.0,u,0.0,Has joined West Ham on loan for the rest of the season,0.0,0.0,0.38359099186315043,0.3980151833897375,0.0,0.0,0.0,0.0,0.43588989435406733,0.0
8,471,Milenković,DEF,NFO,5.5,1.6,a,,,1.0,90.0,0.38359099186315043,0.3269678953626635,0.0569313558529564,0.017157496978378893,0.12182884645675496,3.853523501836411,2.7682634969610316,0.701
8,472,Murillo,DEF,NFO,5.5,1.6,a,100.0,,1.0,90.0,0.38359099186315043,0.3707887435592549,0.06237258604168231,0.046787080373783624,0.13410363121120067,4.067964778591154,2.846641634553476,0.74
8,473,Aina,DEF,NFO,4.5,2.7,a,,,1.0,73.0,0.38359099186315043,0.17252886348816693,0.01781479284524066,0.0790698574993585,0.13770413818297766,3.5362686784302046,2.6126230585541483,0.786
8,474,Jair Cunha,DEF,NFO,4.5,0.2,a,,,1.0,90.0,0.38359099186315043,0.25578792753724555,0.035213538514422285,0.016853621245125502,0.11412125388162933,3.583626237231551,2.6495605450388333,0.796
8,475,Savona,DEF,NFO,4.5,0.0,i,0.0,Knee injury - Unknown return date,0.0,0.0,0.38359099186315043,0.15219976218787157,0.0,0.0,0.0,0.0,0.43588989435406733,0.0
8,476,O.Richards,DEF,NFO,4.0,0.2,a,,,0.0,0.0,0.38359099186315043,0.2790328973444312,0.0,0.0,0.0,0.35,0.8154753215150045,0.087
8,477,Abbott,DEF,NFO,4.0,0.2,u,0.0,Has joined Southampton on loan for the rest of the season,0.0,0.0,0.38359099186315043,0.25756882831793654,0.0,0.0,0.0,0.0,0.43588989435406733,0.0
8,478,Netz,DEF,NFO,4.5,0.0,a,,,0.0,16.0,0.38359099186315043,0.28989298454221163,0.004343004383493018,0.011843159219826836,0.0,0.4115875039604386,0.8989295210559008,0.091
8,479,Bindon,DEF,NFO,4.0,0.1,u,0.0,Has joined Charlton Athletic on loan for the rest of the season,0.0,0.0,0.38359099186315043,0.2790328973444312,0.0,0.0,0.0,0.0,0.43588989435406733,0.0
8,480,Gibbs-White,MID,NFO,7.9,9.4,a,100.0,,1.0,90.0,0.38359099186315043,0.06420514165792235,0.4169358334372506,0.10024940842564647,0.219373933838329,4.645842499466198,3.3658157628737317,0.588
8,482,Hudson-Odoi,MID,NFO,5.9,0.2,a,100.0,,0.0,0.0,0.38359099186315043,0.07178782067518182,0.0,0.0,0.0,0.35,0.8154753215150045,0.059
8,483,Ndoye,MID,NFO,5.5,0.7,a,,,1.0,61.0,0.38359099186315043,0.09051507824262055,0.0740591018148492,0.10524465435172421,0.13095038310839804,2.906431311718337,2.442657180849154,0.528
8,484,Hutchinson,MID,NFO,5.4,0.1,u,0.0,Has joined AC Milan on loan for the rest of the season,0.0,0.0,0.38359099186315043,0.11414247405852862,0.0,0.0,0.0,0.0,0.43588989435406733,0.0
8,485,Bakwa,MID,NFO,5.5,0.0,u,0.0,Has joined Lille on loan for the rest of the season,0.0,0.0,0.38359099186315043,0.13011542497376705,0.0,0.0,0.0,0.0,0.43588989435406733,0.0
8,486,McAtee,MID,NFO,5.5,0.1,a,,,1.0,73.0,0.38359099186315043,0.14870334282716233,0.18727613508045135,0.1380330982878479,0.1787322615301702,3.725730095112047,2.864008378338932,0.677
8,487,Dominguez,MID,NFO,4.9,0.1,a,,,0.0,0.0,0.38359099186315043,0.15409233997901364,0.0,0.0,0.0,0.35,0.8154753215150045,0.071
8,488,I.Sangaré,MID,NFO,4.9,0.5,a,100.0,,1.0,90.0,0.38359099186315043,0.31662419427372207,0.05025903896479922,0.06814315193105994,0.07979986599986574,3.041016746594788,2.4656613823310964,0.621
8,489,Yates,MID,NFO,4.5,1.4,a,100.0,,0.0,0.0,0.38359099186315043,0.2054564533053515,0.0,0.0,0.0,0.35,0.8154753215150045,0.078
8,490,Wood,FWD,NFO,5.9,1.1,a,,,0.0,28.0,0.38359099186315043,0.001806140878988561,0.1266808815423256,0.013890364479820606,0.0,0.8983946196087642,1.5706798103084554,0.152
8,491,Igor Jesus,FWD,NFO,5.9,2.6,a,,,1.0,90.0,0.38359099186315043,0.0010739216037229282,0.31287098458841667,0.04585985209520361,0.16391489202558215,3.12495440241571,2.795467630311671,0.53
8,493,Kalimuendo,FWD,NFO,5.4,0.1,a,,,0.0,1.0,0.38359099186315043,0.0033112582781456954,0.00479810347778169,0.000566596079166875,0.0,0.37089220214862734,0.8564366905668405,0.069
8,558,Schlager,MID,NFO,5.0,0.1,a,,,0.0,16.0,0.38359099186315043,0.17348723329835605,0.019147275930277142,0.01688876999338463,0.0,0.49640268963153955,1.0286149745563633,0.099
8,581,Diomande,DEF,NFO,5.4,0.5,a,,,0.0,0.0,0.38359099186315043,0.2790328973444312,0.0,0.0,0.0,0.35,0.8154753215150045,0.065
8,590,Benda,GK,NFO,4.5,0.1,a,,,0.0,0.0,0.38359099186315043,0.0,0.0,0.0,0.0,0.35,0.8154753215150045,0.078
8,112,Van Hecke,DEF,TOT,4.9,6.9,a,,,1.0,90.0,0.13657460135603858,0.33364070955373826,0.06718336119756844,0.03624273276137477,0.07034278322463977,2.5794555128450516,2.3030557182992792,0.526
8,147,Tosin,DEF,TOT,4.4,0.2,a,,,0.0,0.0,0.13657460135603858,0.3341260404280618,0.0,0.0,0.0,0.35,0.8154753215150045,0.08
8,401,Marmoush,FWD,TOT,7.0,2.2,a,,,0.0,0.0,0.13657460135603858,0.002337358784573432,0.0,0.0,0.0,0.35,0.8154753215150045,0.05
8,403,Sávio,MID,TOT,6.5,0.7,a,100.0,,0.0,0.0,0.13657460135603858,0.11565815553223738,0.0,0.0,0.0,0.35,0.8154753215150045,0.054
8,455,Tonali,MID,TOT,5.4,2.6,a,,,1.0,90.0,0.13657460135603858,0.15204616998950682,0.08727617185015832,0.07993643359551621,0.07218187204158993,2.7237856181071782,2.3872263624349888,0.504
8,494,Vicario,GK,TOT,4.5,0.2,u,0.0,Has joined Juventus on loan for the rest of the season,0.0,0.0,0.13657460135603858,0.0,0.0,0.0,0.0,0.0,0.43588989435406733,0.0
8,495,Austin,GK,TOT,4.0,1.0,a,,,0.0,0.0,0.13657460135603858,0.0,0.0,0.0,0.0,0.35,0.8154753215150045,0.087
8,496,Kinsky,GK,TOT,4.5,18.4,a,,,1.0,90.0,0.13657460135603858,0.0,0.0,0.0004528508771929824,0.03430214814602719,2.0228344584564746,1.9604554244020194,0.45
8,497,Dubravka,GK,TOT,4.0,17.9,a,,,0.0,0.0,0.13657460135603858,0.0,0.0,0.0,0.0,0.35,0.8154753215150045,0.087
8,498,Senesi,DEF,TOT,5.9,4.7,a,,,1.0,90.0,0.13657460135603858,0.6069678953626635,0.04338491634405901,0.09231788054188063,0.08163962924908852,3.1191091549783834,2.4872910751504906,0.529
8,499,Pedro Porro,DEF,TOT,5.5,11.4,a,100.0,,0.0,0.0,0.13657460135603858,0.2639161573984459,0.0,0.0,0.0,0.35,0.8154753215150045,0.064
8,500,Romero,DEF,TOT,5.0,0.1,u,0.0,Has joined Atletico Madrid permanently,0.0,0.0,0.13657460135603858,0.38588733650416174,0.0,0.0,0.0,0.0,0.43588989435406733,0.0
8,502,Robertson,DEF,TOT,4.5,2.8,a,,,1.0,90.0,0.13657460135603858,0.19765430764241704,0.048804876553889466,0.11945181886602063,0.09303349373597816,2.4912875942914225,2.241935701236108,0.554
8,503,Van de Ven,DEF,TOT,5.0,3.8,a,100.0,,0.0,0.0,0.13657460135603858,0.14107543929184832,0.0,0.0,0.0,0.35,0.8154753215150045,0.07
8,505,Spence,DEF,TOT,4.5,0.3,u,0.0,Has joined Internazionale permanently,0.0,0.0,0.13657460135603858,0.12789396376862278,0.0,0.0,0.0,0.0,0.43588989435406733,0.0
8,506,Udogie,DEF,TOT,4.5,0.4,a,,,0.0,4.0,0.13657460135603858,0.133935790725327,0.0006955717047865069,0.0031051278265129597,0.0,0.36348881370825786,0.833547944796464,0.081
8,507,Phillips,DEF,TOT,4.5,0.0,u,0.0,Has joined Middlesbrough permanently,0.0,0.0,0.13657460135603858,0.2790328973444312,0.0,0.0,0.0,0.0,0.43588989435406733,0.0
8,508,Davies,DEF,TOT,4.0,0.9,a,,,0.0,0.0,0.13657460135603858,0.25756882831793654,0.0,0.0,0.0,0.35,0.8154753215150045,0.087
8,509,Byfield,DEF,TOT,4.0,0.1,a,,,0.0,0.0,0.13657460135603858,0.2790328973444312,0.0,0.0,0.0,0.35,0.8154753215150045,0.087
8,510,Rowswell,DEF,TOT,4.0,0.1,a,,,0.0,0.0,0.13657460135603858,0.2790328973444312,0.0,0.0,0.0,0.35,0.8154753215150045,0.087
8,511,Souza,DEF,TOT,4.0,0.2,u,0.0,Has joined FC Porto on loan for the rest of the season,0.0,0.0,0.13657460135603858,0.2790328973444312,0.0,0.0,0.0,0.0,0.43588989435406733,0.0
8,512,Kudus,MID,TOT,6.5,0.1,a,100.0,,0.0,0.0,0.13657460135603858,0.07178782067518182,0.0,0.0,0.0,0.35,0.8154753215150045,0.054
8,513,Xavi,MID,TOT,6.0,0.0,i,0.0,Knee injury - Unknown return date,0.0,0.0,0.13657460135603858,0.16939489331934243,0.0,0.0,0.0,0.0,0.43588989435406733,0.0
8,514,Tel,MID,TOT,5.8,0.3,a,,,1.0,90.0,0.13657460135603858,0.08327387198321091,0.17133788675299141,0.12590819068083217,0.11769358723744211,3.200980150741559,2.666437624795846,0.552
8,515,Maddison,MID,TOT,6.3,0.5,d,75.0,Shoulder injury - 75% chance of playing,0.0,11.0,0.13657460135603858,0.17348723329835605,0.030001814745636166,0.030886154874761675,0.0,0.41766753835246584,0.9867011763160628,0.066
8,516,Bentancur,MID,TOT,5.5,0.2,a,,,0.0,45.0,0.13657460135603858,0.4570256605933416,0.02431190533833241,0.023119623535873542,0.0,0.5409183972992826,1.0833357683094522,0.098
8,517,Odobert,MID,TOT,5.5,0.0,i,0.0,Knee injury - Unknown return date,0.0,0.0,0.13657460135603858,0.10409233997901364,0.0,0.0,0.0,0.0,0.43588989435406733,0.0
8,518,P.M.Sarr,MID,TOT,4.9,0.1,u,0.0,Has joined Juventus on loan for the rest of the season,0.0,0.0,0.13657460135603858,0.2432738719832109,0.0,0.0,0.0,0.0,0.43588989435406733,0.0
8,519,Gallagher,MID,TOT,5.4,0.2,a,,,0.0,45.0,0.13657460135603858,0.16327387198321092,0.04474213781237413,0.0356016121182887,0.0,0.6805155254167368,1.24957285708599,0.126
8,520,Bergvall,MID,TOT,5.4,0.2,a,,,0.0,45.0,0.13657460135603858,0.14675460950382252,0.042220972992205084,0.030293364128239072,0.0,0.6519849573457426,1.221514329392063,0.121
8,521,Kulusevski,MID,TOT,6.5,0.0,i,0.0,Knee injury - Unknown return date,0.0,0.0,0.13657460135603858,0.17348723329835605,0.0,0.0,0.0,0.0,0.43588989435406733,0.0
8,522,Gray,MID,TOT,5.0,0.2,a,,,1.0,85.0,0.13657460135603858,0.07435167141358116,0.04162005385242681,0.04095809767097726,0.04425995158251242,2.207690222506123,2.108158377797122,0.442
8,523,Moore,MID,TOT,5.0,0.1,u,0.0,Has joined FC Köln on loan for the rest of the season,0.0,0.0,0.13657460135603858,0.16014206150617483,0.0,0.0,0.0,0.0,0.43588989435406733,0.0
8,524,Olusesi,MID,TOT,4.5,0.7,a,,,0.0,0.0,0.13657460135603858,0.17348723329835605,0.0,0.0,0.0,0.35,0.8154753215150045,0.078
8,525,Fernandes,MID,TOT,5.8,1.0,a,,,0.0,45.0,0.13657460135603858,0.3713444956430494,0.0408564229488938,0.05429392316680321,0.0,0.7171638842448786,1.2679707874232087,0.124
8,526,Solanke,FWD,TOT,5.9,0.9,a,,,0.0,22.0,0.13657460135603858,0.001806140878988561,0.127172653074355,0.010087958658888103,0.0,0.8889544882740843,1.5659021189611086,0.151
8,527,Richarlison,FWD,TOT,5.9,1.1,u,0.0,not included in squad.,0.0,0.0,0.13657460135603858,0.0012417218543046358,0.0,0.0,0.0,0.0,0.43588989435406733,0.0
8,528,Scarlett,FWD,TOT,4.5,1.4,u,0.0,Has joined Leyton Orient permanently,0.0,0.0,0.13657460135603858,0.0033112582781456954,0.0,0.0,0.0,0.0,0.43588989435406733,0.0
8,578,Mudryk,MID,TOT,5.4,0.1,a,,,0.0,0.0,0.13657460135603858,0.17348723329835605,0.0,0.0,0.0,0.35,0.8154753215150045,0.065
8,601,Williams-Barnett,MID,TOT,4.5,0.1,a,,,0.0,0.0,0.13657460135603858,0.17348723329835605,0.0,0.0,0.0,0.35,0.8154753215150045,0.078
8,501,Danso,DEF,SUN,5.0,0.2,a,,,0.0,0.0,0.34701423729203207,0.5684590654864139,0.0,0.0,0.0,0.35,0.8154753215150045,0.07
8,529,Roefs,GK,SUN,5.0,3.0,a,,,1.0,90.0,0.34701423729203207,0.0,0.0,0.0017787828947368421,0.08737613333616591,2.9764982168020304,2.3780972671284615,0.595
8,530,Patterson,GK,SUN,4.0,0.1,u,0.0,Has joined Wrexham permanently,0.0,0.0,0.34701423729203207,0.0,0.0,0.0,0.0,0.0,0.43588989435406733,0.0
8,531,Ellborg,GK,SUN,4.5,0.1,a,,,0.0,0.0,0.34701423729203207,0.0,0.0,0.0,0.0,0.35,0.8154753215150045,0.078
8,532,Ballard,DEF,SUN,4.9,3.3,a,,,1.0,90.0,0.34701423729203207,0.49566842194666216,0.07415954168384853,0.03510674282201272,0.12499675890005946,4.1497677519707885,2.886090085019452,0.847
8,533,Mukiele,DEF,SUN,5.5,2.2,a,100.0,,0.0,0.0,0.34701423729203207,0.38019522716588783,0.0,0.0,0.0,0.35,0.8154753215150045,0.064
8,534,Hume,DEF,SUN,4.4,4.2,a,,,1.0,79.0,0.34701423729203207,0.11885321706962611,0.04810872736567382,0.06467431825036374,0.13172401422054197,3.3955528706935287,2.5961900582414508,0.772
8,535,Alderete,DEF,SUN,4.9,0.3,a,100.0,,0.0,23.0,0.34701423729203207,0.3569394132123994,0.012720632536673021,0.007908359038496808,0.0,0.45004887233552854,0.9650992967863681,0.092
8,536,Reinildo,DEF,SUN,4.5,0.4,a,,,1.0,90.0,0.34701423729203207,0.21612925788626985,0.009202752950291012,0.05132735549681332,0.10793909727949454,3.2772791341021583,2.5064011794794236,0.728
8,537,Seelt,DEF,SUN,4.5,0.0,u,0.0,Has joined Swansea City on loan for the rest of the season,0.0,0.0,0.34701423729203207,0.25756882831793654,0.0,0.0,0.0,0.0,0.43588989435406733,0.0
8,538,Hjelde,DEF,SUN,4.0,0.0,u,0.0,Has joined KV Mechelen on loan for the rest of the season,0.0,0.0,0.34701423729203207,0.2790328973444312,0.0,0.0,0.0,0.0,0.43588989435406733,0.0
8,539,O'Nien,DEF,SUN,4.0,2.7,a,,,1.0,66.0,0.34701423729203207,0.22886288253332498,0.02300839995281183,0.020294997986382173,0.10742109015762333,3.2899278058146995,2.5276299631798955,0.822
8,540,Masuaku,DEF,SUN,4.0,0.2,u,0.0,Has joined Konyaspor permanently,0.0,0.0,0.34701423729203207,0.2790328973444312,0.0,0.0,0.0,0.0,0.43588989435406733,0.0
8,541,Meunier,DEF,SUN,4.5,0.3,a,100.0,,1.0,90.0,0.34701423729203207,0.25756882831793654,0.054146067693235725,0.04239152489720546,0.12054171672966243,3.608982959805437,2.6799149295807405,0.802
8,542,E.Le Fée,MID,SUN,5.9,4.8,a,,,1.0,79.0,0.34701423729203207,0.21917058259957115,0.20326513257213516,0.13906105361183396,0.17119857391648202,3.8972343679045394,2.9367219981556705,0.661
8,543,Diarra,MID,SUN,5.4,0.0,i,0.0,Hamstring injury - Unknown return date,0.0,0.0,0.34701423729203207,0.07710543702149159,0.0,0.0,0.0,0.0,0.43588989435406733,0.0
8,544,Xhaka,MID,SUN,5.5,4.3,a,,,1.0,90.0,0.34701423729203207,0.35737437332400607,0.03688453988678067,0.13775653739675126,0.09582580077843939,3.2403400576274373,2.5254610170843685,0.589
8,545,Sadiki,MID,SUN,4.9,0.3,a,,,1.0,90.0,0.34701423729203207,0.1322140608604407,0.07649080508872902,0.06171321411243866,0.08307283044961189,2.783193468522453,2.3972927273749933,0.568
8,546,Adingra,MID,SUN,4.9,0.0,u,0.0,Has joined Ajax on loan for the rest of the season,0.0,0.0,0.34701423729203207,0.10957088418843541,0.0,0.0,0.0,0.0,0.43588989435406733,0.0
8,547,Mundle,MID,SUN,4.9,0.0,i,0.0,Knee injury - Unknown return date,0.0,0.0,0.34701423729203207,0.16014206150617483,0.0,0.0,0.0,0.0,0.43588989435406733,0.0
8,548,Rigg,MID,SUN,4.9,0.1,a,,,0.0,10.0,0.34701423729203207,0.10957088418843541,0.012123896869315028,0.01214594990903989,0.0,0.4470573340736948,0.9602876214738532,0.091
8,549,Talbi,MID,SUN,5.4,0.1,a,,,0.0,31.0,0.34701423729203207,0.07435167141358116,0.0412858949288013,0.026083902008363632,0.0,0.6346811806690974,1.2056573364120058,0.118
8,550,Jocelin.T,MID,SUN,5.0,0.0,a,,,0.0,0.0,0.34701423729203207,0.17348723329835605,0.0,0.0,0.0,0.35,0.8154753215150045,0.07
8,551,N.Angulo,MID,SUN,5.0,0.1,a,,,0.0,58.0,0.34701423729203207,0.12246157644589839,0.08522609386550457,0.04866879554990359,0.0,0.9221368559772336,1.5044655494725598,0.184
8,552,Brobbey,FWD,SUN,5.9,7.4,a,,,1.0,66.0,0.34701423729203207,0.001168679392286716,0.2149627771381096,0.023707878556129245,0.14861241849236265,2.6517375327949964,2.515567127933411,0.449
8,553,Isidor,FWD,SUN,5.5,1.5,a,,,0.0,23.0,0.34701423729203207,0.001892147587511826,0.12848388668985147,0.008996387714272783,0.0,0.8909247099022242,1.5696051315389277,0.162
8,612,Methalie,DEF,SUN,4.5,0.0,a,100.0,,0.25,20.0,0.34701423729203207,0.2790328973444312,0.009907478749843447,0.008794984748007748,0.02905248483303091,1.1463533488844886,1.4958329570441977,0.255
8,613,Ahoka,MID,SUN,4.5,0.3,a,,,0.25,20.0,0.34701423729203207,0.17348723329835605,0.028122817044516416,0.025132385761208857,0.029644592037055127,1.0602732364376752,1.477584532775936,0.236
8,646,Fofana,MID,SUN,5.5,0.0,a,,,0.25,20.0,0.34701423729203207,0.17348723329835605,0.0276228558526139,0.0246855877921207,0.02927180561741505,1.056060250151258,1.4738560344901648,0.192
8,651,J.Angulo,FWD,SUN,4.5,0.4,a,,,0.25,20.0,0.34701423729203207,0.0033112582781456954,0.09551353341104425,0.01269933298746019,0.051284172076711924,1.1279594834912166,1.6480910833748168,0.251
9,1,Raya,GK,ARS,6.0,39.0,a,,,1.0,90.0,0.3385634240928155,0.0,0.0,0.0008893914473684211,0.08495214302978282,2.9377840339913734,2.3625811445500893,0.49
9,2,Arrizabalaga,GK,ARS,4.9,0.1,a,,,0.0,0.0,0.3385634240928155,0.0,0.0,0.0,0.0,0.35,0.8154753215150045,0.071
9,3,Meslier,GK,ARS,4.9,0.0,a,,,0.0,0.0,0.3385634240928155,0.0,0.0,0.0,0.0,0.35,0.8154753215150045,0.071
9,4,Gabriel,DEF,ARS,8.0,24.4,a,,,1.0,90.0,0.3385634240928155,0.33368359925891106,0.11439652186372516,0.04176251858355221,0.13929652017975094,4.0862985689950095,2.906947954861399,0.511
9,5,J.Timber,DEF,ARS,6.5,0.1,d,25.0,Groin injury - 25% chance of playing,0.0,0.0,0.3385634240928155,0.1670630202140309,0.0,0.0,0.0,0.0875,0.43588989435406733,0.013
9,6,Saliba,DEF,ARS,5.9,0.2,i,0.0,Back injury - Unknown return date,0.0,0.0,0.3385634240928155,0.18370986920332938,0.0,0.0,0.0,0.0,0.43588989435406733,0.0
9,7,Lewis-Skelly,MID,ARS,5.5,0.7,a,,,1.0,90.0,0.3385634240928155,0.11565815553223738,0.03904923025694533,0.056863556399710344,0.06742581773911104,2.5275519945676757,2.2442469051377247,0.46
9,8,Calafiori,DEF,ARS,5.8,48.4,a,,,1.0,80.0,0.3385634240928155,0.10463733650416171,0.1328620392065705,0.08240284017530351,0.16940140227981676,3.927672396458663,2.8739780424545494,0.677
9,9,Hincapie,DEF,ARS,5.3,1.1,a,,,0.0,9.0,0.3385634240928155,0.34494649227110585,0.0022618375502210216,0.007247769566958388,0.0,0.3853143340022013,0.8635208508805728,0.073
9,10,White,DEF,ARS,5.5,7.6,a,100.0,,1.0,90.0,0.3385634240928155,0.21741973840665874,0.04844959519108494,0.0888041343345994,0.1326796613571934,3.611199493421607,2.674317970744609,0.657
9,11,Mosquera,DEF,ARS,5.4,3.1,d,50.0,Muscular injury - 50% chance of playing,0.5,45.0,0.3385634240928155,0.2546854651491988,0.008230368210651866,0.02203407841688792,0.05291298433124086,1.7508868264060058,1.8374077335842804,0.324
9,12,Saka,MID,ARS,9.5,11.4,a,,,1.0,67.0,0.3385634240928155,0.19671796665500757,0.3534454629473472,0.19833557801657176,0.2932757870415718,4.898949244638628,3.3806325358573766,0.516
9,13,Rice,MID,ARS,7.4,13.3,a,,,1.0,67.0,0.3385634240928155,0.33503847499125566,0.06417471759784278,0.14403395560283785,0.13174549473497466,3.3826700936820027,2.6100041156256557,0.457
9,14,Eze,MID,ARS,6.4,1.2,a,,,0.0,14.0,0.3385634240928155,0.06939489331934243,0.0436685553247451,0.022102920074464683,0.0,0.6346515368471195,1.2115482870930063,0.099
9,15,Ødegaard,MID,ARS,6.7,16.0,a,,,1.0,75.0,0.3385634240928155,0.1284102833158447,0.17605155762640973,0.23712051866903594,0.2073886144533687,3.91676123005907,2.915159632485105,0.585
9,16,Madueke,MID,ARS,6.3,0.2,a,,,0.0,22.0,0.3385634240928155,0.09051507824262055,0.06683815631015784,0.03783550684333909,0.0,0.7976973020808065,1.3844326678515209,0.127
9,17,Merino,MID,ARS,5.9,0.4,a,,,0.0,14.0,0.3385634240928155,0.10409233997901364,0.04459573157433962,0.014240674410254128,0.0,0.6157006811024603,1.1989185475005015,0.104
9,18,Martinelli,MID,ARS,6.3,0.1,u,0.0,Has joined Al Hilal permanently,0.0,0.0,0.3385634240928155,0.12246157644589839,0.0,0.0,0.0,0.0,0.43588989435406733,0.0
9,19,Zubimendi,MID,ARS,5.4,0.7,a,,,0.0,22.0,0.3385634240928155,0.20640560908136985,0.022870809068685976,0.018072077876487867,0.0,0.5185702789728934,1.0594849618850724,0.096
9,20,Dowman,MID,ARS,5.3,0.1,a,,,0.0,0.0,0.3385634240928155,0.16014206150617483,0.0,0.0,0.0,0.35,0.8154753215150045,0.066
9,22,Nwaneri,MID,ARS,5.4,0.0,u,0.0,Has joined Borussia Dortmund on loan for the rest of the season,0.0,0.0,0.3385634240928155,0.16014206150617483,0.0,0.0,0.0,0.0,0.43588989435406733,0.0
9,23,Fábio Vieira,MID,ARS,5.5,0.0,u,0.0,Has joined Hamburger SV permanently,0.0,0.0,0.3385634240928155,0.17348723329835605,0.0,0.0,0.0,0.0,0.43588989435406733,0.0
9,24,Nelson,MID,ARS,5.5,0.0,u,0.0,has departed the club as a free agent.,0.0,0.0,0.3385634240928155,0.17348723329835605,0.0,0.0,0.0,0.0,0.43588989435406733,0.0
9,25,Gyökeres,FWD,ARS,7.2,3.9,a,,,0.0,0.0,0.3385634240928155,0.001168679392286716,0.0,0.0,0.0,0.35,0.8154753215150045,0.049
9,26,Havertz,FWD,ARS,7.5,7.8,a,,,1.0,90.0,0.3385634240928155,0.002207505518763797,0.38671371508036695,0.0913966287224128,0.20119496274025445,3.596301519383486,3.025434708816375,0.48
9,27,G.Jesus,FWD,ARS,5.9,0.2,u,0.0,Has joined FC Barcelona permanently,0.0,0.0,0.3385634240928155,0.003056546102903719,0.0,0.0,0.0,0.0,0.43588989435406733,0.0
9,31,Konsa,DEF,ARS,4.4,14.7,a,,,0.0,0.0,0.3385634240928155,0.1380085819159386,0.0,0.0,0.0,0.35,0.8154753215150045,0.08
9,452,Bruno G.,MID,ARS,6.8,1.8,a,100.0,,0.0,0.0,0.3385634240928155,0.18158581537385315,0.0,0.0,0.0,0.35,0.8154753215150045,0.051
9,557,Tzolis,MID,ARS,6.4,16.7,a,,,1.0,75.0,0.3385634240928155,0.16014206150617483,0.09640865455854025,0.10142227573014215,0.11694533313052814,3.079395176450408,2.535606981100781,0.481
9,29,M.Bizot,GK,AVL,4.5,0.1,a,,,1.0,90.0,0.3308667918016586,0.0,0.0,0.00012871853546910755,0.08276174943782884,2.902576948022745,2.3483816132058295,0.645
9,30,Digne,DEF,AVL,4.5,0.1,u,0.0,Has joined Paris Saint-Germain permanently,0.0,0.0,0.3308667918016586,0.1402707989720379,0.0,0.0,0.0,0.0,0.43588989435406733,0.0
9,32,Cash,DEF,AVL,4.5,6.5,d,75.0,Muscular injury - 75% chance of playing,0.5,45.0,0.3308667918016586,0.09453032104637336,0.01777668435812637,0.029162183071051544,0.057786952575419596,1.6682227512623022,1.8100506439177697,0.371
9,33,Mings,DEF,AVL,4.5,0.4,a,,,0.0,16.0,0.3308667918016586,0.2826305680051221,0.013616899083690862,0.004558647226314737,0.0,0.4453773361810894,0.9632851775285526,0.099
9,34,Pau,DEF,AVL,4.5,0.4,a,,,1.0,73.0,0.3308667918016586,0.17252886348816693,0.029772805929759474,0.016159539446011707,0.10253681958516522,3.130747878244597,2.4752894384785167,0.696
9,35,Bogarde,MID,AVL,5.0,0.1,a,,,0.0,16.0,0.3308667918016586,0.09462939998092149,0.005380585409243374,0.007161804039947474,0.0,0.3983883391660593,0.8883813127655111,0.08
9,36,Maatsen,DEF,AVL,4.5,0.8,a,,,1.0,81.0,0.3308667918016586,0.17827982560443917,0.0536244967225351,0.13021112097792695,0.1542083270561499,3.6782660453619216,2.7037848410187637,0.817
9,37,Lindelöf,DEF,AVL,4.5,0.3,a,,,1.0,90.0,0.3308667918016586,0.1455823812231815,0.015181529050265017,0.02670909960723574,0.09737841798053992,3.020108968479103,2.4143935500269804,0.671
9,38,A.García,DEF,AVL,4.0,1.7,a,,,0.0,0.0,0.3308667918016586,0.2790328973444312,0.0,0.0,0.0,0.35,0.8154753215150045,0.087
9,39,Nedeljkovic,DEF,AVL,4.0,0.2,u,0.0,Has joined Rangers on loan for the rest of the season,0.0,0.0,0.3308667918016586,0.2790328973444312,0.0,0.0,0.0,0.0,0.43588989435406733,0.0
9,41,Buendía,MID,AVL,5.9,1.0,a,,,1.0,85.0,0.3308667918016586,0.1814945285564383,0.2926869167277788,0.09878951975768119,0.1781632409365422,4.146313764849853,3.1038875065925624,0.703
9,44,Bailey,MID,AVL,5.4,0.1,u,0.0,Has joined Olympiakos permanently,0.0,0.0,0.3308667918016586,0.13878978663868485,0.0,0.0,0.0,0.0,0.43588989435406733,0.0
9,45,McGinn,MID,AVL,5.4,2.3,a,,,1.0,81.0,0.3308667918016586,0.08110123156790192,0.15108653595360777,0.09614225876855303,0.12923121046100616,3.19671438107717,2.6420212981291935,0.592
9,46,Barkley,MID,AVL,5.0,0.3,a,,,1.0,73.0,0.3308667918016586,0.15409233997901364,0.1432615956079615,0.07569568100649103,0.1275682437466762,3.2288906188248676,2.64470447298276,0.646
9,47,Kamara,MID,AVL,5.0,0.3,a,100.0,,1.0,90.0,0.3308667918016586,0.17523609653725078,0.034892204793464256,0.04833942927835574,0.06221775110530286,2.5785289289937587,2.260211979848113,0.516
9,48,Onana,MID,AVL,5.0,0.0,i,0.0,Knee injury - Unknown return date,0.0,0.0,0.3308667918016586,0.2838077124868835,0.0,0.0,0.0,0.0,0.43588989435406733,0.0
9,49,Iling Jr,MID,AVL,5.0,0.0,u,0.0,Has joined Bolton Wanderers on loan for the rest of the season,0.0,0.0,0.3308667918016586,0.17348723329835605,0.0,0.0,0.0,0.0,0.43588989435406733,0.0
9,50,Burrowes,MID,AVL,4.5,0.7,a,,,0.0,0.0,0.3308667918016586,0.17348723329835605,0.0,0.0,0.0,0.35,0.8154753215150045,0.078
9,51,George Hemmings,MID,AVL,4.5,1.2,a,,,1.0,90.0,0.3308667918016586,0.16014206150617483,0.10212850808675339,0.09628816855404522,0.10253251600444536,3.0710984037292355,2.539263282057626,0.682
9,52,Alysson,MID,AVL,5.0,0.0,a,,,0.0,8.0,0.3308667918016586,0.17348723329835605,0.010477281163324652,0.009444770080395924,0.0,0.430720716057811,0.9387401384247873,0.086
9,53,Manzambi,MID,AVL,5.9,0.1,i,0.0,Knee injury - Expected back 12 Sep,0.0,0.0,0.3308667918016586,0.17348723329835605,0.0,0.0,0.0,0.0,0.43588989435406733,0.0
9,54,Gomes,MID,AVL,5.5,0.0,s,0.0,Suspended until 19 Sep,0.0,0.0,0.3308667918016586,0.3972522511530296,0.0,0.0,0.0,0.0,0.43588989435406733,0.0
9,55,Watkins,FWD,AVL,7.8,3.2,u,0.0,Has joined Al Hilal permanently,0.0,0.0,0.3308667918016586,0.0009030704394942806,0.0,0.0,0.0,0.0,0.43588989435406733,0.0
9,56,Abraham,FWD,AVL,5.5,0.2,a,100.0,,0.0,0.0,0.3308667918016586,0.003056546102903719,0.0,0.0,0.0,0.35,0.8154753215150045,0.064
9,160,Garnacho,MID,AVL,5.9,0.4,a,,,0.0,4.0,0.3308667918016586,0.09462939998092149,0.011364545188524587,0.006939398674983371,0.0,0.42764092196757303,0.938458855182014,0.072
9,166,N.Jackson,FWD,AVL,6.5,1.2,a,,,0.0,0.0,0.3308667918016586,0.0033112582781456954,0.0,0.0,0.0,0.35,0.8154753215150045,0.054
9,582,Madjo,FWD,AVL,5.5,0.3,i,0.0,Unspecified injury - Unknown return date,0.0,0.0,0.3308667918016586,0.0033112582781456954,0.0,0.0,0.0,0.0,0.43588989435406733,0.0
9,596,Ruggeri,DEF,AVL,4.5,0.1,a,,,0.0,8.0,0.3308667918016586,0.2790328973444312,0.0038617150504945347,0.003518953808198774,0.0,0.3837271517275635,0.8673245520480426,0.085
9,597,Suzuki,GK,AVL,5.0,1.7,a,,,0.0,0.0,0.3308667918016586,0.0,0.0,0.0,0.0,0.35,0.8154753215150045,0.07
9,606,Rowe,DEF,AVL,4.0,0.2,a,,,0.0,0.0,0.3308667918016586,0.2790328973444312,0.0,0.0,0.0,0.35,0.8154753215150045,0.087
9,607,Lynch,MID,AVL,4.5,0.1,u,0.0,Has joined Oxford United on loan until January,0.0,0.0,0.3308667918016586,0.17348723329835605,0.0,0.0,0.0,0.0,0.43588989435406733,0.0
9,611,Wan-Bissaka,DEF,AVL,4.5,0.2,a,,,0.25,20.0,0.3308667918016586,0.32423985051809073,0.004843134076403607,0.01362883868746987,0.027952513763378845,1.130458789503685,1.4754424775352726,0.251
9,618,Goretzka,MID,AVL,6.0,0.0,i,0.0,Knee injury - Expected back 10 Oct,0.0,0.0,0.3308667918016586,0.17348723329835605,0.0,0.0,0.0,0.0,0.43588989435406733,0.0
9,630,Harwood-Bellis,DEF,AVL,4.5,0.0,a,,,0.25,20.0,0.3308667918016586,0.2790328973444312,0.012235297934462291,0.0053627804326828,0.027608417844667044,1.1288743035090805,1.4893867745733567,0.251
9,631,Mbaye,MID,AVL,6.0,0.1,a,,,0.25,20.0,0.3308667918016586,0.17348723329835605,0.028122817044516416,0.025132385761208857,0.02924090589979579,1.0561556378376298,1.4749347830187594,0.176
9,57,Petrović,GK,BOU,4.5,3.3,a,,,1.0,90.0,0.31972765863685304,0.0,0.0,2.6774785801713583e-05,0.07994128583424386,2.85477006286974,2.3289618115058275,0.634
9,58,Forster,GK,BOU,4.0,3.5,a,,,0.0,0.0,0.31972765863685304,0.0,0.0,0.0,0.0,0.35,0.8154753215150045,0.087
9,59,Dennis,GK,BOU,4.0,0.1,u,0.0,Has joined MK Dons permanently,0.0,0.0,0.31972765863685304,0.0,0.0,0.0,0.0,0.0,0.43588989435406733,0.0
9,60,Hill,DEF,BOU,5.5,0.8,a,,,1.0,90.0,0.31972765863685304,0.481899854670366,0.029510467822338255,0.10882200029392353,0.12834827849990488,3.947139496481277,2.7706728154454567,0.718
9,61,Truffert,DEF,BOU,5.5,3.5,a,,,1.0,90.0,0.31972765863685304,0.30094891702221915,0.02588658597907604,0.06578184192275366,0.11201586442485365,3.446993590960552,2.5893256532733586,0.627
9,62,Diakité,DEF,BOU,5.0,0.2,a,,,0.0,0.0,0.31972765863685304,0.293935790725327,0.0,0.0,0.0,0.35,0.8154753215150045,0.07
9,63,Milosavljević,DEF,BOU,5.0,0.0,i,0.0,Unspecified injury - Unknown return date,0.0,0.0,0.31972765863685304,0.3967746730083234,0.0,0.0,0.0,0.0,0.43588989435406733,0.0
9,64,Smith,DEF,BOU,4.5,0.1,a,,,1.0,90.0,0.31972765863685304,0.1395164486722156,0.017688597982599898,0.02844994881965294,0.09608040604000176,2.9728387835235353,2.3988591614745363,0.661
9,65,J.Araujo,DEF,BOU,4.4,0.0,i,0.0,Thigh injury - Unknown return date,0.0,0.0,0.31972765863685304,0.2790328973444312,0.0,0.0,0.0,0.0,0.43588989435406733,0.0
9,66,Soler,DEF,BOU,4.0,0.3,a,100.0,,0.0,0.0,0.31972765863685304,0.2790328973444312,0.0,0.0,0.0,0.35,0.8154753215150045,0.087
9,67,Rayan,MID,BOU,6.4,2.0,a,,,1.0,88.0,0.31972765863685304,0.08007103075308741,0.17748287846081842,0.10136840443525215,0.13178885008216512,3.3347885982235987,2.720477091870054,0.521
9,68,Tavernier,MID,BOU,6.0,3.4,a,,,1.0,90.0,0.31972765863685304,0.11549651817227892,0.33676817043705126,0.16437117517593236,0.20737153682822954,4.460988953924182,3.2398283959306013,0.743
9,69,Scott,MID,BOU,6.1,5.1,a,,,1.0,90.0,0.31972765863685304,0.3713444956430494,0.11347059627410953,0.10020788013838129,0.10676023260805709,3.522160172322864,2.7153135923974046,0.577
9,70,Kluivert,MID,BOU,6.0,1.0,a,,,1.0,74.0,0.31972765863685304,0.09462939998092149,0.2568275288605707,0.08951884561698244,0.17940399283723832,3.7703657159018396,2.9503660846371114,0.628
9,71,Cook,MID,BOU,5.0,0.2,a,,,1.0,75.0,0.31972765863685304,0.4324688952181082,0.0236655264840566,0.07125730729768172,0.07184035605201539,3.063832123512567,2.4419816120475226,0.613
9,72,Gannon-Doak,MID,BOU,4.9,0.1,a,,,0.0,1.0,0.31972765863685304,0.17348723329835605,0.0016272302670359445,0.0012503300386490991,0.0,0.361887141451127,0.8350742184736378,0.074
9,73,Adams,MID,BOU,5.0,0.3,a,100.0,,0.0,15.0,0.31972765863685304,0.2838077124868835,0.008160564502883268,0.006360305349020772,0.0,0.40988373856147864,0.9098035448843387,0.082
9,74,Brooks,MID,BOU,5.0,0.1,a,100.0,,0.0,0.0,0.31972765863685304,0.08674361664917803,0.0,0.0,0.0,0.35,0.8154753215150045,0.07
9,75,Christie,MID,BOU,5.0,0.0,a,100.0,,0.0,0.0,0.31972765863685304,0.16220246313580383,0.0,0.0,0.0,0.35,0.8154753215150045,0.07
9,76,Tóth.A,MID,BOU,5.0,0.0,a,,,0.0,15.0,0.31972765863685304,0.17348723329835605,0.018727794712220313,0.02257830858889092,0.0,0.5113738993277743,1.0411422462834237,0.102
9,77,Adli,MID,BOU,4.9,0.0,i,0.0,Unspecified injury - Unknown return date,0.0,0.0,0.31972765863685304,0.15409233997901364,0.0,0.0,0.0,0.0,0.43588989435406733,0.0
9,78,Kroupi.Jr,MID,BOU,7.4,0.2,i,0.0,Foot injury - Expected back 7 Nov,0.0,0.0,0.31972765863685304,0.06505771248688352,0.0,0.0,0.0,0.0,0.43588989435406733,0.0
9,79,Evanilson,FWD,BOU,6.0,3.2,a,,,1.0,74.0,0.31972765863685304,0.0009240720776220546,0.30530997614235433,0.05662170569317831,0.18603827907745935,3.1488435933492362,2.795471817818537,0.525
9,80,Enes Ünal,FWD,BOU,5.5,0.0,u,0.0,Has joined Getafe permanently,0.0,0.0,0.31972765863685304,0.0033112582781456954,0.0,0.0,0.0,0.0,0.43588989435406733,0.0
9,81,Rodríguez,FWD,BOU,6.0,0.1,a,100.0,,0.0,0.0,0.31972765863685304,0.0033112582781456954,0.0,0.0,0.0,0.35,0.8154753215150045,0.058
9,566,Silva,DEF,BOU,5.0,0.4,a,,,1.0,90.0,0.31972765863685304,0.33449190524101347,0.05820855806200685,0.03070420195622441,0.1110513806655942,3.596447118121872,2.680018819486833,0.719
9,573,Sanchez,DEF,BOU,4.5,0.2,a,,,0.0,0.0,0.31972765863685304,0.2790328973444312,0.0,0.0,0.0,0.35,0.8154753215150045,0.078
9,608,Jebbison,FWD,BOU,5.0,0.1,a,,,0.0,15.0,0.31972765863685304,0.0033112582781456954,0.08658310849486497,0.01077086285647397,0.0,0.7286450225488817,1.379827595684354,0.146
9,615,Di Gregorio,GK,BOU,4.5,0.0,a,,,0.25,20.0,0.31972765863685304,0.0,0.0,7.309941520467835e-05,0.020011761559540157,0.9764181729746769,1.3620552590302224,0.217
9,82,Kelleher,GK,BRE,5.0,6.7,a,,,1.0,90.0,0.3060344617768439,0.0,0.0,0.0029836791497975714,0.07755290314664012,2.8059874680999877,2.308977303784075,0.561
9,83,Valdimarsson,GK,BRE,4.5,0.1,a,,,0.0,0.0,0.3060344617768439,0.0,0.0,0.0,0.0,0.35,0.8154753215150045,0.078
9,84,Collins,DEF,BRE,5.5,1.6,d,25.0,Calf injury - 25% chance of playing,0.25,22.5,0.3060344617768439,0.4299643281807372,0.025136074229960566,0.01003653016358719,0.031437565398794456,1.0657761331356888,1.4750563034466082,0.194
9,85,Van den Berg,DEF,BRE,4.9,0.1,i,0.0,Groin injury - Unknown return date,0.0,0.0,0.3060344617768439,0.3654379706698375,0.0,0.0,0.0,0.0,0.43588989435406733,0.0
9,86,Lewis-Potter,MID,BRE,5.5,2.1,a,,,1.0,90.0,0.3060344617768439,0.061230788222949195,0.17979751402683616,0.17008272636387387,0.1530615303144329,3.5265136347051578,2.789114732330102,0.641
9,87,Ajer,DEF,BRE,4.5,4.7,a,,,1.0,90.0,0.3060344617768439,0.41713733650416174,0.04416481863554855,0.027050133102033885,0.10143384855236483,3.575121622452337,2.6566369707720194,0.794
9,88,Kayode,DEF,BRE,4.6,8.9,a,,,1.0,75.0,0.3060344617768439,0.1269678953626635,0.06910707402518976,0.06895183959039058,0.1344933591627547,3.3496280131652876,2.6036389283395622,0.728
9,89,Henry,DEF,BRE,4.5,0.2,a,,,0.0,0.0,0.3060344617768439,0.133935790725327,0.0,0.0,0.0,0.35,0.8154753215150045,0.078
9,90,Hickey,DEF,BRE,4.5,0.1,a,,,0.0,14.0,0.3060344617768439,0.22886288253332498,0.007663259542763878,0.004569029830522483,0.0,0.4096866467481507,0.9079560485387328,0.091
9,92,Ji-soo,DEF,BRE,4.5,0.0,a,,,0.0,0.0,0.3060344617768439,0.2790328973444312,0.0,0.0,0.0,0.35,0.8154753215150045,0.078
9,93,Schuster,DEF,BRE,4.5,0.1,a,,,0.0,0.0,0.3060344617768439,0.2790328973444312,0.0,0.0,0.0,0.35,0.8154753215150045,0.078
9,94,Schade,MID,BRE,6.0,3.8,a,,,1.0,90.0,0.3060344617768439,0.04841504185070402,0.32180966615080414,0.07123877633249347,0.16817040104683856,3.9315704426383316,3.0660792289041803,0.655
9,95,O.Dango,MID,BRE,6.4,0.7,a,,,1.0,66.0,0.3060344617768439,0.11032018377243981,0.2052544963190038,0.12098094477881384,0.186306724883461,3.630062883790907,2.8510781218894627,0.567
9,96,Damsgaard,MID,BRE,5.5,0.5,a,,,0.0,14.0,0.3060344617768439,0.23770137645824332,0.01355216380625578,0.034353218025399375,0.0,0.520820473107477,1.0348293974089358,0.095
9,97,Jensen,MID,BRE,5.5,0.1,i,0.0,Unspecified injury - Expected back 18 Sep,0.0,0.0,0.3060344617768439,0.1559447897328275,0.0,0.0,0.0,0.0,0.43588989435406733,0.0
9,98,Janelt,MID,BRE,5.0,1.9,a,,,1.0,90.0,0.3060344617768439,0.3600659571278669,0.08577970814041161,0.11246194844413872,0.099988025982277,3.3803454779667224,2.6338820506961285,0.676
9,99,Milambo,MID,BRE,5.0,0.0,i,0.0,Knee injury - Unknown return date,0.0,0.0,0.3060344617768439,0.17348723329835605,0.0,0.0,0.0,0.0,0.43588989435406733,0.0
9,100,Carvalho,MID,BRE,5.0,0.0,a,100.0,,0.0,0.0,0.3060344617768439,0.16014206150617483,0.0,0.0,0.0,0.35,0.8154753215150045,0.07
9,102,Yarmoliuk,MID,BRE,4.9,0.8,a,,,0.0,23.0,0.3060344617768439,0.3190694341361042,0.013064889550992288,0.013847995529209092,0.0,0.45686843434258867,0.9728511512851656,0.093
9,103,Dasilva,MID,BRE,5.0,0.0,i,0.0,Hamstring injury - Expected back 10 Oct,0.0,0.0,0.3060344617768439,0.17348723329835605,0.0,0.0,0.0,0.0,0.43588989435406733,0.0
9,105,Anthony,MID,BRE,6.0,0.1,a,,,0.0,23.0,0.3060344617768439,0.07337730475191126,0.04049959589973347,0.03218049542228089,0.0,0.64903946576551,1.2149784197066504,0.108
9,106,Thiago,FWD,BRE,7.9,11.5,a,,,1.0,82.0,0.3060344617768439,0.020794701986754968,0.6417426026243281,0.04009617010616282,0.29252931619000716,4.5880504886614375,3.545102473018615,0.581
9,107,Furo,FWD,BRE,4.5,1.1,a,,,0.0,0.0,0.3060344617768439,0.0033112582781456954,0.0,0.0,0.0,0.35,0.8154753215150045,0.078
9,108,Wilson,FWD,BRE,5.5,0.4,a,,,0.0,7.0,0.3060344617768439,0.001986754966887417,0.034742909960232736,0.0034129268825874412,0.0,0.4992104204886933,1.0756194767155873,0.091
9,565,M.Sangaré,MID,BRE,5.7,13.5,a,,,1.0,75.0,0.3060344617768439,0.23706513842925175,0.1158530990029847,0.10336672017458658,0.12267577023226432,3.299792985315467,2.6390765934541,0.579
9,620,Diouf,DEF,BRE,4.5,0.1,a,,,0.25,20.0,0.3060344617768439,0.17496178019364703,0.005024830620224826,0.017160248142143057,0.027862528623735096,1.0424786165638213,1.4180473741002482,0.232
9,109,Verbruggen,GK,BHA,4.5,22.2,a,,,1.0,90.0,0.1282327604630083,0.0,0.0,0.021634826782145237,0.039630379489502904,2.051724194138228,1.9744052190122048,0.456
9,111,Steele,GK,BHA,4.0,4.3,a,,,0.0,0.0,0.1282327604630083,0.0,0.0,0.0,0.0,0.35,0.8154753215150045,0.087
9,113,F.Kadıoğlu,DEF,BHA,4.4,1.8,a,100.0,,0.0,0.0,0.1282327604630083,0.11379563336453563,0.0,0.0,0.0,0.35,0.8154753215150045,0.08
9,114,Boscagli,DEF,BHA,4.5,0.3,a,,,1.0,90.0,0.1282327604630083,0.2546854651491988,0.01976609377734434,0.08168846347502082,0.06756728515407988,2.224280748018633,2.0844015889217387,0.494
9,115,De Cuyper,DEF,BHA,4.8,20.8,a,,,1.0,77.0,0.1282327604630083,0.133935790725327,0.1864467508424465,0.16434797038048765,0.1755651215251342,3.3581616465567765,2.738464466359305,0.7
9,116,Dunk,DEF,BHA,4.5,1.3,a,,,1.0,90.0,0.1282327604630083,0.2579180629121176,0.033599823235451395,0.026865665216151448,0.05322111107381307,2.134416535794171,2.06324752693942,0.474
9,117,Coppola,DEF,BHA,4.5,0.0,a,,,0.0,0.0,0.1282327604630083,0.31059962629522675,0.0,0.0,0.0,0.35,0.8154753215150045,0.078
9,118,Igor,DEF,BHA,4.5,0.1,u,0.0,Has joined Burnley permanently,0.0,0.0,0.1282327604630083,0.33449190524101347,0.0,0.0,0.0,0.0,0.43588989435406733,0.0
9,119,Costinha,DEF,BHA,4.5,0.0,a,,,0.0,26.0,0.1282327604630083,0.2790328973444312,0.015582433477770297,0.015445916785437091,0.0,0.489832351222933,1.012015843843462,0.109
9,120,Svoboda,DEF,BHA,5.0,0.1,a,,,0.0,0.0,0.1282327604630083,0.2790328973444312,0.0,0.0,0.0,0.35,0.8154753215150045,0.07
9,121,Mitoma,MID,BHA,5.9,0.0,i,0.0,Hamstring injury - Expected back 10 Oct,0.0,0.0,0.1282327604630083,0.07178782067518182,0.0,0.0,0.0,0.0,0.43588989435406733,0.0
9,122,Minteh,MID,BHA,5.9,0.0,i,0.0,Leg injury - Expected back 28 Nov,0.0,0.0,0.1282327604630083,0.08329315674541278,0.0,0.0,0.0,0.0,0.43588989435406733,0.0
9,123,Hinshelwood,MID,BHA,6.0,1.0,d,50.0,Unspecified injury - 50% chance of playing,0.5,31.5,0.1282327604630083,0.09338929695697797,0.1097474604520944,0.03279922308563448,0.07768497979201484,1.742225174322794,1.9921627930281889,0.29
9,124,Groß,MID,BHA,5.6,16.3,a,,,1.0,90.0,0.1282327604630083,0.13167247740581525,0.2450901693003845,0.20691327991714076,0.17102448327243464,3.9474666675784467,2.9951173072521478,0.705
9,125,Georginio,FWD,BHA,5.5,0.6,d,75.0,Unspecified injury - 75% chance of playing,0.5,45.0,0.1282327604630083,0.03353984191412091,0.10448277207139907,0.07272408232778517,0.0684340370628649,1.607894026892808,1.9188265381541734,0.292
9,126,O'Riley,MID,BHA,5.5,0.1,a,,,0.0,0.0,0.1282327604630083,0.14870334282716233,0.0,0.0,0.0,0.35,0.8154753215150045,0.064
9,127,Gomez,MID,BHA,5.0,4.8,a,,,1.0,85.0,0.1282327604630083,0.14116241109945202,0.21126102768020513,0.1339603285860664,0.14075824925086025,3.5466573494590445,2.8295256015900287,0.709
9,128,Buonanotte,MID,BHA,5.0,0.0,u,0.0,Has joined Elche on loan for the rest of the season,0.0,0.0,0.1282327604630083,0.17348723329835605,0.0,0.0,0.0,0.0,0.43588989435406733,0.0
9,129,Ayari,MID,BHA,5.4,0.4,a,100.0,,1.0,63.0,0.1282327604630083,0.21460141816909917,0.08961475105643327,0.057128255984686134,0.08619477956686054,2.7884940518601953,2.415745682987547,0.516
9,130,Wieffer,DEF,BHA,5.0,0.3,i,0.0,Knee injury - Unknown return date,0.0,0.0,0.1282327604630083,0.4954059020646417,0.0,0.0,0.0,0.0,0.43588989435406733,0.0
9,132,Howell,MID,BHA,4.5,0.0,u,0.0,Has joined Leicester City on loan for the rest of the season,0.0,0.0,0.1282327604630083,0.16014206150617483,0.0,0.0,0.0,0.0,0.43588989435406733,0.0
9,133,Watson,MID,BHA,5.0,0.0,u,0.0,Has joined Leicester City on loan for the rest of the season,0.0,0.0,0.1282327604630083,0.17348723329835605,0.0,0.0,0.0,0.0,0.43588989435406733,0.0
9,134,Oriola,MID,BHA,4.5,0.3,a,,,0.0,0.0,0.1282327604630083,0.17348723329835605,0.0,0.0,0.0,0.35,0.8154753215150045,0.078
9,135,Yohanna,MID,BHA,4.9,0.1,i,0.0,Unspecified injury - Expected back 10 Oct,0.0,0.0,0.1282327604630083,0.17348723329835605,0.0,0.0,0.0,0.0,0.43588989435406733,0.0
9,137,Tzimas,FWD,BHA,5.5,0.0,i,0.0,Knee injury - Unknown return date,0.0,0.0,0.1282327604630083,0.0033112582781456954,0.0,0.0,0.0,0.0,0.43588989435406733,0.0
9,138,Kostoulas,FWD,BHA,5.5,0.5,a,,,0.0,26.0,0.1282327604630083,0.002838221381267739,0.13108066169655977,0.022247444038498085,0.0,0.9410649789017334,1.6045271671407286,0.171
9,139,Ferguson,FWD,BHA,5.0,0.0,i,0.0,Ankle injury - Expected back 10 Oct,0.0,0.0,0.1282327604630083,0.0033112582781456954,0.0,0.0,0.0,0.0,0.43588989435406733,0.0
9,328,Struijk,DEF,BHA,5.0,0.2,a,100.0,,0.0,0.0,0.1282327604630083,0.37155442654848125,0.0,0.0,0.0,0.35,0.8154753215150045,0.07
9,504,Vuskovic,DEF,BHA,5.0,3.1,a,,,1.0,90.0,0.1282327604630083,0.25756882831793654,0.06720855806200685,0.03370420195622441,0.067377656122133,2.3700985083687494,2.2150481968283815,0.474
9,594,David,FWD,BHA,6.0,0.2,a,,,0.0,0.0,0.1282327604630083,0.0033112582781456954,0.0,0.0,0.0,0.35,0.8154753215150045,0.058
9,600,Osman,MID,BHA,5.0,0.0,a,,,0.0,12.0,0.1282327604630083,0.17348723329835605,0.016348730975212212,0.0153984417373309,0.0,0.47793898008805374,1.0030834701153117,0.096
9,605,Yalcouyé,MID,BHA,4.5,3.0,a,,,0.0,4.0,0.1282327604630083,0.17348723329835605,0.007879659852905552,0.005248354293004811,0.0,0.4051433621435422,0.9039083732271559,0.09
9,614,Hadjam,DEF,BHA,4.5,0.0,a,,,0.25,20.0,0.1282327604630083,0.2790328973444312,0.009907478749843447,0.008794984748007748,0.015378642531216926,0.823171165527964,1.2741546558413512,0.183
9,624,Cozier-Duberry,MID,BHA,5.0,0.0,u,0.0,Has joined Middlesbrough on loan for the rest of the season,0.0,0.0,0.1282327604630083,0.17348723329835605,0.0,0.0,0.0,0.0,0.43588989435406733,0.0
9,639,Andrés,MID,BHA,5.5,0.0,a,,,0.25,20.0,0.1282327604630083,0.17348723329835605,0.028122817044516416,0.025132385761208857,0.024175055116329534,1.004483959846274,1.4412690331700806,0.183
9,652,Azeez,MID,BHA,5.5,0.0,d,50.0,Hamstring injury - 50% chance of playing,0.125,10.0,0.1282327604630083,0.17348723329835605,0.014061408522258208,0.012566192880604428,0.012087527558164767,0.524116979923137,1.039322237319836,0.095
9,28,Martinez,GK,CHE,5.0,5.0,a,,,0.0,0.0,0.22379074892919093,0.0,0.0,0.0,0.0,0.35,0.8154753215150045,0.07
9,40,Rogers,MID,CHE,7.6,31.0,a,,,1.0,81.0,0.22379074892919093,0.061636935991605454,0.22341603608520655,0.18840430258437196,0.1825314288199774,3.754123968238536,2.910898788375243,0.494
9,101,Henderson,MID,CHE,4.9,0.0,d,75.0,Wrist injury - 75% chance of playing,0.0,0.0,0.22379074892919093,0.16393054192194428,0.0,0.0,0.0,0.175,0.5766281297335397,0.036
9,136,Welbeck,FWD,CHE,5.9,0.8,a,100.0,,0.0,0.0,0.22379074892919093,0.0010739216037229282,0.0,0.0,0.0,0.35,0.8154753215150045,0.059
9,140,Sánchez,GK,CHE,4.9,1.0,u,0.0,Has joined Como on loan for the rest of the season,0.0,0.0,0.22379074892919093,0.0,0.0,0.0,0.0,0.0,0.43588989435406733,0.0
9,141,Jörgensen,GK,CHE,5.0,0.0,u,0.0,Has joined RC Strasbourg on loan for the rest of the season,0.0,0.0,0.22379074892919093,0.0,0.0,0.0,0.0,0.0,0.43588989435406733,0.0
9,142,James,DEF,CHE,5.4,7.8,a,,,1.0,90.0,0.22379074892919093,0.1671373365041617,0.052471056530333016,0.11932070136733477,0.11607480249648146,3.019891117683049,2.4602071991561587,0.559
9,143,Chalobah,DEF,CHE,5.5,0.1,u,0.0,Has joined Como permanently,0.0,0.0,0.22379074892919093,0.41305701828888514,0.0,0.0,0.0,0.0,0.43588989435406733,0.0
9,144,Gusto,DEF,CHE,5.0,1.1,a,,,1.0,75.0,0.22379074892919093,0.09301096578147708,0.04515267505855502,0.06906215772448819,0.10391791700117588,2.6766557902987955,2.3144247777620772,0.535
9,145,Fofana,DEF,CHE,5.0,0.1,a,100.0,,0.0,0.0,0.22379074892919093,0.34494649227110585,0.0,0.0,0.0,0.35,0.8154753215150045,0.07
9,146,B.Badiashile,DEF,CHE,4.5,0.0,u,0.0,Has joined Napoli on loan for the rest of the season,0.0,0.0,0.22379074892919093,0.28989298454221163,0.0,0.0,0.0,0.0,0.43588989435406733,0.0
9,148,Hato,DEF,CHE,4.5,0.9,a,,,1.0,64.0,0.22379074892919093,0.18906064209274673,0.016076967049608506,0.033253065644483444,0.08022731269892111,2.5478150661155836,2.222005946868113,0.566
9,149,Colwill,DEF,CHE,4.9,1.1,a,,,1.0,90.0,0.22379074892919093,0.35655965120887834,0.04319063014151691,0.0350289832391503,0.08332455191553126,3.027120213441327,2.4516672258664354,0.618
9,150,M.Sarr,DEF,CHE,4.5,0.0,u,0.0,Has joined Real Sociedad on loan for the rest of the season,0.0,0.0,0.22379074892919093,0.25756882831793654,0.0,0.0,0.0,0.0,0.43588989435406733,0.0
9,151,Acheampong,DEF,CHE,4.5,0.4,a,,,1.0,90.0,0.22379074892919093,0.21741973840665874,0.058189565001277754,0.020742109971304188,0.08357377347270141,2.8184849847974394,2.3883590310342373,0.626
9,152,Palestra,DEF,CHE,5.4,1.0,d,75.0,Unspecified injury - 75% chance of playing,0.0,0.0,0.22379074892919093,0.2790328973444312,0.0,0.0,0.0,0.175,0.5766281297335397,0.032
9,154,Palmer,MID,CHE,9.7,24.6,a,100.0,,1.0,82.0,0.22379074892919093,0.1200543176347139,0.47711291389658556,0.1625374373712193,0.26809841714823435,5.13806273220755,3.5531671329356094,0.53
9,156,Neto,MID,CHE,6.5,1.4,a,,,0.0,14.0,0.22379074892919093,0.049567780942387445,0.02596621693564043,0.03223838088707683,0.0,0.5765462273394326,1.1185862208872253,0.089
9,157,Estêvão,MID,CHE,6.4,0.8,a,,,0.0,7.0,0.22379074892919093,0.10957088418843541,0.019201378650688373,0.01443108531120861,0.0,0.48930014918706766,1.022193012771834,0.076
9,158,Gittens,MID,CHE,5.9,0.0,a,,,0.0,0.0,0.22379074892919093,0.14870334282716233,0.0,0.0,0.0,0.35,0.8154753215150045,0.059
9,159,Caicedo,MID,CHE,5.4,1.6,d,75.0,Calf injury - 75% chance of playing,0.0,0.0,0.22379074892919093,0.3507406232460529,0.0,0.0,0.0,0.175,0.5766281297335397,0.032
9,161,Lavia,MID,CHE,5.0,0.2,a,,,1.0,64.0,0.22379074892919093,0.14870334282716233,0.08818578667925853,0.049725895429985595,0.09025748093106267,2.7298657404341466,2.390786403445617,0.546
9,163,D.Essugo,MID,CHE,4.5,0.1,u,0.0,Has joined RC Strasbourg on loan for the rest of the season,0.0,0.0,0.22379074892919093,0.17348723329835605,0.0,0.0,0.0,0.0,0.43588989435406733,0.0
9,164,Quenda,MID,CHE,5.4,0.0,a,100.0,,0.0,8.0,0.22379074892919093,0.17348723329835605,0.011149134579426068,0.009963594710665912,0.0,0.43563645702912807,0.9458351208492417,0.081
9,165,João Pedro,FWD,CHE,7.7,72.9,a,,,1.0,90.0,0.22379074892919093,0.0009240720776220546,0.5133372444816295,0.08163658577556883,0.23061991548293853,4.100578943358987,3.2971386775918075,0.533
9,168,Marc Guiu,FWD,CHE,5.0,0.3,u,0.0,Has joined RB Leipzig permanently,0.0,0.0,0.22379074892919093,0.003056546102903719,0.0,0.0,0.0,0.0,0.43588989435406733,0.0
9,169,Mheuka,FWD,CHE,4.5,0.4,a,,,0.0,0.0,0.22379074892919093,0.0033112582781456954,0.0,0.0,0.0,0.35,0.8154753215150045,0.078
9,170,Emegha,FWD,CHE,5.0,0.1,d,75.0,Hamstring injury - 75% chance of playing,0.0,0.0,0.22379074892919093,0.0033112582781456954,0.0,0.0,0.0,0.175,0.5766281297335397,0.035
9,200,Lacroix,DEF,CHE,6.0,8.1,a,,,1.0,90.0,0.22379074892919093,0.5180509525134718,0.06147148566048761,0.04030339661408826,0.0915688960283993,3.458016925193285,2.634209762306367,0.576
9,560,Penders,GK,CHE,4.5,0.1,a,,,0.0,0.0,0.22379074892919093,0.0,0.0,0.0,0.0,0.35,0.8154753215150045,0.078
9,561,Anselmino,DEF,CHE,4.5,0.0,a,100.0,,0.0,0.0,0.22379074892919093,0.2790328973444312,0.0,0.0,0.0,0.35,0.8154753215150045,0.078
9,568,Barco,MID,CHE,5.5,0.1,a,,,0.0,0.0,0.22379074892919093,0.17348723329835605,0.0,0.0,0.0,0.35,0.8154753215150045,0.064
9,583,Chavarria,DEF,CHE,4.9,0.2,a,,,0.0,25.0,0.22379074892919093,0.2790328973444312,0.011379840175167405,0.010552634487565073,0.0,0.44993694451369964,0.9608117586848288,0.092
9,91,Pinnock,DEF,COV,4.5,0.1,a,,,0.0,0.0,0.3625715163476277,0.3342746730083234,0.0,0.0,0.0,0.35,0.8154753215150045,0.078
9,104,Onyeka,MID,COV,4.9,0.1,a,,,1.0,90.0,0.3625715163476277,0.16014206150617483,0.08436845113354925,0.12775271283918213,0.11049955902521875,3.113827141421691,2.5342616825226454,0.635
9,110,Rushworth,GK,COV,4.5,0.9,a,,,1.0,90.0,0.3625715163476277,0.0,0.0,0.0002302631578947368,0.09072347119217009,3.0367703053439343,2.4020540335624165,0.675
9,171,Dovin,GK,COV,4.0,1.2,u,0.0,Has joined Leyton Orient on loan for the rest of the season,0.0,0.0,0.3625715163476277,0.0,0.0,0.0,0.0,0.0,0.43588989435406733,0.0
9,172,Wilson,GK,COV,4.5,0.4,a,,,0.0,0.0,0.3625715163476277,0.0,0.0,0.0,0.0,0.35,0.8154753215150045,0.078
9,173,Thomas,DEF,COV,4.0,8.9,a,,,1.0,90.0,0.3625715163476277,0.33449190524101347,0.05469698862519113,0.04826476485373381,0.12667949280453064,3.852467985615006,2.7654784584985754,0.963
9,174,Kitching,DEF,COV,4.0,0.4,u,0.0,Has joined Sheffield United on loan for the rest of the season,0.0,0.0,0.3625715163476277,0.2790328973444312,0.0,0.0,0.0,0.0,0.43588989435406733,0.0
9,175,van Ewijk,DEF,COV,4.0,10.9,a,,,1.0,90.0,0.3625715163476277,0.25756882831793654,0.031208558062006855,0.05470420195622441,0.12071234509328786,3.583350104293668,2.6449227864968026,0.896
9,176,Dasilva,DEF,COV,4.0,0.7,a,,,1.0,90.0,0.3625715163476277,0.25756882831793654,0.049105782424502156,0.042634718165331306,0.12275205429334862,3.656564708296021,2.691116430091692,0.914
9,177,Kesler-Hayden,DEF,COV,4.0,0.0,i,0.0,Hamstring injury - Unknown return date,0.0,0.0,0.3625715163476277,0.2790328973444312,0.0,0.0,0.0,0.0,0.43588989435406733,0.0
9,178,Bidwell,DEF,COV,4.0,0.1,a,,,0.0,0.0,0.3625715163476277,0.2790328973444312,0.0,0.0,0.0,0.35,0.8154753215150045,0.087
9,179,Latibeaudiere,DEF,COV,4.0,0.0,a,,,0.0,0.0,0.3625715163476277,0.2790328973444312,0.0,0.0,0.0,0.35,0.8154753215150045,0.087
9,180,Woolfenden,DEF,COV,4.0,0.1,i,0.0,Knee injury - Unknown return date,0.0,0.0,0.3625715163476277,0.2790328973444312,0.0,0.0,0.0,0.0,0.43588989435406733,0.0
9,181,Brau,DEF,COV,4.0,0.0,u,0.0,Has joined Academico de Viseu on loan for the rest of the season,0.0,0.0,0.3625715163476277,0.2790328973444312,0.0,0.0,0.0,0.0,0.43588989435406733,0.0
9,182,Amenda,DEF,COV,4.0,0.8,a,,,1.0,90.0,0.3625715163476277,0.25756882831793654,0.03420855806200686,0.06670420195622441,0.12596234509328785,3.6426001042936673,2.669492750791807,0.911
9,183,Rudoni,MID,COV,5.0,0.1,a,100.0,,0.0,20.0,0.3625715163476277,0.17348723329835605,0.034632444980701796,0.02701749612592774,0.0,0.6042147132812922,1.1643893786524617,0.121
9,184,Grimes,MID,COV,5.0,0.1,a,,,1.0,90.0,0.3625715163476277,0.16014206150617483,0.09458687369022672,0.09198037635963255,0.10155568915221351,3.048658374893424,2.5218985218360523,0.61
9,185,Sakamoto,MID,COV,4.9,0.1,a,,,0.0,0.0,0.3625715163476277,0.17348723329835605,0.0,0.0,0.0,0.35,0.8154753215150045,0.071
9,186,Mason-Clark,MID,COV,5.4,0.1,a,100.0,,0.0,0.0,0.3625715163476277,0.17348723329835605,0.0,0.0,0.0,0.35,0.8154753215150045,0.065
9,187,Eccles,MID,COV,4.9,0.0,i,0.0,Unspecified injury - Expected back 12 Oct,0.0,0.0,0.3625715163476277,0.17348723329835605,0.0,0.0,0.0,0.0,0.43588989435406733,0.0
9,188,Torp,MID,COV,5.4,0.1,a,,,0.0,28.0,0.3625715163476277,0.17348723329835605,0.0373158534606239,0.03708467354127415,0.0,0.647833287926942,1.2061419351904372,0.12
9,189,Shepherd,MID,COV,4.5,0.2,a,,,0.0,0.0,0.3625715163476277,0.17348723329835605,0.0,0.0,0.0,0.35,0.8154753215150045,0.078
9,190,Tchaouna,MID,COV,5.4,0.1,a,,,1.0,81.0,0.3625715163476277,0.12327387198321091,0.0901497654266337,0.07363342397669562,0.09995061418050194,2.9019894327326825,2.460625634823774,0.537
9,191,Borges Rodrigues,MID,COV,4.5,0.1,u,0.0,Has joined Burton Albion on loan for the rest of the season,0.0,0.0,0.3625715163476277,0.17348723329835605,0.0,0.0,0.0,0.0,0.43588989435406733,0.0
9,192,Andrews,MID,COV,4.5,0.4,u,0.0,Has joined Oxford United on loan for the rest of the season,0.0,0.0,0.3625715163476277,0.17348723329835605,0.0,0.0,0.0,0.0,0.43588989435406733,0.0
9,193,Wright,FWD,COV,5.4,0.1,i,0.0,Thigh injury - Unknown return date,0.0,0.0,0.3625715163476277,0.0033112582781456954,0.0,0.0,0.0,0.0,0.43588989435406733,0.0
9,194,Thomas-Asante,FWD,COV,5.0,0.8,a,,,1.0,69.0,0.3625715163476277,0.003056546102903719,0.28558546489902237,0.040015450076950426,0.18490104760205467,3.0229133022583383,2.7307596129438005,0.605
9,195,Simms,FWD,COV,5.0,0.8,a,,,1.0,69.0,0.3625715163476277,0.003056546102903719,0.32054031018262896,0.04027842010859739,0.20097874589814868,3.1795992917837994,2.82214112253179,0.636
9,196,Markelo,FWD,COV,5.0,0.0,u,0.0,Has joined Shabab Al-Ahli Dubai permanently,0.0,0.0,0.3625715163476277,0.0033112582781456954,0.0,0.0,0.0,0.0,0.43588989435406733,0.0
9,197,Bassette,FWD,COV,4.5,0.0,u,0.0,Has joined KVC Westerlo on loan for the rest of the season,0.0,0.0,0.3625715163476277,0.0033112582781456954,0.0,0.0,0.0,0.0,0.43588989435406733,0.0
9,492,Awoniyi,FWD,COV,5.5,0.7,a,,,0.0,20.0,0.3625715163476277,0.002838221381267739,0.12368874232360973,0.01505437072283894,0.0,0.8899180814629558,1.5598002464165963,0.162
9,575,Yirenkyi,MID,COV,4.9,0.2,a,,,1.0,61.0,0.3625715163476277,0.16014206150617483,0.073096138923581,0.07152591604268221,0.11093903247799704,2.889224663435128,2.4347697414885516,0.59
9,584,Hamer,MID,COV,5.4,0.1,a,,,0.0,8.0,0.3625715163476277,0.17348723329835605,0.010849157864284555,0.009885145558842647,0.0,0.43390122599795067,0.9431369341626981,0.08
9,599,Cherif,FWD,COV,5.0,0.1,a,,,0.0,0.0,0.3625715163476277,0.0033112582781456954,0.0,0.0,0.0,0.35,0.8154753215150045,0.07
9,623,Bentley,GK,COV,4.0,0.4,a,,,0.25,20.0,0.3625715163476277,0.0,0.0,3.6549707602339175e-05,0.022675111219095153,1.021623771511422,1.393228325103858,0.255
9,655,Gboho,MID,COV,5.5,0.0,a,,,0.25,20.0,0.3625715163476277,0.17348723329835605,0.028122817044516416,0.025132385761208857,0.03003352401344502,1.064240342596852,1.4801329511909114,0.193
9,42,Guessand,MID,CRY,5.5,0.0,a,,,0.0,27.0,0.2413984022971508,0.10957088418843541,0.04185094530777858,0.027334767394362264,0.0,0.6412590287219797,1.212228454714058,0.117
9,153,Disasi,DEF,CRY,4.5,0.1,a,,,0.0,0.0,0.2413984022971508,0.20570749108204517,0.0,0.0,0.0,0.35,0.8154753215150045,0.078
9,198,Henderson,GK,CRY,5.0,2.0,a,100.0,,1.0,90.0,0.2413984022971508,0.0,8.75e-05,0.0011518914473684211,0.06078338758086665,2.5174338547842257,2.187155532670237,0.503
9,199,Benitez,GK,CRY,4.5,0.1,a,,,0.0,0.0,0.2413984022971508,0.0,0.0,0.0,0.0,0.35,0.8154753215150045,0.078
9,202,Richards,DEF,CRY,5.0,0.7,a,,,1.0,90.0,0.2413984022971508,0.394281699275754,0.057170487130081424,0.028588701093206503,0.09036531645243848,3.265844706595108,2.558931000498293,0.653
9,203,Canvot,DEF,CRY,4.9,0.2,a,,,1.0,90.0,0.2413984022971508,0.4573479543753028,0.06623798491179286,0.01867315602487422,0.09006849990212118,3.406248150913233,2.620934832498874,0.695
9,204,Mitchell,DEF,CRY,4.5,6.1,a,,,1.0,90.0,0.2413984022971508,0.19475822433610782,0.1056442679508442,0.07780341023311924,0.1245562879386749,3.3713992965367106,2.6532101822367586,0.749
9,205,Sosa,DEF,CRY,4.5,0.0,u,0.0,Has joined FC Cologne on loan for the rest of the season,0.0,0.0,0.2413984022971508,0.2790328973444312,0.0,0.0,0.0,0.0,0.43588989435406733,0.0
9,206,Chadi Riad,DEF,CRY,4.4,0.0,i,0.0,Knee injury - Unknown return date,0.0,0.0,0.2413984022971508,0.22886288253332498,0.0,0.0,0.0,0.0,0.43588989435406733,0.0
9,207,Mingueza,DEF,CRY,4.4,0.1,a,,,0.0,0.0,0.2413984022971508,0.2790328973444312,0.0,0.0,0.0,0.35,0.8154753215150045,0.08
9,208,Sarr,MID,CRY,6.3,0.8,i,0.0,Groin injury - Unknown return date,0.0,0.0,0.2413984022971508,0.061230788222949195,0.0,0.0,0.0,0.0,0.43588989435406733,0.0
9,210,Wharton,MID,CRY,5.5,0.9,a,100.0,,1.0,90.0,0.2413984022971508,0.2946791902336652,0.03697036449504217,0.18196783058770008,0.10076820850867486,3.165819762890308,2.4973745687144806,0.576
9,211,Yeremy,MID,CRY,5.5,0.4,a,,,0.0,35.0,0.2413984022971508,0.09941441288968622,0.07043445788187168,0.10197916905218066,0.0,1.0081097965659005,1.529057016846148,0.183
9,212,Hughes,MID,CRY,4.5,8.7,a,,,0.0,0.0,0.2413984022971508,0.08327387198321091,0.0,0.0,0.0,0.35,0.8154753215150045,0.078
9,213,Lerma,MID,CRY,4.9,0.1,a,,,0.0,0.0,0.2413984022971508,0.21720881427072403,0.0,0.0,0.0,0.35,0.8154753215150045,0.071
9,214,Kamada,MID,CRY,5.0,0.4,a,,,1.0,90.0,0.2413984022971508,0.24490444847212947,0.06102043635609547,0.11669771936802921,0.08634119473315872,2.9842472499198207,2.4568663767051375,0.597
9,215,Devenny,MID,CRY,5.0,0.0,u,0.0,Has joined Stoke City permanently,0.0,0.0,0.2413984022971508,0.16220246313580383,0.0,0.0,0.0,0.0,0.43588989435406733,0.0
9,216,Esse,MID,CRY,5.0,0.0,u,0.0,Has joined Millwall on loan for the rest of the season,0.0,0.0,0.2413984022971508,0.17348723329835605,0.0,0.0,0.0,0.0,0.43588989435406733,0.0
9,217,M.França,MID,CRY,4.9,0.0,a,,,0.0,0.0,0.2413984022971508,0.17348723329835605,0.0,0.0,0.0,0.35,0.8154753215150045,0.071
9,218,Doucouré,MID,CRY,4.9,0.1,a,,,0.0,0.0,0.2413984022971508,0.17348723329835605,0.0,0.0,0.0,0.35,0.8154753215150045,0.071
9,219,J.Rak-Sakyi,MID,CRY,4.9,0.0,u,0.0,has joined  Kasimpasa on loan for the rest of the seaon.,0.0,0.0,0.2413984022971508,0.17348723329835605,0.0,0.0,0.0,0.0,0.43588989435406733,0.0
9,220,Cardines,DEF,CRY,4.5,0.0,u,0.0,Has joined Bristol City on loan for the rest of the season,0.0,0.0,0.2413984022971508,0.25756882831793654,0.0,0.0,0.0,0.0,0.43588989435406733,0.0
9,221,Drakes-Thomas,MID,CRY,4.5,0.1,a,,,0.0,0.0,0.2413984022971508,0.17348723329835605,0.0,0.0,0.0,0.35,0.8154753215150045,0.078
9,222,Strand Larsen,FWD,CRY,6.0,0.5,a,,,0.0,27.0,0.2413984022971508,0.0011352885525070956,0.08465391640755225,0.010803315246877663,0.0,0.7210256113708419,1.3703547570063428,0.12
9,223,Mateta,FWD,CRY,6.4,1.8,i,0.0,Hamstring injury - Expected back 11 Oct,0.0,0.0,0.2413984022971508,0.0011037527593818985,0.0,0.0,0.0,0.0,0.43588989435406733,0.0
9,224,Nketiah,FWD,CRY,5.5,0.7,a,,,0.0,55.0,0.2413984022971508,0.002838221381267739,0.30156348448209264,0.07265734350778429,0.0,1.7742259684517232,2.2760514596447132,0.323
9,225,Uche,FWD,CRY,5.0,0.0,u,0.0,has returned to Getafe CF,0.0,0.0,0.2413984022971508,0.0033112582781456954,0.0,0.0,0.0,0.0,0.43588989435406733,0.0
9,241,McNeil,MID,CRY,5.4,0.1,a,,,1.0,62.0,0.2413984022971508,0.16327387198321092,0.06085875356677013,0.13281188321316487,0.1225370185937143,2.9177768906295465,2.4308287915023468,0.54
9,555,Matthews,GK,CRY,4.0,1.8,a,,,0.0,0.0,0.2413984022971508,0.0,0.0,0.0,0.0,0.35,0.8154753215150045,0.087
9,577,Tomiyasu,DEF,CRY,4.5,0.3,a,,,0.0,18.0,0.2413984022971508,0.2790328973444312,0.01429652990982567,0.0072237445851876195,0.0,0.45745041321451685,0.9772077386955835,0.102
9,588,Khalaili,DEF,CRY,5.0,0.2,a,,,0.0,35.0,0.2413984022971508,0.2790328973444312,0.04188036987744865,0.01886706516747735,0.0,0.6578834147671239,1.2252594449022733,0.132
9,595,Gozo,MID,CRY,5.0,0.0,a,,,0.0,0.0,0.2413984022971508,0.17348723329835605,0.0,0.0,0.0,0.35,0.8154753215150045,0.07
9,633,Ahanor,DEF,CRY,4.5,0.0,a,,,0.25,20.0,0.2413984022971508,0.2790328973444312,0.009907478749843447,0.008794984748007748,0.022451495145850833,1.004439464021167,1.4028114107531624,0.223
9,643,Chilwell,DEF,CRY,4.5,0.4,a,,,0.25,20.0,0.2413984022971508,0.2790328973444312,0.01651484908462919,0.030077406775185417,0.03343310088837392,1.1189125578539374,1.4916510833402885,0.249
9,644,Timber,MID,CRY,5.0,0.0,a,,,0.25,20.0,0.2413984022971508,0.17348723329835605,0.02620223793362169,0.02309387002724414,0.02544530256701969,1.016063862162449,1.4448995694200975,0.203
9,647,Osorio,MID,CRY,5.5,0.0,a,,,0.25,20.0,0.2413984022971508,0.17348723329835605,0.028091569470022514,0.025104460888140848,0.02698089701095559,1.0330778868710793,1.459930615431838,0.188
9,21,Nørgaard,MID,EVE,4.9,0.1,i,0.0,Groin injury - Unknown return date,0.0,0.0,0.22550742106344496,0.17348723329835605,0.0,0.0,0.0,0.0,0.43588989435406733,0.0
9,209,Johnson,MID,EVE,5.9,0.1,a,,,0.0,6.0,0.22550742106344496,0.07435167141358116,0.017422071069321633,0.005059358766076174,0.0,0.4522884316448367,0.981774132140952,0.077
9,226,Pickford,GK,EVE,5.5,8.6,a,,,1.0,90.0,0.22550742106344496,0.0,0.0,0.006643843404808317,0.05870220045754415,2.463889353645847,2.1636519525855142,0.448
9,227,Travers,GK,EVE,5.0,0.0,a,,,0.0,0.0,0.22550742106344496,0.0,0.0,0.0,0.0,0.35,0.8154753215150045,0.07
9,228,King,GK,EVE,4.5,0.0,a,,,0.0,0.0,0.22550742106344496,0.0,0.0,0.0,0.0,0.35,0.8154753215150045,0.078
9,229,Tarkowski,DEF,EVE,6.0,11.4,a,,,1.0,90.0,0.22550742106344496,0.5069678953626635,0.05628616101580171,0.046502967902163676,0.09235305038714911,3.4355460787990104,2.6201630704620142,0.573
9,230,Branthwaite,DEF,EVE,5.5,1.9,a,,,1.0,90.0,0.22550742106344496,0.3174197384066587,0.048537215047540036,0.018899612559884787,0.07997974492845993,2.9451004227048654,2.4262963737813408,0.535
9,231,Keane,DEF,EVE,4.9,0.9,a,,,0.0,0.0,0.22550742106344496,0.4475218236130043,0.0,0.0,0.0,0.35,0.8154753215150045,0.071
9,232,O'Brien,DEF,EVE,4.9,0.3,a,,,0.0,0.0,0.22550742106344496,0.19475822433610782,0.0,0.0,0.0,0.35,0.8154753215150045,0.071
9,233,Mykolenko,DEF,EVE,4.5,1.9,a,,,1.0,90.0,0.22550742106344496,0.22496510365506903,0.009539955496518732,0.05237296115857356,0.07804637609514353,2.6394870144185614,2.2521689679893866,0.587
9,234,Patterson,DEF,EVE,4.5,0.0,u,0.0,Has joined Torino permanently,0.0,0.0,0.22550742106344496,0.35655965120887834,0.0,0.0,0.0,0.0,0.43588989435406733,0.0
9,235,Aznou,DEF,EVE,4.0,0.1,u,0.0,Has joined Malaga on loan for the rest of the season,0.0,0.0,0.22550742106344496,0.2790328973444312,0.0,0.0,0.0,0.0,0.43588989435406733,0.0
9,236,Dewsbury-Hall,MID,EVE,6.5,4.5,a,,,1.0,90.0,0.22550742106344496,0.1686153999900065,0.1432536250481421,0.15467900384188055,0.12682716221785242,3.394851462344186,2.7036529971027727,0.522
9,238,Grealish,MID,EVE,6.5,0.4,a,100.0,,0.0,8.0,0.22550742106344496,0.06939489331934243,0.010744917647424647,0.01668763968345012,0.0,0.4537875072874736,0.962634806004202,0.07
9,239,Garner,MID,EVE,6.0,0.1,d,75.0,Unspecified injury - 75% chance of playing,0.0,5.5,0.22550742106344496,0.4416369359916055,0.0028677036807797335,0.008749689398512398,0.0,0.21558758659943583,0.6533166434613513,0.036
9,242,George,MID,EVE,5.5,0.5,a,,,1.0,83.0,0.22550742106344496,0.13878978663868485,0.11646972769052776,0.14096202505388813,0.120250744653924,3.158325493061777,2.5883656625292613,0.574
9,243,Alcaraz,MID,EVE,5.0,0.1,a,,,0.0,1.0,0.22550742106344496,0.10957088418843541,0.0019356923062057753,0.0009591928573827873,0.0,0.3625560401031772,0.8369412345160628,0.073
9,244,Armstrong,MID,EVE,5.0,0.4,a,,,1.0,90.0,0.22550742106344496,0.22676926664334848,0.12019007363434803,0.05764173844763086,0.08479187633503711,3.0533897378518007,2.5539344047419283,0.611
9,245,Dibling,MID,EVE,5.4,0.0,a,,,0.0,0.0,0.22550742106344496,0.22013191425573378,0.0,0.0,0.0,0.35,0.8154753215150045,0.065
9,246,Röhl,MID,EVE,5.0,0.0,a,,,1.0,90.0,0.22550742106344496,0.16220246313580383,0.07538657445862705,0.07234236626109394,0.07425587135824684,2.744135201982912,2.380373149428319,0.549
9,247,Hackney,MID,EVE,5.5,0.2,a,100.0,,1.0,78.0,0.22550742106344496,0.16014206150617483,0.09959399681068,0.09416003834940219,0.10079756399791615,2.9533758836492536,2.4917821252665053,0.537
9,248,Beto,FWD,EVE,5.4,1.0,u,0.0,Has joined Fiorentina permanently,0.0,0.0,0.22550742106344496,0.0014191106906338694,0.0,0.0,0.0,0.0,0.43588989435406733,0.0
9,249,Barry,FWD,EVE,5.6,5.8,a,,,1.0,78.0,0.22550742106344496,0.0012417218543046358,0.5400289989132224,0.02688899649231219,0.2514983940970411,4.0645661474387875,3.311019431174186,0.726
9,649,Maitland-Niles,DEF,EVE,4.5,0.2,a,,,0.25,20.0,0.22550742106344496,0.2790328973444312,0.010438444797530894,0.008667946079425413,0.021617355224266856,0.9843935528119815,1.3903159421972944,0.219
9,654,Graham,MID,EVE,4.5,0.1,a,,,0.25,20.0,0.22550742106344496,0.17348723329835605,0.028122817044516416,0.025132385761208857,0.02660692163134045,1.0292889982993854,1.4575273579030792,0.229
9,250,Leno,GK,FUL,4.5,3.0,a,,,1.0,90.0,0.206270577787618,0.0,0.0,0.0004463125406107862,0.05172385383611828,2.3555073125466124,2.115529223111457,0.523
9,251,Lecomte,GK,FUL,4.0,1.2,a,,,0.0,0.0,0.206270577787618,0.0,0.0,0.0,0.0,0.35,0.8154753215150045,0.087
9,252,McNally,GK,FUL,4.0,0.1,u,0.0,Has joined York City on loan for the rest of the season,0.0,0.0,0.206270577787618,0.0,0.0,0.0,0.0,0.0,0.43588989435406733,0.0
9,253,Andersen,DEF,FUL,5.0,0.1,a,100.0,,0.0,0.0,0.206270577787618,0.5429859248403064,0.0,0.0,0.0,0.35,0.8154753215150045,0.07
9,254,Robinson,DEF,FUL,4.5,1.4,a,,,1.0,81.0,0.206270577787618,0.253392923039075,0.042801654232598456,0.0832305562450872,0.10058017074378225,2.896630641856874,2.400085028686203,0.644
9,255,J.Cuenca,DEF,FUL,4.5,0.0,a,,,1.0,90.0,0.206270577787618,0.4934084681797033,0.013683033461124384,0.03746877722217078,0.0694707781860578,2.9951527906603115,2.4026836044351194,0.666
9,256,Tete,DEF,FUL,4.4,0.2,a,,,0.0,0.0,0.206270577787618,0.3338191860688121,0.0,0.0,0.0,0.35,0.8154753215150045,0.08
9,257,Bassey,DEF,FUL,4.5,0.7,a,,,1.0,90.0,0.206270577787618,0.2767901162959311,0.03371893182429047,0.016068839313127636,0.06899336434500083,2.6521131858049807,2.2893948204657066,0.589
9,258,Castagne,DEF,FUL,4.5,0.8,a,,,1.0,90.0,0.206270577787618,0.1671373365041617,0.1008082857896202,0.0726958519103504,0.1122940926418942,3.0660699608686652,2.5358199148181213,0.681
9,261,Iwobi,MID,FUL,5.4,0.8,a,,,1.0,90.0,0.206270577787618,0.07516699511171397,0.0807636516987909,0.23492377225349226,0.1311176561620609,3.137783433986654,2.5389703493281264,0.581
9,262,Smith Rowe,MID,FUL,5.4,0.3,a,,,0.0,0.0,0.206270577787618,0.06715634837355719,0.0,0.0,0.0,0.35,0.8154753215150045,0.065
9,263,Kevin,MID,FUL,5.4,0.0,a,,,0.0,17.0,0.206270577787618,0.11565815553223738,0.020602426656986576,0.023714055428184378,0.0,0.524154299569486,1.058067922736505,0.097
9,264,Bobb,MID,FUL,5.5,0.3,a,,,1.0,66.0,0.206270577787618,0.09051507824262055,0.09518450550450143,0.15787325708565167,0.1414046262876985,3.017263600598191,2.510758426086343,0.549
9,265,Berge,MID,FUL,5.0,0.3,a,,,1.0,72.0,0.206270577787618,0.1539531912952233,0.028611726339788257,0.05375987869597898,0.05666463498190997,2.404045706316607,2.177006476802557,0.481
9,266,Cairney,MID,FUL,5.0,0.0,i,0.0,Knee injury - Expected back 10 Oct,0.0,0.0,0.206270577787618,0.10957088418843541,0.0,0.0,0.0,0.0,0.43588989435406733,0.0
9,268,King,MID,FUL,5.5,1.1,a,,,1.0,90.0,0.206270577787618,0.08007103075308741,0.2102090531407299,0.09699526088773502,0.1281485676887245,3.377279244205868,2.770935741376102,0.614
9,269,Sessegnon,DEF,FUL,4.5,0.3,a,,,0.0,17.0,0.206270577787618,0.47963733650416174,0.02199071992944208,0.025916676436522526,0.0,0.55969434888622,1.0933268415530968,0.124
9,270,Reed,MID,FUL,4.5,1.2,a,,,0.0,0.0,0.206270577787618,0.16014206150617483,0.0,0.0,0.0,0.35,0.8154753215150045,0.078
9,271,Muniz,FWD,FUL,5.4,0.4,a,,,0.0,8.0,0.206270577787618,0.001892147587511826,0.04110088976301557,0.0021013089378629354,0.0,0.5207074858656511,1.11173268447178,0.096
9,272,Kusi-Asare,FWD,FUL,4.5,6.2,a,,,0.0,0.0,0.206270577787618,0.0033112582781456954,0.0,0.0,0.0,0.35,0.8154753215150045,0.078
9,569,Gonzalo,FWD,FUL,6.0,4.1,a,,,1.0,90.0,0.206270577787618,0.003056546102903719,0.5448676302447893,0.061002898910499606,0.23268174298311292,4.170785005523112,3.3456983265026525,0.695
9,570,Palacios,MID,FUL,5.5,0.2,a,,,1.0,72.0,0.206270577787618,0.16014206150617483,0.15707644884739952,0.07150697333007096,0.12063230498140512,3.1749657939445854,2.6410024046901412,0.577
9,580,Charles,MID,FUL,5.0,0.1,a,,,0.0,23.0,0.206270577787618,0.17348723329835605,0.03036608500384553,0.02809560366325353,0.0,0.5861172360089881,1.1383405722542574,0.117
9,610,De Fougerolles,DEF,FUL,4.0,0.1,d,75.0,Unspecified injury - 75% chance of playing,0.0,0.0,0.206270577787618,0.2790328973444312,0.0,0.0,0.0,0.175,0.5766281297335397,0.044
9,626,Zepa,MID,FUL,4.5,0.4,a,,,0.25,20.0,0.206270577787618,0.17348723329835605,0.028122817044516416,0.025132385761208857,0.026126000549444778,1.0243836032640496,1.4543265618384313,0.228
9,635,Larsson,MID,FUL,5.0,0.0,a,,,0.25,20.0,0.206270577787618,0.17348723329835605,0.03065810607076245,0.02971410104634964,0.028928320997053336,1.0536075146983106,1.4784461147946395,0.211
9,636,Ángel,MID,FUL,5.0,0.0,a,,,0.25,20.0,0.206270577787618,0.17348723329835605,0.028122817044516416,0.025132385761208857,0.026126000549444778,1.0243836032640496,1.4543265618384313,0.205
9,650,Affengruber,DEF,FUL,4.5,0.0,a,,,0.25,20.0,0.206270577787618,0.2790328973444312,0.009907478749843447,0.008794984748007748,0.020256006114005035,0.9527674402831127,1.3673708381550977,0.212
9,240,Iroegbunam,MID,HUL,5.0,0.0,a,100.0,,0.0,0.0,0.9573191934773784,0.3243516714135812,0.0,0.0,0.0,0.35,0.8154753215150045,0.07
9,273,Phillips,GK,HUL,4.0,1.5,a,,,0.0,0.0,0.9573191934773784,0.0,0.0,0.0,0.0,0.35,0.8154753215150045,0.087
9,274,Butland,GK,HUL,4.5,0.1,i,0.0,Arm injury - Unknown return date,0.0,0.0,0.9573191934773784,0.0,0.0,0.0,0.0,0.0,0.43588989435406733,0.0
9,275,Cartwright,GK,HUL,4.0,0.0,u,0.0,Has joined Grimsby Town on loan for the rest of the season,0.0,0.0,0.9573191934773784,0.0,0.0,0.0,0.0,0.0,0.43588989435406733,0.0
9,276,Lo-Tutala,GK,HUL,4.0,0.0,u,0.0,Has joined Colchester United on loan for the rest of the season,0.0,0.0,0.9573191934773784,0.0,0.0,0.0,0.0,0.0,0.43588989435406733,0.0
9,277,Egan,DEF,HUL,4.1,6.3,a,,,1.0,90.0,0.9573191934773784,0.33449190524101347,0.031208558062006855,0.02770420195622441,0.2599492643757255,6.237862679958181,3.4697536570039933,1.521
9,278,Hughes,DEF,HUL,4.0,0.1,i,0.0,Groin injury - Unknown return date,0.0,0.0,0.9573191934773784,0.2790328973444312,0.0,0.0,0.0,0.0,0.43588989435406733,0.0
9,279,Ajayi,DEF,HUL,4.1,11.7,a,100.0,,1.0,63.0,0.9573191934773784,0.25756882831793654,0.058692247385265,0.020224067428043817,0.278787955775999,6.257624642174999,3.4988055539632503,1.526
9,280,Coyle,DEF,HUL,4.0,0.6,a,100.0,,1.0,69.0,0.9573191934773784,0.25756882831793654,0.027458577355191114,0.025883078006881256,0.26368142364333413,6.072093121598404,3.4207789164411246,1.518
9,281,Drameh,DEF,HUL,4.0,0.1,u,0.0,Has joined Genoa permanently,0.0,0.0,0.9573191934773784,0.2790328973444312,0.0,0.0,0.0,0.0,0.43588989435406733,0.0
9,282,Giles,DEF,HUL,4.0,1.4,a,,,1.0,84.0,0.9573191934773784,0.25756882831793654,0.03214317470731313,0.04593259591065397,0.26860821235108223,6.165276048130202,3.4506352371253706,1.541
9,283,Jacob,DEF,HUL,4.0,0.0,u,0.0,Has joined Newport County on loan until January,0.0,0.0,0.9573191934773784,0.2790328973444312,0.0,0.0,0.0,0.0,0.43588989435406733,0.0
9,284,McCarthy,DEF,HUL,4.0,0.1,a,,,0.0,0.0,0.9573191934773784,0.2790328973444312,0.0,0.0,0.0,0.35,0.8154753215150045,0.087
9,285,McNair,DEF,HUL,4.0,0.1,a,100.0,,0.0,26.0,0.9573191934773784,0.2790328973444312,0.012507641506191249,0.011103179634096006,0.0,0.45835538793943553,0.9725847449564871,0.115
9,286,Belloumi,MID,HUL,5.0,1.0,a,,,1.0,90.0,0.9573191934773784,0.16014206150617483,0.11065509091678839,0.08692549015973289,0.16488512272452027,3.7243320989582105,2.782114579509861,0.745
9,287,Millar,MID,HUL,5.0,0.0,u,0.0,Has joined Birmingham on loan for the rest of the season,0.0,0.0,0.9573191934773784,0.17348723329835605,0.0,0.0,0.0,0.0,0.43588989435406733,0.0
9,288,Dowell,MID,HUL,4.5,0.3,a,,,0.0,0.0,0.9573191934773784,0.17348723329835605,0.0,0.0,0.0,0.35,0.8154753215150045,0.078
9,289,Crooks,MID,HUL,4.5,0.5,a,100.0,,1.0,90.0,0.9573191934773784,0.16014206150617483,0.1138974090302915,0.10178616233289588,0.17122116932485343,3.791461752645548,2.8084091198057823,0.843
9,290,Slater,MID,HUL,4.5,5.3,a,,,1.0,90.0,0.9573191934773784,0.16014206150617483,0.09158687369022672,0.13410037635963254,0.17472245686518856,3.7803530055657695,2.7806819222479082,0.84
9,291,Matazo,MID,HUL,4.5,0.0,i,0.0,Knee injury - Unknown return date,0.0,0.0,0.9573191934773784,0.17348723329835605,0.0,0.0,0.0,0.0,0.43588989435406733,0.0
9,292,Ömür,MID,HUL,4.9,0.0,a,,,0.0,0.0,0.9573191934773784,0.17348723329835605,0.0,0.0,0.0,0.35,0.8154753215150045,0.071
9,293,Kamara,MID,HUL,5.0,0.0,u,0.0,Has joined Portsmouth permanently,0.0,0.0,0.9573191934773784,0.17348723329835605,0.0,0.0,0.0,0.0,0.43588989435406733,0.0
9,294,Zambrano,MID,HUL,4.5,0.1,a,100.0,,0.0,0.0,0.9573191934773784,0.17348723329835605,0.0,0.0,0.0,0.35,0.8154753215150045,0.078
9,295,McBurnie,FWD,HUL,5.5,1.9,a,,,1.0,90.0,0.9573191934773784,0.003056546102903719,0.4548676302447894,0.0460028989104996,0.271036604552089,3.8041398670920885,3.1554827727217436,0.692
9,296,Akintola,MID,HUL,5.0,0.0,a,,,0.0,0.0,0.9573191934773784,0.17348723329835605,0.0,0.0,0.0,0.35,0.8154753215150045,0.07
9,297,Gyabi,MID,HUL,4.5,0.0,i,0.0,Thigh injury - Unknown return date,0.0,0.0,0.9573191934773784,0.17348723329835605,0.0,0.0,0.0,0.0,0.43588989435406733,0.0
9,298,Destan,FWD,HUL,4.5,0.2,u,0.0,Has joined Konyaspor permanently,0.0,0.0,0.9573191934773784,0.0033112582781456954,0.0,0.0,0.0,0.0,0.43588989435406733,0.0
9,299,Burstow,FWD,HUL,4.5,0.0,u,0.0,Has joined Sheffield Wednesday on loan for the rest of the season,0.0,0.0,0.9573191934773784,0.0033112582781456954,0.0,0.0,0.0,0.0,0.43588989435406733,0.0
9,340,Gelhardt,MID,HUL,5.0,0.0,a,100.0,,0.0,0.0,0.9573191934773784,0.17348723329835605,0.0,0.0,0.0,0.35,0.8154753215150045,0.07
9,556,Targett,DEF,HUL,4.0,1.9,a,,,0.0,5.0,0.9573191934773784,0.2790328973444312,0.0023582961385930547,0.002834030796253027,0.0,0.3726518692203174,0.8498166439592493,0.093
9,563,Morita,MID,HUL,5.0,0.0,i,0.0,Calf injury - Expected back 11 Oct,0.0,0.0,0.9573191934773784,0.17348723329835605,0.0,0.0,0.0,0.0,0.43588989435406733,0.0
9,572,Tzolakis,GK,HUL,4.6,9.6,a,,,1.0,90.0,0.9573191934773784,0.0,0.0,0.0002302631578947368,0.23941039047460774,5.345428084204775,3.18689713671293,1.162
9,574,Hjertø-Dahl,MID,HUL,4.9,0.1,a,,,0.0,0.0,0.9573191934773784,0.17348723329835605,0.0,0.0,0.0,0.35,0.8154753215150045,0.071
9,576,Stroud,MID,HUL,5.0,0.1,a,,,1.0,70.0,0.9573191934773784,0.16014206150617483,0.08093417323464318,0.07267726019128841,0.16485706438940706,3.5329547623070385,2.6829496990795842,0.707
9,585,Herrington,DEF,HUL,4.0,0.6,a,,,0.0,26.0,0.9573191934773784,0.2790328973444312,0.01179210137425811,0.010467986291184334,0.0,0.4521565671191016,0.9642873460602093,0.113
9,586,Mendy,DEF,HUL,4.1,7.9,a,100.0,,1.0,63.0,0.9573191934773784,0.33449190524101347,0.04686874185106984,0.02182475465218123,0.27367654662097013,6.327912723025673,3.507740957490333,1.543
9,589,Gourna-Douath,MID,HUL,5.0,0.0,a,,,0.0,0.0,0.9573191934773784,0.17348723329835605,0.0,0.0,0.0,0.35,0.8154753215150045,0.07
9,617,Cho,MID,HUL,5.0,0.0,a,,,0.25,20.0,0.9573191934773784,0.17348723329835605,0.02876521453821892,0.024713512665188706,0.04499022867327621,1.2179443811769777,1.576922829901822,0.244
9,632,Ansah,FWD,HUL,5.0,0.0,i,0.0,Back injury - Unknown return date,0.0,0.0,0.9573191934773784,0.0033112582781456954,0.0,0.0,0.0,0.0,0.43588989435406733,0.0
9,637,Vaz,FWD,HUL,5.0,0.0,a,,,0.25,20.0,0.9573191934773784,0.0033112582781456954,0.09551353341104425,0.01269933298746019,0.06654179598134558,1.1432171073958504,1.6568626088237917,0.229
9,638,Norton-Cuffy,DEF,HUL,4.0,0.3,a,,,0.25,20.0,0.9573191934773784,0.2790328973444312,0.009621262697070192,0.008540907410843082,0.066983804072327,1.8142103241902845,1.8720916623242467,0.454
9,642,Thomas,MID,HUL,5.5,0.0,a,,,0.25,20.0,0.9573191934773784,0.17348723329835605,0.027279132533180924,0.025245080855039258,0.044614388858546156,1.2117328359066095,1.5703398305531333,0.22
9,645,Mouzakitis,MID,HUL,5.0,0.0,a,,,0.25,20.0,0.9573191934773784,0.17348723329835605,0.028122817044516416,0.025132385761208857,0.044902215941688785,1.2159010002649384,1.5744677839735182,0.243
9,259,Diop,DEF,IPS,4.0,14.6,a,,,1.0,90.0,0.17941967628638006,0.20706641753015118,0.037201021235709966,0.010714518829083584,0.06162535809427276,2.360842658724908,2.169978612565475,0.59
9,267,Lukić,MID,IPS,5.0,0.1,a,,,1.0,90.0,0.17941967628638006,0.16939489331934243,0.06036958199004083,0.06594674114731225,0.06215268072671158,2.608593520009912,2.3061971251302604,0.522
9,300,Walton,GK,IPS,4.5,0.4,a,,,0.0,0.0,0.17941967628638006,0.0,0.0,0.0,0.0,0.35,0.8154753215150045,0.078
9,301,Palmer,GK,IPS,4.0,4.2,a,,,0.0,0.0,0.17941967628638006,0.0,0.0,0.0,0.0,0.35,0.8154753215150045,0.087
9,302,Button,GK,IPS,4.0,0.5,a,,,0.0,0.0,0.17941967628638006,0.0,0.0,0.0,0.0,0.35,0.8154753215150045,0.087
9,303,Kipré,DEF,IPS,4.0,0.5,a,,,0.0,0.0,0.17941967628638006,0.2790328973444312,0.0,0.0,0.0,0.35,0.8154753215150045,0.087
9,304,O'Shea,DEF,IPS,4.0,3.0,a,,,1.0,90.0,0.17941967628638006,0.33449190524101347,0.03268360893838272,0.033307080313634094,0.0679516603098009,2.6423050689981107,2.283961752027977,0.661
9,305,Davis,DEF,IPS,4.0,5.1,a,,,1.0,90.0,0.17941967628638006,0.25756882831793654,0.08974180799746337,0.12145829914796397,0.11877495657249458,3.1583927545798165,2.5572244879334374,0.79
9,306,Greaves,DEF,IPS,4.0,1.2,a,,,1.0,90.0,0.17941967628638006,0.25756882831793654,0.03637433187491641,0.015678678297665154,0.06307347263199856,2.4651475513531422,2.214052018092725,0.616
9,307,Johnson,DEF,IPS,4.0,0.1,u,0.0,Has joined Stoke City on loan for the rest of the season,0.0,0.0,0.17941967628638006,0.2790328973444312,0.0,0.0,0.0,0.0,0.43588989435406733,0.0
9,308,Furlong,DEF,IPS,4.0,0.5,a,,,0.0,0.0,0.17941967628638006,0.2790328973444312,0.0,0.0,0.0,0.35,0.8154753215150045,0.087
9,309,Núñez,MID,IPS,5.0,0.1,a,,,1.0,79.0,0.17941967628638006,0.23706513842925175,0.09653608282824007,0.0949609064661788,0.09429836209413413,3.033127452527163,2.518364281983655,0.607
9,310,Matusiwa,MID,IPS,4.9,0.0,i,0.0,Muscular injury - Unknown return date,0.0,0.0,0.17941967628638006,0.17348723329835605,0.0,0.0,0.0,0.0,0.43588989435406733,0.0
9,311,Burns,MID,IPS,5.0,0.0,u,0.0,Has joined Leicester City permanently,0.0,0.0,0.17941967628638006,0.17348723329835605,0.0,0.0,0.0,0.0,0.43588989435406733,0.0
9,312,Taylor,MID,IPS,4.5,0.0,i,0.0,Knee injury - Unknown return date,0.0,0.0,0.17941967628638006,0.17348723329835605,0.0,0.0,0.0,0.0,0.43588989435406733,0.0
9,313,Clarke,MID,IPS,5.5,0.2,a,,,0.0,19.0,0.17941967628638006,0.17348723329835605,0.044483708651325525,0.019219802290068064,0.0,0.6300779501268318,1.2099794862512891,0.115
9,314,Ogbene,MID,IPS,4.9,0.0,u,0.0,Has joined Lincoln City on loan until January,0.0,0.0,0.17941967628638006,0.17348723329835605,0.0,0.0,0.0,0.0,0.43588989435406733,0.0
9,315,Fatawu,MID,IPS,5.5,0.2,a,,,1.0,65.0,0.17941967628638006,0.16014206150617483,0.051352061350588646,0.1503114869705906,0.11567122566120949,2.8530934886807557,2.3935308639323973,0.519
9,316,Emersonn,FWD,IPS,5.5,1.7,a,100.0,,1.0,65.0,0.17941967628638006,0.003056546102903719,0.32448874912320463,0.03746052224263305,0.19334815298285166,3.1793087610329125,2.826237629906898,0.578
9,317,Hirst,FWD,IPS,5.0,0.1,u,0.0,Has joined Stoke City permanently,0.0,0.0,0.17941967628638006,0.0033112582781456954,0.0,0.0,0.0,0.0,0.43588989435406733,0.0
9,318,Philogene,MID,IPS,5.4,0.1,i,0.0,Ankle injury - Unknown return date,0.0,0.0,0.17941967628638006,0.17348723329835605,0.0,0.0,0.0,0.0,0.43588989435406733,0.0
9,319,Szmodics,MID,IPS,5.0,0.0,u,0.0,Has joined Derby County on loan for the rest of the season,0.0,0.0,0.17941967628638006,0.17348723329835605,0.0,0.0,0.0,0.0,0.43588989435406733,0.0
9,320,Akpom,FWD,IPS,5.0,1.2,a,,,0.0,24.0,0.17941967628638006,0.0033112582781456954,0.13179343946388147,0.014070860950105894,0.0,0.9193863407058436,1.5929829516113447,0.184
9,321,Walle Egeli,FWD,IPS,4.5,3.4,a,,,0.0,10.0,0.17941967628638006,0.0033112582781456954,0.047226135964349665,0.0062791146437997615,0.0,0.5577418877887979,1.1589074176071243,0.124
9,322,Al-Hamadi,FWD,IPS,5.0,0.1,u,0.0,Has joined Sheffield Wednesday on loan for the rest of the season,0.0,0.0,0.17941967628638006,0.0033112582781456954,0.0,0.0,0.0,0.0,0.43588989435406733,0.0
9,323,McAteer,MID,IPS,4.5,1.2,a,,,0.0,24.0,0.17941967628638006,0.17348723329835605,0.03001767454823847,0.021105364344035746,0.0,0.5634044657732996,1.1182908978699146,0.125
9,324,Mehmeti,MID,IPS,4.9,0.0,a,,,0.0,0.0,0.17941967628638006,0.17348723329835605,0.0,0.0,0.0,0.35,0.8154753215150045,0.071
9,554,Van Oevelen,GK,IPS,4.5,0.0,u,0.0,Has joined Valencia on loan for the rest of the season,0.0,0.0,0.17941967628638006,0.0,0.0,0.0,0.0,0.0,0.43588989435406733,0.0
9,562,Maeda,MID,IPS,5.4,0.3,a,,,1.0,79.0,0.17941967628638006,0.16014206150617483,0.14762469676763829,0.075447422055149,0.10688844538709115,3.101081690745561,2.6034214781749028,0.574
9,564,Scherpen,GK,IPS,4.5,0.6,a,,,1.0,90.0,0.17941967628638006,0.0,0.0,0.0002302631578947368,0.04493551117685817,2.229868282370954,2.0583366431429075,0.496
9,571,Florentino,MID,IPS,4.9,0.1,a,100.0,,0.0,0.0,0.17941967628638006,0.4594813371308649,0.0,0.0,0.0,0.35,0.8154753215150045,0.071
9,591,Enciso,MID,IPS,5.5,0.9,a,100.0,,1.0,70.0,0.17941967628638006,0.16014206150617483,0.17573317222752302,0.10908165219086485,0.14610863861691253,3.381746951681954,2.734907355206178,0.615
9,592,Ouattara,DEF,IPS,4.0,0.9,a,,,0.0,10.0,0.17941967628638006,0.2790328973444312,0.004739077335341782,0.004447675111871114,0.0,0.391777489347664,0.8790970900717464,0.098
9,602,Humphreys,MID,IPS,4.5,0.0,u,0.0,Has joined Huddersfield Town on loan for the rest of the season,0.0,0.0,0.17941967628638006,0.17348723329835605,0.0,0.0,0.0,0.0,0.43588989435406733,0.0
9,619,Palacios,MID,IPS,5.0,0.0,a,,,0.25,20.0,0.17941967628638006,0.17348723329835605,0.024841821722656168,0.0229780518668456,0.02331456713302582,0.9925284842099548,1.4264834560326491,0.199
9,640,Flemming,FWD,IPS,5.5,0.0,a,,,0.25,20.0,0.17941967628638006,0.0012417218543046358,0.08918241236105273,0.006354309476892909,0.0421030761308506,1.0734668460587202,1.6045814038801163,0.195
9,260,Wilson,MID,LEE,6.3,3.1,a,,,1.0,65.0,0.21271614559698393,0.07167085580419238,0.1408860589724751,0.08909209050957188,0.132722563924075,3.002002358944106,2.559125013716339,0.477
9,326,Perri,GK,LEE,4.5,0.4,u,0.0,Has joined Torino on loan for the rest of the season,0.0,0.0,0.21271614559698393,0.0,0.0,0.0,0.0,0.0,0.43588989435406733,0.0
9,327,Bijol,DEF,LEE,5.0,0.9,a,,,1.0,90.0,0.21271614559698393,0.4514233755333287,0.04628268526222158,0.029839390394653904,0.07982176287915241,3.1381917139773794,2.498051314150762,0.628
9,329,Rodon,DEF,LEE,4.4,1.5,i,0.0,Hamstring injury - Expected back 21 Nov,0.0,0.0,0.21271614559698393,0.2966309948474039,0.0,0.0,0.0,0.0,0.43588989435406733,0.0
9,330,Bogle,DEF,LEE,4.5,1.7,a,,,1.0,90.0,0.21271614559698393,0.12155442654848124,0.1376823955390994,0.07203474525949352,0.12658003567875348,3.2529754469006473,2.647026203562372,0.723
9,331,Gudmundsson,DEF,LEE,4.5,0.1,a,100.0,,0.0,0.0,0.21271614559698393,0.13370986920332936,0.0,0.0,0.0,0.35,0.8154753215150045,0.078
9,332,Justin,DEF,LEE,4.5,1.5,a,,,1.0,90.0,0.21271614559698393,0.25298165964039926,0.060234795647555295,0.028870007779315122,0.08436571759865062,2.8584074259198737,2.4067369783865233,0.635
9,333,Bornauw,DEF,LEE,4.5,0.0,u,0.0,Has joined Hamburg SV on loan for the rest of the season,0.0,0.0,0.21271614559698393,0.2717746730083234,0.0,0.0,0.0,0.0,0.43588989435406733,0.0
9,334,Muharemović,DEF,LEE,5.0,3.6,a,,,1.0,90.0,0.21271614559698393,0.25756882831793654,0.040208558062006856,0.03070420195622441,0.07799850240562692,2.7458257581109557,2.3363048364421233,0.549
9,335,Stach,MID,LEE,6.0,2.8,a,,,1.0,90.0,0.21271614559698393,0.3270461699895068,0.126504467243917,0.1479401851391116,0.1173272428937584,3.5611339412605965,2.7432063888556826,0.594
9,336,Okafor,MID,LEE,5.9,0.3,a,,,0.0,24.0,0.21271614559698393,0.06939489331934243,0.060771233116667794,0.02373790745457171,0.0,0.7250698879470541,1.3199470390130845,0.123
9,337,Aaronson,MID,LEE,5.4,0.6,a,,,1.0,81.0,0.21271614559698393,0.12394748291659202,0.1211081040249392,0.09801127925152471,0.10648470805610102,2.999821288451125,2.5350165822350696,0.556
9,338,Ampadu,MID,LEE,5.5,1.0,a,,,1.0,90.0,0.21271614559698393,0.46003847499125566,0.054769989677949577,0.06381623895111055,0.06277679457986943,3.1402451077560842,2.5090009252298526,0.571
9,339,Longstaff,MID,LEE,4.9,0.1,a,,,0.0,8.0,0.21271614559698393,0.19437365712287014,0.008732995182204113,0.00941636645687721,0.0,0.4219140752816522,0.924139986218735,0.086
9,341,Gnonto,MID,LEE,5.0,0.0,u,0.0,Has joined ACF Fiorentina on loan for the rest of the season,0.0,0.0,0.21271614559698393,0.14870334282716233,0.0,0.0,0.0,0.0,0.43588989435406733,0.0
9,342,Harrison,MID,LEE,5.0,0.0,u,0.0,Has joined New England Revolution permanently,0.0,0.0,0.21271614559698393,0.16014206150617483,0.0,0.0,0.0,0.0,0.43588989435406733,0.0
9,343,James,MID,LEE,5.0,0.1,a,,,0.0,0.0,0.21271614559698393,0.13878978663868485,0.0,0.0,0.0,0.35,0.8154753215150045,0.07
9,344,Gruev,MID,LEE,5.0,0.0,d,25.0,Knee injury - 25% chance of playing,0.0,0.0,0.21271614559698393,0.11853256921462588,0.0,0.0,0.0,0.0875,0.43588989435406733,0.017
9,345,Tanaka,MID,LEE,4.9,0.2,a,,,0.0,0.0,0.21271614559698393,0.21174361664917804,0.0,0.0,0.0,0.35,0.8154753215150045,0.071
9,346,Calvert-Lewin,FWD,LEE,6.0,23.0,a,,,1.0,90.0,0.21271614559698393,0.0009240720776220546,0.5916140648886031,0.035223303476999146,0.2406646934876592,4.284491156095894,3.419096018820445,0.714
9,347,Nmecha,FWD,LEE,5.4,0.5,a,,,0.0,0.0,0.21271614559698393,0.001892147587511826,0.0,0.0,0.0,0.35,0.8154753215150045,0.065
9,348,Piroe,FWD,LEE,5.0,0.1,u,0.0,Has joined West Ham United on loan for the rest of the season,0.0,0.0,0.21271614559698393,0.003056546102903719,0.0,0.0,0.0,0.0,0.43588989435406733,0.0
9,349,Mateo Joseph,FWD,LEE,4.5,0.1,i,0.0,Knee injury - Unknown return date,0.0,0.0,0.21271614559698393,0.0033112582781456954,0.0,0.0,0.0,0.0,0.43588989435406733,0.0
9,385,Trafford,GK,LEE,5.0,5.4,a,,,1.0,90.0,0.21271614559698393,0.0,0.0,0.00012792397660818714,0.05322380979105885,2.3839570752187274,2.1282665347450216,0.477
9,598,Elvedi,DEF,LEE,4.5,0.0,a,,,0.0,0.0,0.21271614559698393,0.2790328973444312,0.0,0.0,0.0,0.35,0.8154753215150045,0.078
9,603,Lienou,DEF,LEE,4.0,0.1,a,,,0.0,0.0,0.21271614559698393,0.2790328973444312,0.0,0.0,0.0,0.35,0.8154753215150045,0.087
9,604,Cresswell,MID,LEE,4.5,0.1,a,,,0.0,0.0,0.21271614559698393,0.17348723329835605,0.0,0.0,0.0,0.35,0.8154753215150045,0.078
9,625,Cairns,GK,LEE,4.0,0.2,a,,,0.25,20.0,0.21271614559698393,0.0,0.0,7.309941520467835e-05,0.013323541994548337,0.8586302136146235,1.277261682611588,0.215
9,629,Zetterer,GK,LEE,4.0,0.5,a,,,0.25,20.0,0.21271614559698393,0.0,0.0,7.309941520467835e-05,0.013323541994548337,0.8586302136146235,1.277261682611588,0.215
9,641,Bard,DEF,LEE,4.5,0.0,a,,,0.25,20.0,0.21271614559698393,0.2790328973444312,0.009907478749843447,0.008794984748007748,0.020658854102090403,0.9624779779635156,1.374100808030379,0.214
9,648,Bahoya,MID,LEE,5.0,0.0,a,,,0.25,20.0,0.21271614559698393,0.17348723329835605,0.028122817044516416,0.025132385761208857,0.026287139744678924,1.0260272230554377,1.4553998165701512,0.205
9,350,A.Becker,GK,LIV,5.5,3.9,a,,,1.0,90.0,0.21013295204983135,0.0,0.0,0.002754552363354592,0.05349733133963194,2.3809469165537758,2.1269224577901693,0.433
9,351,Mamardashvili,GK,LIV,4.9,0.1,a,,,0.0,0.0,0.21013295204983135,0.0,0.0,0.0,0.0,0.35,0.8154753215150045,0.071
9,352,Woodman,GK,LIV,4.0,1.1,a,,,0.0,0.0,0.21013295204983135,0.0,0.0,0.0,0.0,0.35,0.8154753215150045,0.087
9,353,Pecsi,GK,LIV,4.0,0.0,u,0.0,Has joined TSV Hartberg on loan for the rest of the season,0.0,0.0,0.21013295204983135,0.0,0.0,0.0,0.0,0.0,0.43588989435406733,0.0
9,354,Jaros,GK,LIV,4.0,0.0,i,0.0,Knee injury - Unknown return date,0.0,0.0,0.21013295204983135,0.0,0.0,0.0,0.0,0.0,0.43588989435406733,0.0
9,355,Davies,GK,LIV,4.0,0.2,a,,,0.0,0.0,0.21013295204983135,0.0,0.0,0.0,0.0,0.35,0.8154753215150045,0.087
9,356,Virgil,DEF,LIV,6.5,17.2,a,,,1.0,90.0,0.21013295204983135,0.39898813270849365,0.07836303487887541,0.02890651262226402,0.09007757963785663,3.2267832260308453,2.56925404324521,0.496
9,357,Frimpong,DEF,LIV,5.4,2.4,a,,,1.0,90.0,0.21013295204983135,0.1455823812231815,0.03787491146096896,0.09794308340447565,0.10006953621536344,2.734689571714574,2.3287678405164187,0.506
9,358,Kerkez,DEF,LIV,5.4,2.8,a,,,1.0,90.0,0.21013295204983135,0.12078874355925485,0.02778849297930934,0.042786409488628496,0.07723445387623608,2.4402456634363223,2.1916198845613875,0.452
9,359,Gomez,DEF,LIV,5.0,0.0,i,0.0,Muscular injury - Unknown return date,0.0,0.0,0.21013295204983135,0.19696439812548086,0.0,0.0,0.0,0.0,0.43588989435406733,0.0
9,360,Bradley,DEF,LIV,5.0,0.0,i,0.0,Knee injury - Unknown return date,0.0,0.0,0.21013295204983135,0.20706641753015118,0.0,0.0,0.0,0.0,0.43588989435406733,0.0
9,361,Lucky,DEF,LIV,4.0,0.1,a,,,0.0,0.0,0.21013295204983135,0.2790328973444312,0.0,0.0,0.0,0.35,0.8154753215150045,0.087
9,362,Jacquet,DEF,LIV,5.0,2.7,a,100.0,,1.0,69.0,0.21013295204983135,0.25756882831793654,0.025255814579809258,0.0304272893608705,0.07795378546363772,2.6403669201994235,2.2733745920674315,0.528
9,363,Leoni,DEF,LIV,4.0,0.0,i,0.0,Knee injury - Unknown return date,0.0,0.0,0.21013295204983135,0.2790328973444312,0.0,0.0,0.0,0.0,0.43588989435406733,0.0
9,364,Tsimikas,DEF,LIV,4.9,0.1,a,,,0.0,0.0,0.21013295204983135,0.2790328973444312,0.0,0.0,0.0,0.35,0.8154753215150045,0.071
9,365,Ramsay,DEF,LIV,4.0,0.1,u,0.0,Has joined St Mirren on loan for the rest of the season,0.0,0.0,0.21013295204983135,0.2790328973444312,0.0,0.0,0.0,0.0,0.43588989435406733,0.0
9,366,Wirtz,MID,LIV,7.4,8.1,a,,,1.0,62.0,0.21013295204983135,0.07704616998950682,0.16609574261794796,0.1119561881372469,0.16228161486286438,3.233716161030882,2.6721966921741305,0.437
9,367,Gakpo,MID,LIV,7.2,13.6,d,75.0,Thigh injury - 75% chance of playing,0.5,45.0,0.21013295204983135,0.0927692454450062,0.12053055261132266,0.11696777873052142,0.09363106357213698,2.1016960265726428,2.171728750593857,0.292
9,368,Szoboszlai,MID,LIV,7.0,38.4,a,,,1.0,90.0,0.21013295204983135,0.24656830203225047,0.3429873671413332,0.21860971329773887,0.21757227335865834,4.805346240583727,3.344859049340806,0.686
9,369,Ngumoha,MID,LIV,5.8,0.6,a,,,1.0,62.0,0.21013295204983135,0.11565815553223738,0.1141182247714758,0.1494657443375793,0.15493095692974498,3.1500526358650234,2.582597405088993,0.543
9,370,Chiesa,MID,LIV,5.4,0.1,i,0.0,Back injury - Unknown return date,0.0,0.0,0.21013295204983135,0.16014206150617483,0.0,0.0,0.0,0.0,0.43588989435406733,0.0
9,371,Gravenberch,MID,LIV,5.9,1.4,a,,,1.0,77.0,0.21013295204983135,0.19743145216478855,0.04147222671590036,0.068422971978352,0.06597042194354091,2.6051966593271545,2.280067326421962,0.442
9,372,Mac Allister,MID,LIV,5.4,1.4,a,,,0.0,27.0,0.21013295204983135,0.14833772681903104,0.030331498276548796,0.04180216686855194,0.0,0.6270639919883998,1.1719260106496707,0.116
9,373,C.Jones,MID,LIV,5.5,0.0,u,0.0,Has joined Internazionale permanently,0.0,0.0,0.21013295204983135,0.20272822665267576,0.0,0.0,0.0,0.0,0.43588989435406733,0.0
9,374,Endo,MID,LIV,5.0,0.1,a,100.0,,0.0,0.0,0.21013295204983135,0.16014206150617483,0.0,0.0,0.0,0.35,0.8154753215150045,0.07
9,375,Nyoni,MID,LIV,4.9,0.0,a,,,0.0,0.0,0.21013295204983135,0.17348723329835605,0.0,0.0,0.0,0.35,0.8154753215150045,0.071
9,376,Bajcetic,MID,LIV,5.0,0.0,u,0.0,Has joined Celta Vigo permanently,0.0,0.0,0.21013295204983135,0.17348723329835605,0.0,0.0,0.0,0.0,0.43588989435406733,0.0
9,377,Munoz,MID,LIV,6.5,1.2,a,,,0.0,27.0,0.21013295204983135,0.17348723329835605,0.04297264240807774,0.03434297662210557,0.0,0.6678921419067054,1.2356500006357816,0.103
9,378,McConnell,MID,LIV,4.5,0.2,a,,,0.0,0.0,0.21013295204983135,0.17348723329835605,0.0,0.0,0.0,0.35,0.8154753215150045,0.078
9,379,Isak,FWD,LIV,9.1,21.9,a,,,1.0,90.0,0.21013295204983135,0.001892147587511826,0.6516006870232897,0.07200476396430369,0.2742752030506408,4.670173794597732,3.575322968890423,0.513
9,380,Ekitiké,FWD,LIV,7.4,0.1,i,0.0,Achilles injury - Unknown return date,0.0,0.0,0.21013295204983135,0.001281777397991882,0.0,0.0,0.0,0.0,0.43588989435406733,0.0
9,381,Koumas,MID,LIV,5.0,0.0,a,,,0.0,12.0,0.21013295204983135,0.17348723329835605,0.01703440359010182,0.014861617446794838,0.0,0.4797568702908936,1.0068487846212602,0.096
9,382,Danns,FWD,LIV,4.5,0.1,a,100.0,,0.0,0.0,0.21013295204983135,0.0033112582781456954,0.0,0.0,0.0,0.35,0.8154753215150045,0.078
9,383,Elliott,MID,LIV,5.4,0.0,u,0.0,Has joined Valencia on loan for the rest of the season,0.0,0.0,0.21013295204983135,0.17348723329835605,0.0,0.0,0.0,0.0,0.43588989435406733,0.0
9,579,Araujo,DEF,LIV,5.4,2.4,a,,,0.0,20.0,0.21013295204983135,0.2790328973444312,0.008553456654031509,0.008807818313928172,0.0,0.42774419486597354,0.9295346740006737,0.079
9,627,Barcola,MID,LIV,8.0,1.9,a,,,0.25,20.0,0.21013295204983135,0.17348723329835605,0.027310380107674833,0.025947079802181344,0.026223448640751656,1.023751294874375,1.4522361174779264,0.128
9,155,Enzo,MID,MCI,6.9,3.2,a,,,0.0,25.0,0.3555032740407509,0.08684780424638879,0.06559521671875286,0.05160375554403703,0.0,0.8327873502258754,1.4056554576928446,0.121
9,237,Ndiaye,MID,MCI,5.9,9.5,a,,,1.0,90.0,0.3555032740407509,0.2018188177684505,0.1783785395994348,0.11533728388810874,0.13835086562471532,3.644665052097656,2.82756694643684,0.618
9,384,Donnarumma,GK,MCI,5.5,7.6,a,,,1.0,90.0,0.3555032740407509,0.0,0.0,0.0023628542510121457,0.08970281749804197,3.0142247892365863,2.393120786661115,0.548
9,386,Bettinelli,GK,MCI,4.5,0.0,a,,,0.0,0.0,0.3555032740407509,0.0,0.0,0.0,0.0,0.35,0.8154753215150045,0.078
9,387,O'Reilly,DEF,MCI,6.4,14.0,a,100.0,,1.0,62.0,0.3555032740407509,0.10605840897885792,0.11459944095633676,0.0805172755950504,0.18800769869355377,3.9157516992717896,2.850881420605638,0.612
9,388,Guéhi,DEF,MCI,6.0,18.5,a,,,1.0,90.0,0.3555032740407509,0.2989248910027745,0.1481174126937833,0.08231084109930936,0.16952570733777017,4.45863256177747,3.059429087843007,0.743
9,389,Matheus N.,DEF,MCI,5.9,1.0,a,100.0,,0.0,33.0,0.3555032740407509,0.17496178019364703,0.010676986922865742,0.038163356408590005,0.0,0.5285519907629644,1.0335911686865493,0.09
9,390,Rúben,DEF,MCI,5.5,1.8,a,,,1.0,90.0,0.3555032740407509,0.231899854670366,0.03925398335280014,0.10155761442575154,0.1381598777326808,3.708500409254176,2.698457833226181,0.674
9,391,Gvardiol,DEF,MCI,5.6,20.0,a,,,1.0,90.0,0.3555032740407509,0.23512573215308055,0.10938100089939577,0.0596677649836769,0.14804288656926315,4.019411589612304,2.8797861076232296,0.718
9,392,Aït-Nouri,DEF,MCI,5.3,0.5,a,,,0.0,0.0,0.3555032740407509,0.19765430764241704,0.0,0.0,0.0,0.35,0.8154753215150045,0.066
9,393,Khusanov,DEF,MCI,5.5,1.6,a,,,1.0,90.0,0.3555032740407509,0.30919980622715465,0.023711107051377057,0.0457313825772644,0.11318068988021222,3.565017178912198,2.6297907297428513,0.648
9,394,Alleyne,DEF,MCI,5.0,0.0,u,0.0,Has joined Burnley on loan for the rest of the season,0.0,0.0,0.3555032740407509,0.33449190524101347,0.0,0.0,0.0,0.0,0.43588989435406733,0.0
9,395,Lewis,DEF,MCI,4.5,0.2,a,,,0.0,56.0,0.3555032740407509,0.20927467300832342,0.043679023650859405,0.05097144399027276,0.0,0.7649884738759747,1.3097909154783096,0.17
9,396,Vitor Reis,DEF,MCI,4.5,0.0,a,,,0.0,0.0,0.3555032740407509,0.2790328973444312,0.0,0.0,0.0,0.35,0.8154753215150045,0.078
9,397,Semenyo,MID,MCI,8.4,17.2,a,,,1.0,90.0,0.3555032740407509,0.10587180832458902,0.21331437436669606,0.16761692306137094,0.16887628150389852,3.8301660619562257,2.9252695198762466,0.456
9,398,Foden,MID,MCI,7.0,4.4,a,,,1.0,81.0,0.3555032740407509,0.14519562284515064,0.31894266961692896,0.235266834664421,0.25107624573571113,4.715813055966187,3.2975295031337217,0.674
9,399,Cherki,MID,MCI,7.8,29.8,a,,,0.0,27.0,0.3555032740407509,0.1457802428421526,0.0649444716745441,0.15425730291168452,0.0,1.137494267107774,1.5971555771283006,0.146
9,400,Doku,MID,MCI,7.4,0.8,i,0.0,Calf injury - Expected back 20 Sep,0.0,0.0,0.3555032740407509,0.06939489331934243,0.0,0.0,0.0,0.0,0.43588989435406733,0.0
9,402,Rodrigo,MID,MCI,6.5,0.0,u,0.0,Has joined Barcelona permanently,0.0,0.0,0.3555032740407509,0.3600659571278669,0.0,0.0,0.0,0.0,0.43588989435406733,0.0
9,404,Reijnders,MID,MCI,6.0,0.0,u,0.0,Has joined Al Qadsiah permanently,0.0,0.0,0.3555032740407509,0.10627057929587147,0.0,0.0,0.0,0.0,0.43588989435406733,0.0
9,406,Kovačić,MID,MCI,5.4,0.1,a,,,0.0,27.0,0.3555032740407509,0.17348723329835605,0.024845406100155898,0.03956022434583031,0.0,0.5929077035382704,1.1294233366296489,0.11
9,407,Echeverri,MID,MCI,4.9,0.0,u,0.0,Has joined Benfica on loan for the rest of the season,0.0,0.0,0.3555032740407509,0.17348723329835605,0.0,0.0,0.0,0.0,0.43588989435406733,0.0
9,408,Phillips,MID,MCI,5.0,0.0,u,0.0,Has joined Sheffield United on loan for the rest of the season,0.0,0.0,0.3555032740407509,0.17348723329835605,0.0,0.0,0.0,0.0,0.43588989435406733,0.0
9,409,Mukasa,MID,MCI,4.5,0.1,u,0.0,has joined West Ham on loan for the rest of the seaon.,0.0,0.0,0.3555032740407509,0.17348723329835605,0.0,0.0,0.0,0.0,0.43588989435406733,0.0
9,410,Monga,MID,MCI,4.9,0.0,u,0.0,Has joined Swansea City on loan for the rest of the season,0.0,0.0,0.3555032740407509,0.17348723329835605,0.0,0.0,0.0,0.0,0.43588989435406733,0.0
9,411,Haaland,FWD,MCI,15.5,71.3,a,,,1.0,90.0,0.3555032740407509,0.0008638065073423554,0.8544851659244428,0.10226751987452759,0.3704137674337147,5.6667463947285786,3.986694012026877,0.366
9,481,Anderson,MID,MCI,6.3,4.5,a,100.0,,1.0,62.0,0.3555032740407509,0.5616369359916055,0.04497855738145518,0.10717998072373847,0.11285668144139122,3.5897643848619274,2.662784947292288,0.57
9,587,Rulli,GK,MCI,5.0,0.0,a,,,0.0,0.0,0.3555032740407509,0.0,0.0,0.0,0.0,0.35,0.8154753215150045,0.07
9,616,Bouaddi,MID,MCI,5.5,0.2,a,,,0.25,20.0,0.3555032740407509,0.17348723329835605,0.027435370405650458,0.02717976694877437,0.03039229218432355,1.0656783254055155,1.4796624752639982,0.194
9,621,McAidoo,MID,MCI,4.5,0.1,a,,,0.25,20.0,0.3555032740407509,0.17348723329835605,0.030006254218910594,0.02482521215746075,0.030477471736714994,1.0715542596502665,1.4886203742556292,0.238
9,622,Braithwaite,DEF,MCI,4.0,0.2,a,,,0.25,20.0,0.3555032740407509,0.2790328973444312,0.009896470440121399,0.008785212542732184,0.02957486730204553,1.1570264742329006,1.5025741657845844,0.289
9,628,Allan,MID,MCI,6.0,0.0,a,,,0.25,20.0,0.3555032740407509,0.17348723329835605,0.028122817044516416,0.025132385761208857,0.0298568179557731,1.0624379408085982,1.478975655581739,0.177
9,653,Samba,MID,MCI,4.5,0.0,a,,,0.25,20.0,0.3555032740407509,0.17348723329835605,0.028122817044516416,0.025132385761208857,0.0298568179557731,1.0624379408085982,1.478975655581739,0.236
9,43,Tielemans,MID,MUN,5.9,1.7,a,100.0,,1.0,66.0,0.1712183287680546,0.12369232726000827,0.08580706815984494,0.10689304862203645,0.10909234315906705,2.813921574449426,2.4210108220354942,0.477
9,131,Baleba,MID,MUN,5.0,0.1,i,0.0,Ankle injury - Expected back 19 Sep,0.0,0.0,0.1712183287680546,0.22525358516963973,0.0,0.0,0.0,0.0,0.43588989435406733,0.0
9,162,Andrey Santos,MID,MUN,4.9,0.7,a,,,1.0,66.0,0.1712183287680546,0.17007694998251136,0.09306464319287985,0.06846757826821617,0.09421675675596493,2.805405157959444,2.42665565321498,0.573
9,325,Darlow,GK,MUN,4.5,0.0,a,100.0,,0.0,0.0,0.1712183287680546,0.0,0.0,0.0,0.0,0.35,0.8154753215150045,0.078
9,412,Lammens,GK,MUN,5.0,11.9,a,,,1.0,90.0,0.1712183287680546,0.0,0.0,3.1116642958748205e-05,0.04281547301704921,2.1903318450958436,2.0400074768691665,0.438
9,413,Bayindir,GK,MUN,4.5,0.0,u,0.0,Has joined Celta Vigo on loan for the rest of the season,0.0,0.0,0.1712183287680546,0.0,0.0,0.0,0.0,0.0,0.43588989435406733,0.0
9,414,Heaton,GK,MUN,4.0,0.1,i,0.0,Hamstring injury - Unknown return date,0.0,0.0,0.1712183287680546,0.0,0.0,0.0,0.0,0.0,0.43588989435406733,0.0
9,415,Dorgu,MID,MUN,5.8,0.6,a,,,0.0,45.0,0.1712183287680546,0.08007103075308741,0.08467087530016183,0.058036078950410984,0.0,0.9474626133520421,1.5192775313187024,0.163
9,416,De Ligt,DEF,MUN,5.0,0.0,i,0.0,Back injury - Unknown return date,0.0,0.0,0.1712183287680546,0.293935790725327,0.0,0.0,0.0,0.0,0.43588989435406733,0.0
9,417,Dalot,DEF,MUN,4.9,1.9,a,,,0.0,10.0,0.1712183287680546,0.15870986920332936,0.007557803916716183,0.008543955234668865,0.0,0.4209786892043037,0.9193510390424726,0.086
9,418,Maguire,DEF,MUN,4.9,11.7,a,,,1.0,90.0,0.1712183287680546,0.35463733650416174,0.057756844448805994,0.05751088074813013,0.08314828601094129,2.8666445398971705,2.406899601665483,0.585
9,419,Martinez,DEF,MUN,5.0,1.2,a,100.0,,0.0,0.0,0.1712183287680546,0.30618311533888226,0.0,0.0,0.0,0.35,0.8154753215150045,0.07
9,420,Yoro,DEF,MUN,4.9,0.5,a,,,0.0,0.0,0.1712183287680546,0.21891016441838534,0.0,0.0,0.0,0.35,0.8154753215150045,0.071
9,421,Heaven,DEF,MUN,4.4,0.3,a,,,1.0,90.0,0.1712183287680546,0.3629736855710076,0.04794306694060409,0.024415113517377598,0.06812994535230724,2.708795114780064,2.33117333540982,0.616
9,422,Mazraoui,DEF,MUN,4.4,0.6,a,,,1.0,79.0,0.1712183287680546,0.18906064209274673,0.03715692645920824,0.045654274133457344,0.0758242381245322,2.3954900465121525,2.1850337862670086,0.544
9,423,Shaw,DEF,MUN,4.4,13.3,a,,,1.0,90.0,0.1712183287680546,0.16696789536266352,0.018498482076013883,0.09796550990104463,0.08356697938398414,2.407565174791847,2.164570332551149,0.547
9,424,Amass,DEF,MUN,4.0,0.2,a,,,0.0,0.0,0.1712183287680546,0.2790328973444312,0.0,0.0,0.0,0.35,0.8154753215150045,0.087
9,425,Fredricson,DEF,MUN,4.0,0.0,u,0.0,Has joined Lausanne-Sport permanently,0.0,0.0,0.1712183287680546,0.2790328973444312,0.0,0.0,0.0,0.0,0.43588989435406733,0.0
9,426,B.Fernandes,MID,MUN,12.0,44.6,a,,,1.0,90.0,0.1712183287680546,0.15067759148043133,0.5309436762340174,0.3259484846765394,0.31703408919550036,5.954365555185809,3.8077495469446436,0.496
9,427,Mbeumo,MID,MUN,7.9,24.7,a,,,1.0,90.0,0.1712183287680546,0.04731469999046074,0.47549723489200146,0.1919337796195975,0.25072268795586505,5.018590111723723,3.519702348441851,0.635
9,428,Cunha,MID,MUN,7.9,6.8,a,,,1.0,79.0,0.1712183287680546,0.07516699511171397,0.2155103969895996,0.133707969452026,0.15636713088833973,3.5008711576645792,2.818637539929584,0.443
9,429,Rashford,MID,MUN,7.0,1.6,a,,,0.0,45.0,0.1712183287680546,0.17348723329835605,0.11343141216386744,0.08649484632352131,0.0,1.1766415997899011,1.707690695818191,0.168
9,430,Mount,MID,MUN,5.4,0.0,a,100.0,,0.0,0.0,0.1712183287680546,0.1855384908900124,0.0,0.0,0.0,0.35,0.8154753215150045,0.065
9,431,Amad,MID,MUN,5.8,0.4,i,0.0,Unspecified injury - Unknown return date,0.0,0.0,0.1712183287680546,0.05948133713086493,0.0,0.0,0.0,0.0,0.43588989435406733,0.0
9,432,Mainoo,MID,MUN,5.5,1.3,a,,,0.0,23.0,0.1712183287680546,0.2886373856992955,0.014770644832865953,0.02655170060092481,0.0,0.5035083259671042,1.0223940963907674,0.092
9,433,Ugarte,MID,MUN,5.0,0.0,i,0.0,Knee injury - Unknown return date,0.0,0.0,0.1712183287680546,0.30409233997901364,0.0,0.0,0.0,0.0,0.43588989435406733,0.0
9,434,J.Fletcher,MID,MUN,4.9,0.0,a,,,0.0,0.0,0.1712183287680546,0.17348723329835605,0.0,0.0,0.0,0.35,0.8154753215150045,0.071
9,435,Lacey,MID,MUN,4.9,0.1,a,,,0.0,10.0,0.1712183287680546,0.17348723329835605,0.014788195267946514,0.011613968817873185,0.0,0.4587828827933521,0.9800084943075994,0.094
9,436,Collyer,MID,MUN,5.0,0.0,u,0.0,Has joined West Brom permanently,0.0,0.0,0.1712183287680546,0.17348723329835605,0.0,0.0,0.0,0.0,0.43588989435406733,0.0
9,437,Bendito Mantato,MID,MUN,4.5,0.2,a,,,0.0,0.0,0.1712183287680546,0.17348723329835605,0.0,0.0,0.0,0.35,0.8154753215150045,0.078
9,438,Fletcher,MID,MUN,4.5,0.3,a,,,0.0,0.0,0.1712183287680546,0.17348723329835605,0.0,0.0,0.0,0.35,0.8154753215150045,0.078
9,439,Šeško,FWD,MUN,7.0,1.7,a,100.0,,0.0,23.0,0.1712183287680546,0.0015282730514518594,0.12663584916530518,0.006188318521519716,0.0,0.8751083522257799,1.556444976290782,0.125
9,440,Zirkzee,FWD,MUN,5.4,0.4,a,,,0.0,0.0,0.1712183287680546,0.0024834437086092716,0.0,0.0,0.0,0.35,0.8154753215150045,0.065
9,441,Obi,FWD,MUN,4.5,1.2,a,,,0.0,0.0,0.1712183287680546,0.0033112582781456954,0.0,0.0,0.0,0.35,0.8154753215150045,0.078
9,405,N.Gonzalez,MID,NEW,5.5,0.3,a,,,0.0,0.0,0.3290062506720049,0.3131671310200094,0.0,0.0,0.0,0.35,0.8154753215150045,0.064
9,442,Pope,GK,NEW,4.9,1.0,a,,,0.0,0.0,0.3290062506720049,0.0,0.0,0.0,0.0,0.35,0.8154753215150045,0.071
9,443,Gillespie,GK,NEW,4.5,0.0,a,,,0.0,0.0,0.3290062506720049,0.0,0.0,0.0,0.0,0.35,0.8154753215150045,0.078
9,444,Jaouen,GK,NEW,4.5,0.0,d,50.0,Ankle injury - 50% chance of playing,0.0,0.0,0.3290062506720049,0.0,0.0,0.0,0.0,0.175,0.5766281297335397,0.039
9,445,Thiaw,DEF,NEW,5.0,2.1,a,,,1.0,90.0,0.3290062506720049,0.36329766151407056,0.09271721392555025,0.02737324666870817,0.12428322387599167,3.9056584378139516,2.8243679497189826,0.781
9,446,Schär,DEF,NEW,5.0,0.2,a,100.0,,0.0,1.0,0.3290062506720049,0.40645194644057286,0.001146002465209472,0.0004036384428526118,0.0,0.35808693011981463,0.829000109782203,0.072
9,447,Botman,DEF,NEW,5.0,0.7,a,,,1.0,90.0,0.3290062506720049,0.46510287176161136,0.0594227934450679,0.04786160640960718,0.1198011026171375,3.950196459750376,2.8039097764008245,0.79
9,448,Burn,DEF,NEW,4.9,0.9,i,0.0,Ankle injury - Expected back 14 Sep,0.0,0.0,0.3290062506720049,0.3707887435592549,0.0,0.0,0.0,0.0,0.43588989435406733,0.0
9,449,Hall,DEF,NEW,5.1,12.6,a,,,1.0,90.0,0.3290062506720049,0.2596776324481438,0.02478576112717103,0.17826865639528394,0.15332060880086046,3.7891324816469676,2.710731687550847,0.743
9,450,Livramento,DEF,NEW,4.9,0.1,a,100.0,,0.0,0.0,0.3290062506720049,0.16724595262050673,0.0,0.0,0.0,0.35,0.8154753215150045,0.071
9,451,A.Murphy,DEF,NEW,4.0,0.1,u,0.0,Has joined FC Kaiserslautern on loan for the rest of the season,0.0,0.0,0.3290062506720049,0.2790328973444312,0.0,0.0,0.0,0.0,0.43588989435406733,0.0
9,453,Barnes,MID,NEW,6.0,2.2,a,,,1.0,90.0,0.3290062506720049,0.06715634837355719,0.23251051197506675,0.12275552370786438,0.1572437375562264,3.684316300180742,2.8974582037009284,0.614
9,454,Elanga,MID,NEW,6.1,11.1,a,,,1.0,75.0,0.3290062506720049,0.08674361664917803,0.12731540215354448,0.1252309274558806,0.138970083503159,3.1835338818912553,2.6100970841167292,0.522
9,456,J.Ramsey,MID,NEW,4.9,0.4,a,,,0.0,34.0,0.3290062506720049,0.16327387198321092,0.03701113095632695,0.043638555465002345,0.0,0.6659713211766418,1.2195951360896702,0.136
9,457,J.Murphy,MID,NEW,5.9,0.1,a,,,0.0,14.0,0.3290062506720049,0.07178782067518182,0.029255657442884206,0.03164767808593199,0.0,0.591221321472217,1.1396729598681006,0.1
9,458,Joelinton,MID,NEW,5.4,0.0,i,0.0,Unspecified injury - Unknown return date,0.0,0.0,0.3290062506720049,0.3150577124868835,0.0,0.0,0.0,0.0,0.43588989435406733,0.0
9,459,L.Miley,MID,NEW,5.5,0.1,a,100.0,,1.0,75.0,0.3290062506720049,0.2886373856992955,0.06816824001495538,0.08032154544537552,0.09526633496053946,3.0808507116763906,2.502523884456425,0.56
9,460,Willock,MID,NEW,5.0,0.5,a,,,0.0,34.0,0.3290062506720049,0.10409233997901364,0.05901028116516989,0.03626858088524463,0.0,0.7538571484815833,1.3365591154550656,0.151
9,461,Touré,MID,NEW,5.8,0.1,a,,,0.0,0.0,0.3290062506720049,0.17348723329835605,0.0,0.0,0.0,0.35,0.8154753215150045,0.06
9,462,Steur,MID,NEW,4.9,0.1,a,,,0.0,55.0,0.3290062506720049,0.17348723329835605,0.06986176467475287,0.06243303496180301,0.0,0.8866079282591733,1.4504225769550563,0.181
9,463,Woltemade,FWD,NEW,5.9,0.7,u,0.0,Has joined Juventus on loan for the rest of the season,0.0,0.0,0.3290062506720049,0.0012040939193257074,0.0,0.0,0.0,0.0,0.43588989435406733,0.0
9,464,Wissa,FWD,NEW,6.2,17.4,a,,,1.0,90.0,0.3290062506720049,0.002337358784573432,0.5284279790796628,0.05552851491839529,0.2372853979665208,4.091883599203975,3.3083450111748514,0.66
9,465,Osula,FWD,NEW,5.9,0.4,i,0.0,Foot injury - Unknown return date,0.0,0.0,0.3290062506720049,0.001986754966887417,0.0,0.0,0.0,0.0,0.43588989435406733,0.0
9,466,Neave,FWD,NEW,4.5,0.7,u,0.0,Has joined Wolves on loan for the rest of the season,0.0,0.0,0.3290062506720049,0.0033112582781456954,0.0,0.0,0.0,0.0,0.43588989435406733,0.0
9,559,Bamba,MID,NEW,4.9,0.1,a,,,0.0,14.0,0.3290062506720049,0.17348723329835605,0.019379745701121203,0.017319006276779705,0.0,0.49885574733594507,1.0315543583083844,0.102
9,567,Horníček,GK,NEW,5.0,1.3,a,,,1.0,90.0,0.3290062506720049,0.0,0.0,0.0002302631578947368,0.08233215477326439,2.8950057235651516,2.3453167962503034,0.579
9,593,Dedić,DEF,NEW,4.5,3.3,d,75.0,Hamstring injury - 75% chance of playing,0.5,45.0,0.3290062506720049,0.25756882831793654,0.023104279031003427,0.018352100978112205,0.055635514337191085,1.8110230601063724,1.891975023193522,0.402
9,609,Shahar,DEF,NEW,4.0,0.3,a,,,0.0,0.0,0.3290062506720049,0.2790328973444312,0.0,0.0,0.0,0.35,0.8154753215150045,0.087
9,634,Fernandez-Pardo,FWD,NEW,6.0,0.1,a,,,0.25,20.0,0.3290062506720049,0.0033112582781456954,0.09264812740871292,0.012318352997836386,0.04955570792687891,1.113626455363187,1.6345577474174269,0.186
9,167,Delap,FWD,NFO,5.5,0.8,a,,,0.0,0.0,0.2242280482839795,0.001806140878988561,0.0,0.0,0.0,0.35,0.8154753215150045,0.064
9,201,Muñoz,DEF,NFO,5.4,5.8,a,,,0.0,54.0,0.2242280482839795,0.2723261781087678,0.07694475574291526,0.061684725881832894,0.0,0.9967227121029902,1.534744828123937,0.185
9,467,Sels,GK,NFO,5.0,1.4,a,,,1.0,90.0,0.2242280482839795,0.0,0.0,0.0030998345450592973,0.057141954161765623,2.4462323092101586,2.1558852908954367,0.489
9,468,John,GK,NFO,4.5,0.1,a,,,0.0,0.0,0.2242280482839795,0.0,0.0,0.0,0.0,0.35,0.8154753215150045,0.078
9,469,N.Williams,DEF,NFO,5.0,8.2,a,,,1.0,90.0,0.2242280482839795,0.15634882485389734,0.05765676191762588,0.08161847314217288,0.10480334434192444,2.909237490079642,2.4235287913819126,0.582
9,470,Morato,DEF,NFO,5.0,0.0,u,0.0,Has joined West Ham on loan for the rest of the season,0.0,0.0,0.2242280482839795,0.3980151833897375,0.0,0.0,0.0,0.0,0.43588989435406733,0.0
9,471,Milenković,DEF,NFO,5.5,1.6,a,,,1.0,90.0,0.2242280482839795,0.3269678953626635,0.0569313558529564,0.017157496978378893,0.08198811056196223,3.0026259811564104,2.4589789546303393,0.546
9,472,Murillo,DEF,NFO,5.5,1.6,a,100.0,,1.0,90.0,0.2242280482839795,0.3707887435592549,0.06237258604168231,0.046787080373783624,0.09426289531640794,3.217067257911154,2.5468928729495643,0.585
9,473,Aina,DEF,NFO,4.5,2.7,a,,,1.0,73.0,0.2242280482839795,0.17252886348816693,0.01781479284524066,0.0790698574993585,0.09786340228818492,2.685371157750204,2.282343961105957,0.597
9,474,Jair Cunha,DEF,NFO,4.5,0.2,a,,,1.0,90.0,0.2242280482839795,0.25578792753724555,0.035213538514422285,0.016853621245125502,0.0742805179868366,2.732728716551551,2.3245356079299966,0.607
9,475,Savona,DEF,NFO,4.5,0.0,i,0.0,Knee injury - Unknown return date,0.0,0.0,0.2242280482839795,0.15219976218787157,0.0,0.0,0.0,0.0,0.43588989435406733,0.0
9,476,O.Richards,DEF,NFO,4.0,0.2,a,,,0.0,0.0,0.2242280482839795,0.2790328973444312,0.0,0.0,0.0,0.35,0.8154753215150045,0.087
9,477,Abbott,DEF,NFO,4.0,0.2,u,0.0,Has joined Southampton on loan for the rest of the season,0.0,0.0,0.2242280482839795,0.25756882831793654,0.0,0.0,0.0,0.0,0.43588989435406733,0.0
9,478,Netz,DEF,NFO,4.5,0.0,a,,,0.0,16.0,0.2242280482839795,0.28989298454221163,0.004343004383493018,0.011843159219826836,0.0,0.4115875039604386,0.8989295210559008,0.091
9,479,Bindon,DEF,NFO,4.0,0.1,u,0.0,Has joined Charlton Athletic on loan for the rest of the season,0.0,0.0,0.2242280482839795,0.2790328973444312,0.0,0.0,0.0,0.0,0.43588989435406733,0.0
9,480,Gibbs-White,MID,NFO,7.9,9.4,a,100.0,,1.0,90.0,0.2242280482839795,0.06420514165792235,0.4169358334372506,0.10024940842564647,0.2034376394804119,4.483292297015443,3.3196190090058297,0.568
9,482,Hudson-Odoi,MID,NFO,5.9,0.2,a,100.0,,0.0,0.0,0.2242280482839795,0.07178782067518182,0.0,0.0,0.0,0.35,0.8154753215150045,0.059
9,483,Ndoye,MID,NFO,5.5,0.7,a,,,1.0,61.0,0.2242280482839795,0.09051507824262055,0.0740591018148492,0.10524465435172421,0.11501408875048094,2.7438811092675826,2.378598057364359,0.499
9,484,Hutchinson,MID,NFO,5.4,0.1,u,0.0,Has joined AC Milan on loan for the rest of the season,0.0,0.0,0.2242280482839795,0.11414247405852862,0.0,0.0,0.0,0.0,0.43588989435406733,0.0
9,485,Bakwa,MID,NFO,5.5,0.0,u,0.0,Has joined Lille on loan for the rest of the season,0.0,0.0,0.2242280482839795,0.13011542497376705,0.0,0.0,0.0,0.0,0.43588989435406733,0.0
9,486,McAtee,MID,NFO,5.5,0.1,a,,,1.0,73.0,0.2242280482839795,0.14870334282716233,0.18727613508045135,0.1380330982878479,0.1627959671722531,3.5631798926612928,2.8095726732973403,0.648
9,487,Dominguez,MID,NFO,4.9,0.1,a,,,0.0,0.0,0.2242280482839795,0.15409233997901364,0.0,0.0,0.0,0.35,0.8154753215150045,0.071
9,488,I.Sangaré,MID,NFO,4.9,0.5,a,100.0,,1.0,90.0,0.2242280482839795,0.31662419427372207,0.05025903896479922,0.06814315193105994,0.06386357164194865,2.878466544144034,2.4022157829101154,0.587
9,489,Yates,MID,NFO,4.5,1.4,a,100.0,,0.0,0.0,0.2242280482839795,0.2054564533053515,0.0,0.0,0.0,0.35,0.8154753215150045,0.078
9,490,Wood,FWD,NFO,5.9,1.1,a,,,0.0,28.0,0.2242280482839795,0.001806140878988561,0.1266808815423256,0.013890364479820606,0.0,0.8983946196087642,1.5706798103084554,0.152
9,491,Igor Jesus,FWD,NFO,5.9,2.6,a,,,1.0,90.0,0.2242280482839795,0.0010739216037229282,0.31287098458841667,0.04585985209520361,0.14797859766766505,3.1090181080577928,2.7900466506566346,0.527
9,493,Kalimuendo,FWD,NFO,5.4,0.1,a,,,0.0,1.0,0.2242280482839795,0.0033112582781456954,0.00479810347778169,0.000566596079166875,0.0,0.37089220214862734,0.8564366905668405,0.069
9,558,Schlager,MID,NFO,5.0,0.1,a,,,0.0,16.0,0.2242280482839795,0.17348723329835605,0.019147275930277142,0.01688876999338463,0.0,0.49640268963153955,1.0286149745563633,0.099
9,581,Diomande,DEF,NFO,5.4,0.5,a,,,0.0,0.0,0.2242280482839795,0.2790328973444312,0.0,0.0,0.0,0.35,0.8154753215150045,0.065
9,590,Benda,GK,NFO,4.5,0.1,a,,,0.0,0.0,0.2242280482839795,0.0,0.0,0.0,0.0,0.35,0.8154753215150045,0.078
9,112,Van Hecke,DEF,TOT,4.9,6.9,a,,,1.0,90.0,0.2811301764300986,0.33364070955373826,0.06718336119756844,0.03624273276137477,0.10648167699315476,3.464907591792873,2.6431845549624167,0.707
9,147,Tosin,DEF,TOT,4.4,0.2,a,,,0.0,0.0,0.2811301764300986,0.3341260404280618,0.0,0.0,0.0,0.35,0.8154753215150045,0.08
9,401,Marmoush,FWD,TOT,7.0,2.2,a,,,0.0,0.0,0.2811301764300986,0.002337358784573432,0.0,0.0,0.0,0.35,0.8154753215150045,0.05
9,403,Sávio,MID,TOT,6.5,0.7,a,100.0,,0.0,0.0,0.2811301764300986,0.11565815553223738,0.0,0.0,0.0,0.35,0.8154753215150045,0.054
9,455,Tonali,MID,TOT,5.4,2.6,a,,,1.0,90.0,0.2811301764300986,0.15204616998950682,0.08727617185015832,0.07993643359551621,0.08663742954899593,2.8712323046827195,2.4451990532466095,0.532
9,494,Vicario,GK,TOT,4.5,0.2,u,0.0,Has joined Juventus on loan for the rest of the season,0.0,0.0,0.2811301764300986,0.0,0.0,0.0,0.0,0.0,0.43588989435406733,0.0
9,495,Austin,GK,TOT,4.0,1.0,a,,,0.0,0.0,0.2811301764300986,0.0,0.0,0.0,0.0,0.35,0.8154753215150045,0.087
9,496,Kinsky,GK,TOT,4.5,18.4,a,,,1.0,90.0,0.2811301764300986,0.0,0.0,0.0004528508771929824,0.07044104191454219,2.6897266819714085,2.260637232230257,0.598
9,497,Dubravka,GK,TOT,4.0,17.9,a,,,0.0,0.0,0.2811301764300986,0.0,0.0,0.0,0.0,0.35,0.8154753215150045,0.087
9,498,Senesi,DEF,TOT,5.9,4.7,a,,,1.0,90.0,0.2811301764300986,0.6069678953626635,0.04338491634405901,0.09231788054188063,0.11777852301760353,4.004561233926205,2.805169485525633,0.679
9,499,Pedro Porro,DEF,TOT,5.5,11.4,a,100.0,,0.0,0.0,0.2811301764300986,0.2639161573984459,0.0,0.0,0.0,0.35,0.8154753215150045,0.064
9,500,Romero,DEF,TOT,5.0,0.1,u,0.0,Has joined Atletico Madrid permanently,0.0,0.0,0.2811301764300986,0.38588733650416174,0.0,0.0,0.0,0.0,0.43588989435406733,0.0
9,502,Robertson,DEF,TOT,4.5,2.8,a,,,1.0,90.0,0.2811301764300986,0.19765430764241704,0.048804876553889466,0.11945181886602063,0.12917238750449317,3.3767396732392445,2.5901032100049415,0.75
9,503,Van de Ven,DEF,TOT,5.0,3.8,a,100.0,,0.0,0.0,0.2811301764300986,0.14107543929184832,0.0,0.0,0.0,0.35,0.8154753215150045,0.07
9,505,Spence,DEF,TOT,4.5,0.3,u,0.0,Has joined Internazionale permanently,0.0,0.0,0.2811301764300986,0.12789396376862278,0.0,0.0,0.0,0.0,0.43588989435406733,0.0
9,506,Udogie,DEF,TOT,4.5,0.4,a,,,0.0,4.0,0.2811301764300986,0.133935790725327,0.0006955717047865069,0.0031051278265129597,0.0,0.36348881370825786,0.833547944796464,0.081
9,507,Phillips,DEF,TOT,4.5,0.0,u,0.0,Has joined Middlesbrough permanently,0.0,0.0,0.2811301764300986,0.2790328973444312,0.0,0.0,0.0,0.0,0.43588989435406733,0.0
9,508,Davies,DEF,TOT,4.0,0.9,a,,,0.0,0.0,0.2811301764300986,0.25756882831793654,0.0,0.0,0.0,0.35,0.8154753215150045,0.087
9,509,Byfield,DEF,TOT,4.0,0.1,a,,,0.0,0.0,0.2811301764300986,0.2790328973444312,0.0,0.0,0.0,0.35,0.8154753215150045,0.087
9,510,Rowswell,DEF,TOT,4.0,0.1,a,,,0.0,0.0,0.2811301764300986,0.2790328973444312,0.0,0.0,0.0,0.35,0.8154753215150045,0.087
9,511,Souza,DEF,TOT,4.0,0.2,u,0.0,Has joined FC Porto on loan for the rest of the season,0.0,0.0,0.2811301764300986,0.2790328973444312,0.0,0.0,0.0,0.0,0.43588989435406733,0.0
9,512,Kudus,MID,TOT,6.5,0.1,a,100.0,,0.0,0.0,0.2811301764300986,0.07178782067518182,0.0,0.0,0.0,0.35,0.8154753215150045,0.054
9,513,Xavi,MID,TOT,6.0,0.0,i,0.0,Knee injury - Unknown return date,0.0,0.0,0.2811301764300986,0.16939489331934243,0.0,0.0,0.0,0.0,0.43588989435406733,0.0
9,514,Tel,MID,TOT,5.8,0.3,a,,,1.0,90.0,0.2811301764300986,0.08327387198321091,0.17133788675299141,0.12590819068083217,0.13214914474484812,3.3484268373171004,2.718462490346416,0.577
9,515,Maddison,MID,TOT,6.3,0.5,d,75.0,Shoulder injury - 75% chance of playing,0.0,11.0,0.2811301764300986,0.17348723329835605,0.030001814745636166,0.030886154874761675,0.0,0.41766753835246584,0.9867011763160628,0.066
9,516,Bentancur,MID,TOT,5.5,0.2,a,,,0.0,45.0,0.2811301764300986,0.4570256605933416,0.02431190533833241,0.023119623535873542,0.0,0.5409183972992826,1.0833357683094522,0.098
9,517,Odobert,MID,TOT,5.5,0.0,i,0.0,Knee injury - Unknown return date,0.0,0.0,0.2811301764300986,0.10409233997901364,0.0,0.0,0.0,0.0,0.43588989435406733,0.0
9,518,P.M.Sarr,MID,TOT,4.9,0.1,u,0.0,Has joined Juventus on loan for the rest of the season,0.0,0.0,0.2811301764300986,0.2432738719832109,0.0,0.0,0.0,0.0,0.43588989435406733,0.0
9,519,Gallagher,MID,TOT,5.4,0.2,a,,,0.0,45.0,0.2811301764300986,0.16327387198321092,0.04474213781237413,0.0356016121182887,0.0,0.6805155254167368,1.24957285708599,0.126
9,520,Bergvall,MID,TOT,5.4,0.2,a,,,0.0,45.0,0.2811301764300986,0.14675460950382252,0.042220972992205084,0.030293364128239072,0.0,0.6519849573457426,1.221514329392063,0.121
9,521,Kulusevski,MID,TOT,6.5,0.0,i,0.0,Knee injury - Unknown return date,0.0,0.0,0.2811301764300986,0.17348723329835605,0.0,0.0,0.0,0.0,0.43588989435406733,0.0
9,522,Gray,MID,TOT,5.0,0.2,a,,,1.0,85.0,0.2811301764300986,0.07435167141358116,0.04162005385242681,0.04095809767097726,0.05871550908991842,2.355136909081664,2.1735870008742975,0.471
9,523,Moore,MID,TOT,5.0,0.1,u,0.0,Has joined FC Köln on loan for the rest of the season,0.0,0.0,0.2811301764300986,0.16014206150617483,0.0,0.0,0.0,0.0,0.43588989435406733,0.0
9,524,Olusesi,MID,TOT,4.5,0.7,a,,,0.0,0.0,0.2811301764300986,0.17348723329835605,0.0,0.0,0.0,0.35,0.8154753215150045,0.078
9,525,Fernandes,MID,TOT,5.8,1.0,a,,,0.0,45.0,0.2811301764300986,0.3713444956430494,0.0408564229488938,0.05429392316680321,0.0,0.7171638842448786,1.2679707874232087,0.124
9,526,Solanke,FWD,TOT,5.9,0.9,a,,,0.0,22.0,0.2811301764300986,0.001806140878988561,0.127172653074355,0.010087958658888103,0.0,0.8889544882740843,1.5659021189611086,0.151
9,527,Richarlison,FWD,TOT,5.9,1.1,u,0.0,not included in squad.,0.0,0.0,0.2811301764300986,0.0012417218543046358,0.0,0.0,0.0,0.0,0.43588989435406733,0.0
9,528,Scarlett,FWD,TOT,4.5,1.4,u,0.0,Has joined Leyton Orient permanently,0.0,0.0,0.2811301764300986,0.0033112582781456954,0.0,0.0,0.0,0.0,0.43588989435406733,0.0
9,578,Mudryk,MID,TOT,5.4,0.1,a,,,0.0,0.0,0.2811301764300986,0.17348723329835605,0.0,0.0,0.0,0.35,0.8154753215150045,0.065
9,601,Williams-Barnett,MID,TOT,4.5,0.1,a,,,0.0,0.0,0.2811301764300986,0.17348723329835605,0.0,0.0,0.0,0.35,0.8154753215150045,0.078
9,501,Danso,DEF,SUN,5.0,0.2,a,,,0.0,0.0,0.9475080904810387,0.5684590654864139,0.0,0.0,0.0,0.35,0.8154753215150045,0.07
9,529,Roefs,GK,SUN,5.0,3.0,a,,,1.0,90.0,0.9475080904810387,0.0,0.0,0.0017787828947368421,0.23749959663341758,5.314745197301181,3.17773754027488,1.063
9,530,Patterson,GK,SUN,4.0,0.1,u,0.0,Has joined Wrexham permanently,0.0,0.0,0.9475080904810387,0.0,0.0,0.0,0.0,0.0,0.43588989435406733,0.0
9,531,Ellborg,GK,SUN,4.5,0.1,a,,,0.0,0.0,0.9475080904810387,0.0,0.0,0.0,0.0,0.35,0.8154753215150045,0.078
9,532,Ballard,DEF,SUN,4.9,3.3,a,,,1.0,90.0,0.9475080904810387,0.49566842194666216,0.07415954168384853,0.03510674282201272,0.2751202221973111,6.792966796851264,3.6539833283856797,1.386
9,533,Mukiele,DEF,SUN,5.5,2.2,a,100.0,,0.0,0.0,0.9475080904810387,0.38019522716588783,0.0,0.0,0.0,0.35,0.8154753215150045,0.064
9,534,Hume,DEF,SUN,4.4,4.2,a,,,1.0,79.0,0.9475080904810387,0.11885321706962611,0.04810872736567382,0.06467431825036374,0.28184747751779365,6.038751915574005,3.4296182008766882,1.372
9,535,Alderete,DEF,SUN,4.9,0.3,a,100.0,,0.0,23.0,0.9475080904810387,0.3569394132123994,0.012720632536673021,0.007908359038496808,0.0,0.45004887233552854,0.9650992967863681,0.092
9,536,Reinildo,DEF,SUN,4.5,0.4,a,,,1.0,90.0,0.9475080904810387,0.21612925788626985,0.009202752950291012,0.05132735549681332,0.2580625605767462,5.920478178982634,3.36216077214769,1.316
9,537,Seelt,DEF,SUN,4.5,0.0,u,0.0,Has joined Swansea City on loan for the rest of the season,0.0,0.0,0.9475080904810387,0.25756882831793654,0.0,0.0,0.0,0.0,0.43588989435406733,0.0
9,538,Hjelde,DEF,SUN,4.0,0.0,u,0.0,Has joined KV Mechelen on loan for the rest of the season,0.0,0.0,0.9475080904810387,0.2790328973444312,0.0,0.0,0.0,0.0,0.43588989435406733,0.0
9,539,O'Nien,DEF,SUN,4.0,2.7,a,,,1.0,66.0,0.9475080904810387,0.22886288253332498,0.02300839995281183,0.020294997986382173,0.257544553454875,5.933126850695175,3.3780158993168907,1.483
9,540,Masuaku,DEF,SUN,4.0,0.2,u,0.0,Has joined Konyaspor permanently,0.0,0.0,0.9475080904810387,0.2790328973444312,0.0,0.0,0.0,0.0,0.43588989435406733,0.0
9,541,Meunier,DEF,SUN,4.5,0.3,a,100.0,,1.0,90.0,0.9475080904810387,0.25756882831793654,0.054146067693235725,0.04239152489720546,0.2706651800269141,6.252182004685914,3.4934255702766377,1.389
9,542,E.Le Fée,MID,SUN,5.9,4.8,a,,,1.0,79.0,0.9475080904810387,0.21917058259957115,0.20326513257213516,0.13906105361183396,0.2312479592353827,4.509738098157326,3.128592843744889,0.764
9,543,Diarra,MID,SUN,5.4,0.0,i,0.0,Hamstring injury - Unknown return date,0.0,0.0,0.9475080904810387,0.07710543702149159,0.0,0.0,0.0,0.0,0.43588989435406733,0.0
9,544,Xhaka,MID,SUN,5.5,4.3,a,,,1.0,90.0,0.9475080904810387,0.35737437332400607,0.03688453988678067,0.13775653739675126,0.15587518609734005,3.8528437878802237,2.7462174779673054,0.701
9,545,Sadiki,MID,SUN,4.9,0.3,a,,,1.0,90.0,0.9475080904810387,0.1322140608604407,0.07649080508872902,0.06171321411243866,0.14312221576851256,3.39569719877524,2.6288342489029866,0.693
9,546,Adingra,MID,SUN,4.9,0.0,u,0.0,Has joined Ajax on loan for the rest of the season,0.0,0.0,0.9475080904810387,0.10957088418843541,0.0,0.0,0.0,0.0,0.43588989435406733,0.0
9,547,Mundle,MID,SUN,4.9,0.0,i,0.0,Knee injury - Unknown return date,0.0,0.0,0.9475080904810387,0.16014206150617483,0.0,0.0,0.0,0.0,0.43588989435406733,0.0
9,548,Rigg,MID,SUN,4.9,0.1,a,,,0.0,10.0,0.9475080904810387,0.10957088418843541,0.012123896869315028,0.01214594990903989,0.0,0.4470573340736948,0.9602876214738532,0.091
9,549,Talbi,MID,SUN,5.4,0.1,a,,,0.0,31.0,0.9475080904810387,0.07435167141358116,0.0412858949288013,0.026083902008363632,0.0,0.6346811806690974,1.2056573364120058,0.118
9,550,Jocelin.T,MID,SUN,5.0,0.0,a,,,0.0,0.0,0.9475080904810387,0.17348723329835605,0.0,0.0,0.0,0.35,0.8154753215150045,0.07
9,551,N.Angulo,MID,SUN,5.0,0.1,a,,,0.0,58.0,0.9475080904810387,0.12246157644589839,0.08522609386550457,0.04866879554990359,0.0,0.9221368559772336,1.5044655494725598,0.184
9,552,Brobbey,FWD,SUN,5.9,7.4,a,,,1.0,66.0,0.9475080904810387,0.001168679392286716,0.2149627771381096,0.023707878556129245,0.2086618038112633,2.7117869181138974,2.5381433779920832,0.46
9,553,Isidor,FWD,SUN,5.5,1.5,a,,,0.0,23.0,0.9475080904810387,0.001892147587511826,0.12848388668985147,0.008996387714272783,0.0,0.8909247099022242,1.5696051315389277,0.162
9,612,Methalie,DEF,SUN,4.5,0.0,a,100.0,,0.25,20.0,0.9475080904810387,0.2790328973444312,0.009907478749843447,0.008794984748007748,0.06658335065734383,1.8071531101046074,1.868966500956562,0.402
9,613,Ahoka,MID,SUN,4.5,0.3,a,,,0.25,20.0,0.9475080904810387,0.17348723329835605,0.028122817044516416,0.025132385761208857,0.044656938366780294,1.2133991690008719,1.572957508443491,0.27
9,646,Fofana,MID,SUN,5.5,0.0,a,,,0.25,20.0,0.9475080904810387,0.17348723329835605,0.0276228558526139,0.0246855877921207,0.04428415194714022,1.2091861827144545,1.5694556006058746,0.22
9,651,J.Angulo,FWD,SUN,4.5,0.4,a,,,0.25,20.0,0.9475080904810387,0.0033112582781456954,0.09551353341104425,0.01269933298746019,0.06629651840643709,1.1429718298209417,1.6567219673578468,0.254
10,1,Raya,GK,ARS,6.0,39.0,a,,,1.0,90.0,0.6117452137028273,0.0,0.0,0.0008893914473684211,0.15324759043228578,4.04420362434534,2.772000520608924,0.674
10,2,Arrizabalaga,GK,ARS,4.9,0.1,a,,,0.0,0.0,0.6117452137028273,0.0,0.0,0.0,0.0,0.35,0.8154753215150045,0.071
10,3,Meslier,GK,ARS,4.9,0.0,a,,,0.0,0.0,0.6117452137028273,0.0,0.0,0.0,0.0,0.35,0.8154753215150045,0.071
10,4,Gabriel,DEF,ARS,8.0,24.4,a,,,1.0,90.0,0.6117452137028273,0.33368359925891106,0.11439652186372516,0.04176251858355221,0.2075919675822539,5.372323342834201,3.3005747200400317,0.672
10,5,J.Timber,DEF,ARS,6.5,0.1,d,25.0,Groin injury - 25% chance of playing,0.0,0.0,0.6117452137028273,0.1670630202140309,0.0,0.0,0.0,0.0875,0.43588989435406733,0.013
10,6,Saliba,DEF,ARS,5.9,0.2,i,0.0,Back injury - Unknown return date,0.0,0.0,0.6117452137028273,0.18370986920332938,0.0,0.0,0.0,0.0,0.43588989435406733,0.0
10,7,Lewis-Skelly,MID,ARS,5.5,0.7,a,,,1.0,90.0,0.6117452137028273,0.11565815553223738,0.03904923025694533,0.056863556399710344,0.09474399670011222,2.8061974199698874,2.3592521017230137,0.51
10,8,Calafiori,DEF,ARS,5.8,48.4,a,,,1.0,80.0,0.6117452137028273,0.10463733650416171,0.1328620392065705,0.08240284017530351,0.23769684968231972,5.213697170297854,3.2715740643924516,0.899
10,9,Hincapie,DEF,ARS,5.3,1.1,a,,,0.0,9.0,0.6117452137028273,0.34494649227110585,0.0022618375502210216,0.007247769566958388,0.0,0.3853143340022013,0.8635208508805728,0.073
10,10,White,DEF,ARS,5.5,7.6,a,100.0,,1.0,90.0,0.6117452137028273,0.21741973840665874,0.04844959519108494,0.0888041343345994,0.20097510875969632,4.897224267260798,3.0976480882989312,0.89
10,11,Mosquera,DEF,ARS,5.4,3.1,d,50.0,Muscular injury - 50% chance of playing,0.5,45.0,0.6117452137028273,0.2546854651491988,0.008230368210651866,0.02203407841688792,0.08706070803249234,2.3938992133256014,2.144245954778172,0.443
10,12,Saka,MID,ARS,9.5,11.4,a,,,1.0,67.0,0.6117452137028273,0.19671796665500757,0.3534454629473472,0.19833557801657176,0.320593966002573,5.17759467004084,3.458048965928863,0.545
10,13,Rice,MID,ARS,7.4,13.3,a,,,1.0,67.0,0.6117452137028273,0.33503847499125566,0.06417471759784278,0.14403395560283785,0.15906367369597585,3.6613155190842153,2.709529071969346,0.495
10,14,Eze,MID,ARS,6.4,1.2,a,,,0.0,14.0,0.6117452137028273,0.06939489331934243,0.0436685553247451,0.022102920074464683,0.0,0.6346515368471195,1.2115482870930063,0.099
10,15,Ødegaard,MID,ARS,6.7,16.0,a,,,1.0,75.0,0.6117452137028273,0.1284102833158447,0.17605155762640973,0.23712051866903594,0.2347067934143699,4.195406655461283,3.0045934818432416,0.626
10,16,Madueke,MID,ARS,6.3,0.2,a,,,0.0,22.0,0.6117452137028273,0.09051507824262055,0.06683815631015784,0.03783550684333909,0.0,0.7976973020808065,1.3844326678515209,0.127
10,17,Merino,MID,ARS,5.9,0.4,a,,,0.0,14.0,0.6117452137028273,0.10409233997901364,0.04459573157433962,0.014240674410254128,0.0,0.6157006811024603,1.1989185475005015,0.104
10,18,Martinelli,MID,ARS,6.3,0.1,u,0.0,Has joined Al Hilal permanently,0.0,0.0,0.6117452137028273,0.12246157644589839,0.0,0.0,0.0,0.0,0.43588989435406733,0.0
10,19,Zubimendi,MID,ARS,5.4,0.7,a,,,0.0,22.0,0.6117452137028273,0.20640560908136985,0.022870809068685976,0.018072077876487867,0.0,0.5185702789728934,1.0594849618850724,0.096
10,20,Dowman,MID,ARS,5.3,0.1,a,,,0.0,0.0,0.6117452137028273,0.16014206150617483,0.0,0.0,0.0,0.35,0.8154753215150045,0.066
10,22,Nwaneri,MID,ARS,5.4,0.0,u,0.0,Has joined Borussia Dortmund on loan for the rest of the season,0.0,0.0,0.6117452137028273,0.16014206150617483,0.0,0.0,0.0,0.0,0.43588989435406733,0.0
10,23,Fábio Vieira,MID,ARS,5.5,0.0,u,0.0,Has joined Hamburger SV permanently,0.0,0.0,0.6117452137028273,0.17348723329835605,0.0,0.0,0.0,0.0,0.43588989435406733,0.0
10,24,Nelson,MID,ARS,5.5,0.0,u,0.0,has departed the club as a free agent.,0.0,0.0,0.6117452137028273,0.17348723329835605,0.0,0.0,0.0,0.0,0.43588989435406733,0.0
10,25,Gyökeres,FWD,ARS,7.2,3.9,a,,,0.0,0.0,0.6117452137028273,0.001168679392286716,0.0,0.0,0.0,0.35,0.8154753215150045,0.049
10,26,Havertz,FWD,ARS,7.5,7.8,a,,,1.0,90.0,0.6117452137028273,0.002207505518763797,0.38671371508036695,0.0913966287224128,0.2285131417012556,3.6236196983444873,3.03400061261311,0.483
10,27,G.Jesus,FWD,ARS,5.9,0.2,u,0.0,Has joined FC Barcelona permanently,0.0,0.0,0.6117452137028273,0.003056546102903719,0.0,0.0,0.0,0.0,0.43588989435406733,0.0
10,31,Konsa,DEF,ARS,4.4,14.7,a,,,0.0,0.0,0.6117452137028273,0.1380085819159386,0.0,0.0,0.0,0.35,0.8154753215150045,0.08
10,452,Bruno G.,MID,ARS,6.8,1.8,a,100.0,,0.0,0.0,0.6117452137028273,0.18158581537385315,0.0,0.0,0.0,0.35,0.8154753215150045,0.051
10,557,Tzolis,MID,ARS,6.4,16.7,a,,,1.0,75.0,0.6117452137028273,0.16014206150617483,0.09640865455854025,0.10142227573014215,0.14426351209152932,3.3580406018526197,2.637940308435962,0.525
10,29,M.Bizot,GK,AVL,4.5,0.1,a,,,1.0,90.0,0.18296298760299443,0.0,0.0,0.00012871853546910755,0.045785798388162796,2.246209850898569,2.0658651254879348,0.499
10,30,Digne,DEF,AVL,4.5,0.1,u,0.0,Has joined Paris Saint-Germain permanently,0.0,0.0,0.18296298760299443,0.1402707989720379,0.0,0.0,0.0,0.0,0.43588989435406733,0.0
10,32,Cash,DEF,AVL,4.5,6.5,d,75.0,Muscular injury - 75% chance of playing,0.5,45.0,0.18296298760299443,0.09453032104637336,0.01777668435812637,0.029162183071051544,0.039298977050586575,1.2502039014594497,1.5754515285852855,0.278
10,33,Mings,DEF,AVL,4.5,0.4,a,,,0.0,16.0,0.18296298760299443,0.2826305680051221,0.013616899083690862,0.004558647226314737,0.0,0.4453773361810894,0.9632851775285526,0.099
10,34,Pau,DEF,AVL,4.5,0.4,a,,,1.0,73.0,0.18296298760299443,0.17252886348816693,0.029772805929759474,0.016159539446011707,0.06556086853549918,2.294710178638892,2.130395778955744,0.51
10,35,Bogarde,MID,AVL,5.0,0.1,a,,,0.0,16.0,0.18296298760299443,0.09462939998092149,0.005380585409243374,0.007161804039947474,0.0,0.3983883391660593,0.8883813127655111,0.08
10,36,Maatsen,DEF,AVL,4.5,0.8,a,,,1.0,81.0,0.18296298760299443,0.17827982560443917,0.0536244967225351,0.13021112097792695,0.11723237600648384,2.8422283457562165,2.3920662276099343,0.632
10,37,Lindelöf,DEF,AVL,4.5,0.3,a,,,1.0,90.0,0.18296298760299443,0.1455823812231815,0.015181529050265017,0.02670909960723574,0.06040246693087387,2.184071268873398,2.059326245440738,0.485
10,38,A.García,DEF,AVL,4.0,1.7,a,,,0.0,0.0,0.18296298760299443,0.2790328973444312,0.0,0.0,0.0,0.35,0.8154753215150045,0.087
10,39,Nedeljkovic,DEF,AVL,4.0,0.2,u,0.0,Has joined Rangers on loan for the rest of the season,0.0,0.0,0.18296298760299443,0.2790328973444312,0.0,0.0,0.0,0.0,0.43588989435406733,0.0
10,41,Buendía,MID,AVL,5.9,1.0,a,,,1.0,85.0,0.18296298760299443,0.1814945285564383,0.2926869167277788,0.09878951975768119,0.1633728605166758,3.9954518845672147,3.0573648917072984,0.677
10,44,Bailey,MID,AVL,5.4,0.1,u,0.0,Has joined Olympiakos permanently,0.0,0.0,0.18296298760299443,0.13878978663868485,0.0,0.0,0.0,0.0,0.43588989435406733,0.0
10,45,McGinn,MID,AVL,5.4,2.3,a,,,1.0,81.0,0.18296298760299443,0.08110123156790192,0.15108653595360777,0.09614225876855303,0.11444083004113975,3.0458525007945325,2.5872067886489587,0.564
10,46,Barkley,MID,AVL,5.0,0.3,a,,,1.0,73.0,0.18296298760299443,0.15409233997901364,0.1432615956079615,0.07569568100649103,0.11277786332680978,3.0780287385422302,2.5899467517456816,0.616
10,47,Kamara,MID,AVL,5.0,0.3,a,100.0,,1.0,90.0,0.18296298760299443,0.17523609653725078,0.034892204793464256,0.04833942927835574,0.04742737068543644,2.4276670487111214,2.195887205962983,0.486
10,48,Onana,MID,AVL,5.0,0.0,i,0.0,Knee injury - Unknown return date,0.0,0.0,0.18296298760299443,0.2838077124868835,0.0,0.0,0.0,0.0,0.43588989435406733,0.0
10,49,Iling Jr,MID,AVL,5.0,0.0,u,0.0,Has joined Bolton Wanderers on loan for the rest of the season,0.0,0.0,0.18296298760299443,0.17348723329835605,0.0,0.0,0.0,0.0,0.43588989435406733,0.0
10,50,Burrowes,MID,AVL,4.5,0.7,a,,,0.0,0.0,0.18296298760299443,0.17348723329835605,0.0,0.0,0.0,0.35,0.8154753215150045,0.078
10,51,George Hemmings,MID,AVL,4.5,1.2,a,,,1.0,90.0,0.18296298760299443,0.16014206150617483,0.10212850808675339,0.09628816855404522,0.08774213558457894,2.920236523446598,2.4821805822842657,0.649
10,52,Alysson,MID,AVL,5.0,0.0,a,,,0.0,8.0,0.18296298760299443,0.17348723329835605,0.010477281163324652,0.009444770080395924,0.0,0.430720716057811,0.9387401384247873,0.086
10,53,Manzambi,MID,AVL,5.9,0.1,i,0.0,Knee injury - Expected back 12 Sep,0.0,0.0,0.18296298760299443,0.17348723329835605,0.0,0.0,0.0,0.0,0.43588989435406733,0.0
10,54,Gomes,MID,AVL,5.5,0.0,s,0.0,Suspended until 19 Sep,0.0,0.0,0.18296298760299443,0.3972522511530296,0.0,0.0,0.0,0.0,0.43588989435406733,0.0
10,55,Watkins,FWD,AVL,7.8,3.2,u,0.0,Has joined Al Hilal permanently,0.0,0.0,0.18296298760299443,0.0009030704394942806,0.0,0.0,0.0,0.0,0.43588989435406733,0.0
10,56,Abraham,FWD,AVL,5.5,0.2,a,100.0,,0.0,0.0,0.18296298760299443,0.003056546102903719,0.0,0.0,0.0,0.35,0.8154753215150045,0.064
10,160,Garnacho,MID,AVL,5.9,0.4,a,,,0.0,4.0,0.18296298760299443,0.09462939998092149,0.011364545188524587,0.006939398674983371,0.0,0.42764092196757303,0.938458855182014,0.072
10,166,N.Jackson,FWD,AVL,6.5,1.2,a,,,0.0,0.0,0.18296298760299443,0.0033112582781456954,0.0,0.0,0.0,0.35,0.8154753215150045,0.054
10,582,Madjo,FWD,AVL,5.5,0.3,i,0.0,Unspecified injury - Unknown return date,0.0,0.0,0.18296298760299443,0.0033112582781456954,0.0,0.0,0.0,0.0,0.43588989435406733,0.0
10,596,Ruggeri,DEF,AVL,4.5,0.1,a,,,0.0,8.0,0.18296298760299443,0.2790328973444312,0.0038617150504945347,0.003518953808198774,0.0,0.3837271517275635,0.8673245520480426,0.085
10,597,Suzuki,GK,AVL,5.0,1.7,a,,,0.0,0.0,0.18296298760299443,0.0,0.0,0.0,0.0,0.35,0.8154753215150045,0.07
10,606,Rowe,DEF,AVL,4.0,0.2,a,,,0.0,0.0,0.18296298760299443,0.2790328973444312,0.0,0.0,0.0,0.35,0.8154753215150045,0.087
10,607,Lynch,MID,AVL,4.5,0.1,u,0.0,Has joined Oxford United on loan until January,0.0,0.0,0.18296298760299443,0.17348723329835605,0.0,0.0,0.0,0.0,0.43588989435406733,0.0
10,611,Wan-Bissaka,DEF,AVL,4.5,0.2,a,,,0.25,20.0,0.18296298760299443,0.32423985051809073,0.004843134076403607,0.01362883868746987,0.018708526000962334,0.9214493646022587,1.3340961723963956,0.205
10,618,Goretzka,MID,AVL,6.0,0.0,i,0.0,Knee injury - Expected back 10 Oct,0.0,0.0,0.18296298760299443,0.17348723329835605,0.0,0.0,0.0,0.0,0.43588989435406733,0.0
10,630,Harwood-Bellis,DEF,AVL,4.5,0.0,a,,,0.25,20.0,0.18296298760299443,0.2790328973444312,0.012235297934462291,0.0053627804326828,0.018364430082250534,0.9198648786076541,1.3495017810145034,0.204
10,631,Mbaye,MID,AVL,6.0,0.1,a,,,0.25,20.0,0.18296298760299443,0.17348723329835605,0.028122817044516416,0.025132385761208857,0.025543310794829188,1.0184401677669705,1.4504389752844973,0.17
10,57,Petrović,GK,BOU,4.5,3.3,a,,,1.0,90.0,0.35978785835507193,0.0,0.0,2.6774785801713583e-05,0.08995633576379858,3.0244060080094632,2.3971590300224097,0.672
10,58,Forster,GK,BOU,4.0,3.5,a,,,0.0,0.0,0.35978785835507193,0.0,0.0,0.0,0.0,0.35,0.8154753215150045,0.087
10,59,Dennis,GK,BOU,4.0,0.1,u,0.0,Has joined MK Dons permanently,0.0,0.0,0.35978785835507193,0.0,0.0,0.0,0.0,0.0,0.43588989435406733,0.0
10,60,Hill,DEF,BOU,5.5,0.8,a,,,1.0,90.0,0.35978785835507193,0.481899854670366,0.029510467822338255,0.10882200029392353,0.13836332842945961,4.152608658651916,2.8402498584407443,0.755
10,61,Truffert,DEF,BOU,5.5,3.5,a,,,1.0,90.0,0.35978785835507193,0.30094891702221915,0.02588658597907604,0.06578184192275366,0.12203091435440838,3.6524627531311924,2.6636438851362474,0.664
10,62,Diakité,DEF,BOU,5.0,0.2,a,,,0.0,0.0,0.35978785835507193,0.293935790725327,0.0,0.0,0.0,0.35,0.8154753215150045,0.07
10,63,Milosavljević,DEF,BOU,5.0,0.0,i,0.0,Unspecified injury - Unknown return date,0.0,0.0,0.35978785835507193,0.3967746730083234,0.0,0.0,0.0,0.0,0.43588989435406733,0.0
10,64,Smith,DEF,BOU,4.5,0.1,a,,,1.0,90.0,0.35978785835507193,0.1395164486722156,0.017688597982599898,0.02844994881965294,0.10609545596955647,3.178307945694174,2.4788942463756958,0.706
10,65,J.Araujo,DEF,BOU,4.4,0.0,i,0.0,Thigh injury - Unknown return date,0.0,0.0,0.35978785835507193,0.2790328973444312,0.0,0.0,0.0,0.0,0.43588989435406733,0.0
10,66,Soler,DEF,BOU,4.0,0.3,a,100.0,,0.0,0.0,0.35978785835507193,0.2790328973444312,0.0,0.0,0.0,0.35,0.8154753215150045,0.087
10,67,Rayan,MID,BOU,6.4,2.0,a,,,1.0,88.0,0.35978785835507193,0.08007103075308741,0.17748287846081842,0.10136840443525215,0.135794870053987,3.375650001936182,2.7347088098083963,0.527
10,68,Tavernier,MID,BOU,6.0,3.4,a,,,1.0,90.0,0.35978785835507193,0.11549651817227892,0.33676817043705126,0.16437117517593236,0.21137755680005144,4.501850357636765,3.251787923916958,0.75
10,69,Scott,MID,BOU,6.1,5.1,a,,,1.0,90.0,0.35978785835507193,0.3713444956430494,0.11347059627410953,0.10020788013838129,0.11076625257987899,3.5630215760354473,2.7295722324408285,0.584
10,70,Kluivert,MID,BOU,6.0,1.0,a,,,1.0,74.0,0.35978785835507193,0.09462939998092149,0.2568275288605707,0.08951884561698244,0.18341001280906022,3.8112271196144225,2.9634940020912524,0.635
10,71,Cook,MID,BOU,5.0,0.2,a,,,1.0,75.0,0.35978785835507193,0.4324688952181082,0.0236655264840566,0.07125730729768172,0.07584637602383729,3.1046935272251504,2.4578264504704403,0.621
10,72,Gannon-Doak,MID,BOU,4.9,0.1,a,,,0.0,1.0,0.35978785835507193,0.17348723329835605,0.0016272302670359445,0.0012503300386490991,0.0,0.361887141451127,0.8350742184736378,0.074
10,73,Adams,MID,BOU,5.0,0.3,a,100.0,,0.0,15.0,0.35978785835507193,0.2838077124868835,0.008160564502883268,0.006360305349020772,0.0,0.40988373856147864,0.9098035448843387,0.082
10,74,Brooks,MID,BOU,5.0,0.1,a,100.0,,0.0,0.0,0.35978785835507193,0.08674361664917803,0.0,0.0,0.0,0.35,0.8154753215150045,0.07
10,75,Christie,MID,BOU,5.0,0.0,a,100.0,,0.0,0.0,0.35978785835507193,0.16220246313580383,0.0,0.0,0.0,0.35,0.8154753215150045,0.07
10,76,Tóth.A,MID,BOU,5.0,0.0,a,,,0.0,15.0,0.35978785835507193,0.17348723329835605,0.018727794712220313,0.02257830858889092,0.0,0.5113738993277743,1.0411422462834237,0.102
10,77,Adli,MID,BOU,4.9,0.0,i,0.0,Unspecified injury - Unknown return date,0.0,0.0,0.35978785835507193,0.15409233997901364,0.0,0.0,0.0,0.0,0.43588989435406733,0.0
10,78,Kroupi.Jr,MID,BOU,7.4,0.2,i,0.0,Foot injury - Expected back 7 Nov,0.0,0.0,0.35978785835507193,0.06505771248688352,0.0,0.0,0.0,0.0,0.43588989435406733,0.0
10,79,Evanilson,FWD,BOU,6.0,3.2,a,,,1.0,74.0,0.35978785835507193,0.0009240720776220546,0.30530997614235433,0.05662170569317831,0.19004429904928125,3.152849613321058,2.796832873477451,0.525
10,80,Enes Ünal,FWD,BOU,5.5,0.0,u,0.0,Has joined Getafe permanently,0.0,0.0,0.35978785835507193,0.0033112582781456954,0.0,0.0,0.0,0.0,0.43588989435406733,0.0
10,81,Rodríguez,FWD,BOU,6.0,0.1,a,100.0,,0.0,0.0,0.35978785835507193,0.0033112582781456954,0.0,0.0,0.0,0.35,0.8154753215150045,0.058
10,566,Silva,DEF,BOU,5.0,0.4,a,,,1.0,90.0,0.35978785835507193,0.33449190524101347,0.05820855806200685,0.03070420195622441,0.12106643059514892,3.801916280292511,2.7518888569358704,0.76
10,573,Sanchez,DEF,BOU,4.5,0.2,a,,,0.0,0.0,0.35978785835507193,0.2790328973444312,0.0,0.0,0.0,0.35,0.8154753215150045,0.078
10,608,Jebbison,FWD,BOU,5.0,0.1,a,,,0.0,15.0,0.35978785835507193,0.0033112582781456954,0.08658310849486497,0.01077086285647397,0.0,0.7286450225488817,1.379827595684354,0.146
10,615,Di Gregorio,GK,BOU,4.5,0.0,a,,,0.25,20.0,0.35978785835507193,0.0,0.0,7.309941520467835e-05,0.022515524041928837,1.018827159259608,1.391320093505896,0.226
10,82,Kelleher,GK,BRE,5.0,6.7,a,,,1.0,90.0,0.1917204191641852,0.0,0.0,0.0029836791497975714,0.04897439249347545,2.296734126880741,2.0889698037725215,0.459
10,83,Valdimarsson,GK,BRE,4.5,0.1,a,,,0.0,0.0,0.1917204191641852,0.0,0.0,0.0,0.0,0.35,0.8154753215150045,0.078
10,84,Collins,DEF,BRE,5.5,1.6,d,25.0,Calf injury - 25% chance of playing,0.25,22.5,0.1917204191641852,0.4299643281807372,0.025136074229960566,0.01003653016358719,0.02429293773550329,0.9030046674950917,1.366208371230552,0.164
10,85,Van den Berg,DEF,BRE,4.9,0.1,i,0.0,Groin injury - Unknown return date,0.0,0.0,0.1917204191641852,0.3654379706698375,0.0,0.0,0.0,0.0,0.43588989435406733,0.0
10,86,Lewis-Potter,MID,BRE,5.5,2.1,a,,,1.0,90.0,0.1917204191641852,0.061230788222949195,0.17979751402683616,0.17008272636387387,0.14163012605316702,3.409913311240246,2.7491126523875815,0.62
10,87,Ajer,DEF,BRE,4.5,4.7,a,,,1.0,90.0,0.1917204191641852,0.41713733650416174,0.04416481863554855,0.027050133102033885,0.07285533789920015,2.924035759889948,2.412603750225924,0.65
10,88,Kayode,DEF,BRE,4.6,8.9,a,,,1.0,75.0,0.1917204191641852,0.1269678953626635,0.06910707402518976,0.06895183959039058,0.10591484850959004,2.6985421506028984,2.354118206525884,0.587
10,89,Henry,DEF,BRE,4.5,0.2,a,,,0.0,0.0,0.1917204191641852,0.133935790725327,0.0,0.0,0.0,0.35,0.8154753215150045,0.078
10,90,Hickey,DEF,BRE,4.5,0.1,a,,,0.0,14.0,0.1917204191641852,0.22886288253332498,0.007663259542763878,0.004569029830522483,0.0,0.4096866467481507,0.9079560485387328,0.091
10,92,Ji-soo,DEF,BRE,4.5,0.0,a,,,0.0,0.0,0.1917204191641852,0.2790328973444312,0.0,0.0,0.0,0.35,0.8154753215150045,0.078
10,93,Schuster,DEF,BRE,4.5,0.1,a,,,0.0,0.0,0.1917204191641852,0.2790328973444312,0.0,0.0,0.0,0.35,0.8154753215150045,0.078
10,94,Schade,MID,BRE,6.0,3.8,a,,,1.0,90.0,0.1917204191641852,0.04841504185070402,0.32180966615080414,0.07123877633249347,0.15673899678557268,3.814970119173419,3.0297361639810028,0.636
10,95,O.Dango,MID,BRE,6.4,0.7,a,,,1.0,66.0,0.1917204191641852,0.11032018377243981,0.2052544963190038,0.12098094477881384,0.17487532062219513,3.513462560325995,2.8119576530476795,0.549
10,96,Damsgaard,MID,BRE,5.5,0.5,a,,,0.0,14.0,0.1917204191641852,0.23770137645824332,0.01355216380625578,0.034353218025399375,0.0,0.520820473107477,1.0348293974089358,0.095
10,97,Jensen,MID,BRE,5.5,0.1,i,0.0,Unspecified injury - Expected back 18 Sep,0.0,0.0,0.1917204191641852,0.1559447897328275,0.0,0.0,0.0,0.0,0.43588989435406733,0.0
10,98,Janelt,MID,BRE,5.0,1.9,a,,,1.0,90.0,0.1917204191641852,0.3600659571278669,0.08577970814041161,0.11246194844413872,0.08855662172101114,3.2637451545018106,2.591484910701953,0.653
10,99,Milambo,MID,BRE,5.0,0.0,i,0.0,Knee injury - Unknown return date,0.0,0.0,0.1917204191641852,0.17348723329835605,0.0,0.0,0.0,0.0,0.43588989435406733,0.0
10,100,Carvalho,MID,BRE,5.0,0.0,a,100.0,,0.0,0.0,0.1917204191641852,0.16014206150617483,0.0,0.0,0.0,0.35,0.8154753215150045,0.07
10,102,Yarmoliuk,MID,BRE,4.9,0.8,a,,,0.0,23.0,0.1917204191641852,0.3190694341361042,0.013064889550992288,0.013847995529209092,0.0,0.45686843434258867,0.9728511512851656,0.093
10,103,Dasilva,MID,BRE,5.0,0.0,i,0.0,Hamstring injury - Expected back 10 Oct,0.0,0.0,0.1917204191641852,0.17348723329835605,0.0,0.0,0.0,0.0,0.43588989435406733,0.0
10,105,Anthony,MID,BRE,6.0,0.1,a,,,0.0,23.0,0.1917204191641852,0.07337730475191126,0.04049959589973347,0.03218049542228089,0.0,0.64903946576551,1.2149784197066504,0.108
10,106,Thiago,FWD,BRE,7.9,11.5,a,,,1.0,82.0,0.1917204191641852,0.020794701986754968,0.6417426026243281,0.04009617010616282,0.2810979119287413,4.576619084400171,3.5420378140424043,0.579
10,107,Furo,FWD,BRE,4.5,1.1,a,,,0.0,0.0,0.1917204191641852,0.0033112582781456954,0.0,0.0,0.0,0.35,0.8154753215150045,0.078
10,108,Wilson,FWD,BRE,5.5,0.4,a,,,0.0,7.0,0.1917204191641852,0.001986754966887417,0.034742909960232736,0.0034129268825874412,0.0,0.4992104204886933,1.0756194767155873,0.091
10,565,M.Sangaré,MID,BRE,5.7,13.5,a,,,1.0,75.0,0.1917204191641852,0.23706513842925175,0.1158530990029847,0.10336672017458658,0.11124436597099846,3.1831926618505553,2.5967642656841154,0.558
10,620,Diouf,DEF,BRE,4.5,0.1,a,,,0.25,20.0,0.1917204191641852,0.17496178019364703,0.005024830620224826,0.017160248142143057,0.02071790096044393,0.8797071509232238,1.3044510609737239,0.195
10,109,Verbruggen,GK,BHA,4.5,22.2,a,,,1.0,90.0,0.25072848681837345,0.0,0.0,0.021634826782145237,0.07025431107834419,2.627034623118,2.234136473880725,0.584
10,111,Steele,GK,BHA,4.0,4.3,a,,,0.0,0.0,0.25072848681837345,0.0,0.0,0.0,0.0,0.35,0.8154753215150045,0.087
10,113,F.Kadıoğlu,DEF,BHA,4.4,1.8,a,100.0,,0.0,0.0,0.25072848681837345,0.11379563336453563,0.0,0.0,0.0,0.35,0.8154753215150045,0.08
10,114,Boscagli,DEF,BHA,4.5,0.3,a,,,1.0,90.0,0.25072848681837345,0.2546854651491988,0.01976609377734434,0.08168846347502082,0.09819121674292117,3.002395945353611,2.4131201501035804,0.667
10,115,De Cuyper,DEF,BHA,4.8,20.8,a,,,1.0,77.0,0.25072848681837345,0.133935790725327,0.1864467508424465,0.16434797038048765,0.2061890531139755,4.136276843891755,2.9962654269021316,0.862
10,116,Dunk,DEF,BHA,4.5,1.3,a,,,1.0,90.0,0.25072848681837345,0.2579180629121176,0.033599823235451395,0.026865665216151448,0.08384504266265436,2.9125317331291485,2.394871443806137,0.647
10,117,Coppola,DEF,BHA,4.5,0.0,a,,,0.0,0.0,0.25072848681837345,0.31059962629522675,0.0,0.0,0.0,0.35,0.8154753215150045,0.078
10,118,Igor,DEF,BHA,4.5,0.1,u,0.0,Has joined Burnley permanently,0.0,0.0,0.25072848681837345,0.33449190524101347,0.0,0.0,0.0,0.0,0.43588989435406733,0.0
10,119,Costinha,DEF,BHA,4.5,0.0,a,,,0.0,26.0,0.25072848681837345,0.2790328973444312,0.015582433477770297,0.015445916785437091,0.0,0.489832351222933,1.012015843843462,0.109
10,120,Svoboda,DEF,BHA,5.0,0.1,a,,,0.0,0.0,0.25072848681837345,0.2790328973444312,0.0,0.0,0.0,0.35,0.8154753215150045,0.07
10,121,Mitoma,MID,BHA,5.9,0.0,i,0.0,Hamstring injury - Expected back 10 Oct,0.0,0.0,0.25072848681837345,0.07178782067518182,0.0,0.0,0.0,0.0,0.43588989435406733,0.0
10,122,Minteh,MID,BHA,5.9,0.0,i,0.0,Leg injury - Expected back 28 Nov,0.0,0.0,0.25072848681837345,0.08329315674541278,0.0,0.0,0.0,0.0,0.43588989435406733,0.0
10,123,Hinshelwood,MID,BHA,6.0,1.0,d,50.0,Unspecified injury - 50% chance of playing,0.5,31.5,0.25072848681837345,0.09338929695697797,0.1097474604520944,0.03279922308563448,0.08380976610978311,1.8046979947640305,2.021734639551943,0.301
10,124,Groß,MID,BHA,5.6,16.3,a,,,1.0,90.0,0.25072848681837345,0.13167247740581525,0.2450901693003845,0.20691327991714076,0.18327405590797116,4.072412308460921,3.0344891500676114,0.727
10,125,Georginio,FWD,BHA,5.5,0.6,d,75.0,Unspecified injury - 75% chance of playing,0.5,45.0,0.25072848681837345,0.03353984191412091,0.10448277207139907,0.07272408232778517,0.07455882338063316,1.6140188132105762,1.9218564924386237,0.293
10,126,O'Riley,MID,BHA,5.5,0.1,a,,,0.0,0.0,0.25072848681837345,0.14870334282716233,0.0,0.0,0.0,0.35,0.8154753215150045,0.064
10,127,Gomez,MID,BHA,5.0,4.8,a,,,1.0,85.0,0.25072848681837345,0.14116241109945202,0.21126102768020513,0.1339603285860664,0.15300782188639678,3.671602990341517,2.871169073344534,0.734
10,128,Buonanotte,MID,BHA,5.0,0.0,u,0.0,Has joined Elche on loan for the rest of the season,0.0,0.0,0.25072848681837345,0.17348723329835605,0.0,0.0,0.0,0.0,0.43588989435406733,0.0
10,129,Ayari,MID,BHA,5.4,0.4,a,100.0,,1.0,63.0,0.25072848681837345,0.21460141816909917,0.08961475105643327,0.057128255984686134,0.09844435220239706,2.913439692742668,2.4643911869972404,0.54
10,130,Wieffer,DEF,BHA,5.0,0.3,i,0.0,Knee injury - Unknown return date,0.0,0.0,0.25072848681837345,0.4954059020646417,0.0,0.0,0.0,0.0,0.43588989435406733,0.0
10,132,Howell,MID,BHA,4.5,0.0,u,0.0,Has joined Leicester City on loan for the rest of the season,0.0,0.0,0.25072848681837345,0.16014206150617483,0.0,0.0,0.0,0.0,0.43588989435406733,0.0
10,133,Watson,MID,BHA,5.0,0.0,u,0.0,Has joined Leicester City on loan for the rest of the season,0.0,0.0,0.25072848681837345,0.17348723329835605,0.0,0.0,0.0,0.0,0.43588989435406733,0.0
10,134,Oriola,MID,BHA,4.5,0.3,a,,,0.0,0.0,0.25072848681837345,0.17348723329835605,0.0,0.0,0.0,0.35,0.8154753215150045,0.078
10,135,Yohanna,MID,BHA,4.9,0.1,i,0.0,Unspecified injury - Expected back 10 Oct,0.0,0.0,0.25072848681837345,0.17348723329835605,0.0,0.0,0.0,0.0,0.43588989435406733,0.0
10,137,Tzimas,FWD,BHA,5.5,0.0,i,0.0,Knee injury - Unknown return date,0.0,0.0,0.25072848681837345,0.0033112582781456954,0.0,0.0,0.0,0.0,0.43588989435406733,0.0
10,138,Kostoulas,FWD,BHA,5.5,0.5,a,,,0.0,26.0,0.25072848681837345,0.002838221381267739,0.13108066169655977,0.022247444038498085,0.0,0.9410649789017334,1.6045271671407286,0.171
10,139,Ferguson,FWD,BHA,5.0,0.0,i,0.0,Ankle injury - Expected back 10 Oct,0.0,0.0,0.25072848681837345,0.0033112582781456954,0.0,0.0,0.0,0.0,0.43588989435406733,0.0
10,328,Struijk,DEF,BHA,5.0,0.2,a,100.0,,0.0,0.0,0.25072848681837345,0.37155442654848125,0.0,0.0,0.0,0.35,0.8154753215150045,0.07
10,504,Vuskovic,DEF,BHA,5.0,3.1,a,,,1.0,90.0,0.25072848681837345,0.25756882831793654,0.06720855806200685,0.03370420195622441,0.09800158771097431,3.1482137057037267,2.5268275345201388,0.63
10,594,David,FWD,BHA,6.0,0.2,a,,,0.0,0.0,0.25072848681837345,0.0033112582781456954,0.0,0.0,0.0,0.35,0.8154753215150045,0.058
10,600,Osman,MID,BHA,5.0,0.0,a,,,0.0,12.0,0.25072848681837345,0.17348723329835605,0.016348730975212212,0.0153984417373309,0.0,0.47793898008805374,1.0030834701153117,0.096
10,605,Yalcouyé,MID,BHA,4.5,3.0,a,,,0.0,4.0,0.25072848681837345,0.17348723329835605,0.007879659852905552,0.005248354293004811,0.0,0.4051433621435422,0.9039083732271559,0.09
10,614,Hadjam,DEF,BHA,4.5,0.0,a,,,0.25,20.0,0.25072848681837345,0.2790328973444312,0.009907478749843447,0.008794984748007748,0.023034625428427248,1.0176999648617087,1.411763013305104,0.226
10,624,Cozier-Duberry,MID,BHA,5.0,0.0,u,0.0,Has joined Middlesbrough on loan for the rest of the season,0.0,0.0,0.25072848681837345,0.17348723329835605,0.0,0.0,0.0,0.0,0.43588989435406733,0.0
10,639,Andrés,MID,BHA,5.5,0.0,a,,,0.25,20.0,0.25072848681837345,0.17348723329835605,0.028122817044516416,0.025132385761208857,0.027237448275213662,1.035720370066892,1.4617132432163955,0.188
10,652,Azeez,MID,BHA,5.5,0.0,d,50.0,Hamstring injury - 50% chance of playing,0.125,10.0,0.25072848681837345,0.17348723329835605,0.014061408522258208,0.012566192880604428,0.013618724137606831,0.539735185033446,1.0535014488348349,0.098
10,28,Martinez,GK,CHE,5.0,5.0,a,,,0.0,0.0,0.31120000843325757,0.0,0.0,0.0,0.0,0.35,0.8154753215150045,0.07
10,40,Rogers,MID,CHE,7.6,31.0,a,,,1.0,81.0,0.31120000843325757,0.061636935991605454,0.22341603608520655,0.18840430258437196,0.19127235477038404,3.843281412932684,2.9398521903461985,0.506
10,101,Henderson,MID,CHE,4.9,0.0,d,75.0,Wrist injury - 75% chance of playing,0.0,0.0,0.31120000843325757,0.16393054192194428,0.0,0.0,0.0,0.175,0.5766281297335397,0.036
10,136,Welbeck,FWD,CHE,5.9,0.8,a,100.0,,0.0,0.0,0.31120000843325757,0.0010739216037229282,0.0,0.0,0.0,0.35,0.8154753215150045,0.059
10,140,Sánchez,GK,CHE,4.9,1.0,u,0.0,Has joined Como on loan for the rest of the season,0.0,0.0,0.31120000843325757,0.0,0.0,0.0,0.0,0.0,0.43588989435406733,0.0
10,141,Jörgensen,GK,CHE,5.0,0.0,u,0.0,Has joined RC Strasbourg on loan for the rest of the season,0.0,0.0,0.31120000843325757,0.0,0.0,0.0,0.0,0.0,0.43588989435406733,0.0
10,142,James,DEF,CHE,5.4,7.8,a,,,1.0,90.0,0.31120000843325757,0.1671373365041617,0.052471056530333016,0.11932070136733477,0.13792711737249813,3.5042376630113687,2.6406207412090814,0.649
10,143,Chalobah,DEF,CHE,5.5,0.1,u,0.0,Has joined Como permanently,0.0,0.0,0.31120000843325757,0.41305701828888514,0.0,0.0,0.0,0.0,0.43588989435406733,0.0
10,144,Gusto,DEF,CHE,5.0,1.1,a,,,1.0,75.0,0.31120000843325757,0.09301096578147708,0.04515267505855502,0.06906215772448819,0.12577023187719255,3.1610023356271153,2.5053583552144487,0.632
10,145,Fofana,DEF,CHE,5.0,0.1,a,100.0,,0.0,0.0,0.31120000843325757,0.34494649227110585,0.0,0.0,0.0,0.35,0.8154753215150045,0.07
10,146,B.Badiashile,DEF,CHE,4.5,0.0,u,0.0,Has joined Napoli on loan for the rest of the season,0.0,0.0,0.31120000843325757,0.28989298454221163,0.0,0.0,0.0,0.0,0.43588989435406733,0.0
10,148,Hato,DEF,CHE,4.5,0.9,a,,,1.0,64.0,0.31120000843325757,0.18906064209274673,0.016076967049608506,0.033253065644483444,0.10207962757493777,3.032161611443903,2.4202414887859987,0.674
10,149,Colwill,DEF,CHE,4.9,1.1,a,,,1.0,90.0,0.31120000843325757,0.35655965120887834,0.04319063014151691,0.0350289832391503,0.10517686679154792,3.511466758769646,2.6326660674136835,0.717
10,150,M.Sarr,DEF,CHE,4.5,0.0,u,0.0,Has joined Real Sociedad on loan for the rest of the season,0.0,0.0,0.31120000843325757,0.25756882831793654,0.0,0.0,0.0,0.0,0.43588989435406733,0.0
10,151,Acheampong,DEF,CHE,4.5,0.4,a,,,1.0,90.0,0.31120000843325757,0.21741973840665874,0.058189565001277754,0.020742109971304188,0.10542608834871807,3.302831530125759,2.5738137650666584,0.734
10,152,Palestra,DEF,CHE,5.4,1.0,d,75.0,Unspecified injury - 75% chance of playing,0.0,0.0,0.31120000843325757,0.2790328973444312,0.0,0.0,0.0,0.175,0.5766281297335397,0.032
10,154,Palmer,MID,CHE,9.7,24.6,a,100.0,,1.0,82.0,0.31120000843325757,0.1200543176347139,0.47711291389658556,0.1625374373712193,0.276839343098641,5.227220176901698,3.576925470217787,0.539
10,156,Neto,MID,CHE,6.5,1.4,a,,,0.0,14.0,0.31120000843325757,0.049567780942387445,0.02596621693564043,0.03223838088707683,0.0,0.5765462273394326,1.1185862208872253,0.089
10,157,Estêvão,MID,CHE,6.4,0.8,a,,,0.0,7.0,0.31120000843325757,0.10957088418843541,0.019201378650688373,0.01443108531120861,0.0,0.48930014918706766,1.022193012771834,0.076
10,158,Gittens,MID,CHE,5.9,0.0,a,,,0.0,0.0,0.31120000843325757,0.14870334282716233,0.0,0.0,0.0,0.35,0.8154753215150045,0.059
10,159,Caicedo,MID,CHE,5.4,1.6,d,75.0,Calf injury - 75% chance of playing,0.0,0.0,0.31120000843325757,0.3507406232460529,0.0,0.0,0.0,0.175,0.5766281297335397,0.032
10,161,Lavia,MID,CHE,5.0,0.2,a,,,1.0,64.0,0.31120000843325757,0.14870334282716233,0.08818578667925853,0.049725895429985595,0.09899840688146933,2.819023185128294,2.42595522873348,0.564
10,163,D.Essugo,MID,CHE,4.5,0.1,u,0.0,Has joined RC Strasbourg on loan for the rest of the season,0.0,0.0,0.31120000843325757,0.17348723329835605,0.0,0.0,0.0,0.0,0.43588989435406733,0.0
10,164,Quenda,MID,CHE,5.4,0.0,a,100.0,,0.0,8.0,0.31120000843325757,0.17348723329835605,0.011149134579426068,0.009963594710665912,0.0,0.43563645702912807,0.9458351208492417,0.081
10,165,João Pedro,FWD,CHE,7.7,72.9,a,,,1.0,90.0,0.31120000843325757,0.0009240720776220546,0.5133372444816295,0.08163658577556883,0.23936084143334518,4.1093198693093935,3.2996562273330268,0.534
10,168,Marc Guiu,FWD,CHE,5.0,0.3,u,0.0,Has joined RB Leipzig permanently,0.0,0.0,0.31120000843325757,0.003056546102903719,0.0,0.0,0.0,0.0,0.43588989435406733,0.0
10,169,Mheuka,FWD,CHE,4.5,0.4,a,,,0.0,0.0,0.31120000843325757,0.0033112582781456954,0.0,0.0,0.0,0.35,0.8154753215150045,0.078
10,170,Emegha,FWD,CHE,5.0,0.1,d,75.0,Hamstring injury - 75% chance of playing,0.0,0.0,0.31120000843325757,0.0033112582781456954,0.0,0.0,0.0,0.175,0.5766281297335397,0.035
10,200,Lacroix,DEF,CHE,6.0,8.1,a,,,1.0,90.0,0.31120000843325757,0.5180509525134718,0.06147148566048761,0.04030339661408826,0.11342121090441595,3.9423634705216046,2.8034477894110985,0.657
10,560,Penders,GK,CHE,4.5,0.1,a,,,0.0,0.0,0.31120000843325757,0.0,0.0,0.0,0.0,0.35,0.8154753215150045,0.078
10,561,Anselmino,DEF,CHE,4.5,0.0,a,100.0,,0.0,0.0,0.31120000843325757,0.2790328973444312,0.0,0.0,0.0,0.35,0.8154753215150045,0.078
10,568,Barco,MID,CHE,5.5,0.1,a,,,0.0,0.0,0.31120000843325757,0.17348723329835605,0.0,0.0,0.0,0.35,0.8154753215150045,0.064
10,583,Chavarria,DEF,CHE,4.9,0.2,a,,,0.0,25.0,0.31120000843325757,0.2790328973444312,0.011379840175167405,0.010552634487565073,0.0,0.44993694451369964,0.9608117586848288,0.092
10,91,Pinnock,DEF,COV,4.5,0.1,a,,,0.0,0.0,0.2659026561358298,0.3342746730083234,0.0,0.0,0.0,0.35,0.8154753215150045,0.078
10,104,Onyeka,MID,COV,4.9,0.1,a,,,1.0,90.0,0.2659026561358298,0.16014206150617483,0.08436845113354925,0.12775271283918213,0.10083267300403896,3.0152249040056565,2.497025835751814,0.615
10,110,Rushworth,GK,COV,4.5,0.9,a,,,1.0,90.0,0.2659026561358298,0.0,0.0,0.0002302631578947368,0.06655625613922062,2.622346342768734,2.232142032053649,0.583
10,171,Dovin,GK,COV,4.0,1.2,u,0.0,Has joined Leyton Orient on loan for the rest of the season,0.0,0.0,0.2659026561358298,0.0,0.0,0.0,0.0,0.0,0.43588989435406733,0.0
10,172,Wilson,GK,COV,4.5,0.4,a,,,0.0,0.0,0.2659026561358298,0.0,0.0,0.0,0.0,0.35,0.8154753215150045,0.078
10,173,Thomas,DEF,COV,4.0,8.9,a,,,1.0,90.0,0.2659026561358298,0.33449190524101347,0.05469698862519113,0.04826476485373381,0.10251227775158117,3.3439261542603287,2.584887159015993,0.836
10,174,Kitching,DEF,COV,4.0,0.4,u,0.0,Has joined Sheffield United on loan for the rest of the season,0.0,0.0,0.2659026561358298,0.2790328973444312,0.0,0.0,0.0,0.0,0.43588989435406733,0.0
10,175,van Ewijk,DEF,COV,4.0,10.9,a,,,1.0,90.0,0.2659026561358298,0.25756882831793654,0.031208558062006855,0.05470420195622441,0.09654513004033839,3.0748082729389905,2.455481025574444,0.769
10,176,Dasilva,DEF,COV,4.0,0.7,a,,,1.0,90.0,0.2659026561358298,0.25756882831793654,0.049105782424502156,0.042634718165331306,0.09858483924039915,3.148022876941344,2.5051702857761122,0.787
10,177,Kesler-Hayden,DEF,COV,4.0,0.0,i,0.0,Hamstring injury - Unknown return date,0.0,0.0,0.2659026561358298,0.2790328973444312,0.0,0.0,0.0,0.0,0.43588989435406733,0.0
10,178,Bidwell,DEF,COV,4.0,0.1,a,,,0.0,0.0,0.2659026561358298,0.2790328973444312,0.0,0.0,0.0,0.35,0.8154753215150045,0.087
10,179,Latibeaudiere,DEF,COV,4.0,0.0,a,,,0.0,0.0,0.2659026561358298,0.2790328973444312,0.0,0.0,0.0,0.35,0.8154753215150045,0.087
10,180,Woolfenden,DEF,COV,4.0,0.1,i,0.0,Knee injury - Unknown return date,0.0,0.0,0.2659026561358298,0.2790328973444312,0.0,0.0,0.0,0.0,0.43588989435406733,0.0
10,181,Brau,DEF,COV,4.0,0.0,u,0.0,Has joined Academico de Viseu on loan for the rest of the season,0.0,0.0,0.2659026561358298,0.2790328973444312,0.0,0.0,0.0,0.0,0.43588989435406733,0.0
10,182,Amenda,DEF,COV,4.0,0.8,a,,,1.0,90.0,0.2659026561358298,0.25756882831793654,0.03420855806200686,0.06670420195622441,0.10179513004033838,3.134058272938991,2.481927087356944,0.784
10,183,Rudoni,MID,COV,5.0,0.1,a,100.0,,0.0,20.0,0.2659026561358298,0.17348723329835605,0.034632444980701796,0.02701749612592774,0.0,0.6042147132812922,1.1643893786524617,0.121
10,184,Grimes,MID,COV,5.0,0.1,a,,,1.0,90.0,0.2659026561358298,0.16014206150617483,0.09458687369022672,0.09198037635963255,0.09188880313103372,2.95005613747739,2.484477390387846,0.59
10,185,Sakamoto,MID,COV,4.9,0.1,a,,,0.0,0.0,0.2659026561358298,0.17348723329835605,0.0,0.0,0.0,0.35,0.8154753215150045,0.071
10,186,Mason-Clark,MID,COV,5.4,0.1,a,100.0,,0.0,0.0,0.2659026561358298,0.17348723329835605,0.0,0.0,0.0,0.35,0.8154753215150045,0.065
10,187,Eccles,MID,COV,4.9,0.0,i,0.0,Unspecified injury - Expected back 12 Oct,0.0,0.0,0.2659026561358298,0.17348723329835605,0.0,0.0,0.0,0.0,0.43588989435406733,0.0
10,188,Torp,MID,COV,5.4,0.1,a,,,0.0,28.0,0.2659026561358298,0.17348723329835605,0.0373158534606239,0.03708467354127415,0.0,0.647833287926942,1.2061419351904372,0.12
10,189,Shepherd,MID,COV,4.5,0.2,a,,,0.0,0.0,0.2659026561358298,0.17348723329835605,0.0,0.0,0.0,0.35,0.8154753215150045,0.078
10,190,Tchaouna,MID,COV,5.4,0.1,a,,,1.0,81.0,0.2659026561358298,0.12327387198321091,0.0901497654266337,0.07363342397669562,0.09028372815932215,2.8033871953166485,2.422258091876552,0.519
10,191,Borges Rodrigues,MID,COV,4.5,0.1,u,0.0,Has joined Burton Albion on loan for the rest of the season,0.0,0.0,0.2659026561358298,0.17348723329835605,0.0,0.0,0.0,0.0,0.43588989435406733,0.0
10,192,Andrews,MID,COV,4.5,0.4,u,0.0,Has joined Oxford United on loan for the rest of the season,0.0,0.0,0.2659026561358298,0.17348723329835605,0.0,0.0,0.0,0.0,0.43588989435406733,0.0
10,193,Wright,FWD,COV,5.4,0.1,i,0.0,Thigh injury - Unknown return date,0.0,0.0,0.2659026561358298,0.0033112582781456954,0.0,0.0,0.0,0.0,0.43588989435406733,0.0
10,194,Thomas-Asante,FWD,COV,5.0,0.8,a,,,1.0,69.0,0.2659026561358298,0.003056546102903719,0.28558546489902237,0.040015450076950426,0.1752341615808749,3.0132464162371586,2.727394540627508,0.603
10,195,Simms,FWD,COV,5.0,0.8,a,,,1.0,69.0,0.2659026561358298,0.003056546102903719,0.32054031018262896,0.04027842010859739,0.19131185987696891,3.1699324057626197,2.818885139916976,0.634
10,196,Markelo,FWD,COV,5.0,0.0,u,0.0,Has joined Shabab Al-Ahli Dubai permanently,0.0,0.0,0.2659026561358298,0.0033112582781456954,0.0,0.0,0.0,0.0,0.43588989435406733,0.0
10,197,Bassette,FWD,COV,4.5,0.0,u,0.0,Has joined KVC Westerlo on loan for the rest of the season,0.0,0.0,0.2659026561358298,0.0033112582781456954,0.0,0.0,0.0,0.0,0.43588989435406733,0.0
10,492,Awoniyi,FWD,COV,5.5,0.7,a,,,0.0,20.0,0.2659026561358298,0.002838221381267739,0.12368874232360973,0.01505437072283894,0.0,0.8899180814629558,1.5598002464165963,0.162
10,575,Yirenkyi,MID,COV,4.9,0.2,a,,,1.0,61.0,0.2659026561358298,0.16014206150617483,0.073096138923581,0.07152591604268221,0.10127214645681724,2.790622426019094,2.395988197587326,0.57
10,584,Hamer,MID,COV,5.4,0.1,a,,,0.0,8.0,0.2659026561358298,0.17348723329835605,0.010849157864284555,0.009885145558842647,0.0,0.43390122599795067,0.9431369341626981,0.08
10,599,Cherif,FWD,COV,5.0,0.1,a,,,0.0,0.0,0.2659026561358298,0.0033112582781456954,0.0,0.0,0.0,0.35,0.8154753215150045,0.07
10,623,Bentley,GK,COV,4.0,0.4,a,,,0.25,20.0,0.2659026561358298,0.0,0.0,3.6549707602339175e-05,0.016633307455857786,0.9180177808676221,1.3206944323531018,0.23
10,655,Gboho,MID,COV,5.5,0.0,a,,,0.25,20.0,0.2659026561358298,0.17348723329835605,0.028122817044516416,0.025132385761208857,0.02761680250815007,1.0395897832428436,1.4642259014334165,0.189
10,42,Guessand,MID,CRY,5.5,0.0,a,,,0.0,27.0,0.17116832833714749,0.10957088418843541,0.04185094530777858,0.027334767394362264,0.0,0.6412590287219797,1.212228454714058,0.117
10,153,Disasi,DEF,CRY,4.5,0.1,a,,,0.0,0.0,0.17116832833714749,0.20570749108204517,0.0,0.0,0.0,0.35,0.8154753215150045,0.078
10,198,Henderson,GK,CRY,5.0,2.0,a,100.0,,1.0,90.0,0.17116832833714749,0.0,8.75e-05,0.0011518914473684211,0.04322586909086582,2.1944039456525153,2.04203146321005,0.439
10,199,Benitez,GK,CRY,4.5,0.1,a,,,0.0,0.0,0.17116832833714749,0.0,0.0,0.0,0.0,0.35,0.8154753215150045,0.078
10,202,Richards,DEF,CRY,5.0,0.7,a,,,1.0,90.0,0.17116832833714749,0.394281699275754,0.057170487130081424,0.028588701093206503,0.07280779796243764,2.8386510315716884,2.3950907880008843,0.568
10,203,Canvot,DEF,CRY,4.9,0.2,a,,,1.0,90.0,0.17116832833714749,0.4573479543753028,0.06623798491179286,0.01867315602487422,0.07251098141212035,2.9790544758898134,2.461225591785808,0.608
10,204,Mitchell,DEF,CRY,4.5,6.1,a,,,1.0,90.0,0.17116832833714749,0.19475822433610782,0.1056442679508442,0.07780341023311924,0.10699876944867406,2.944205621513291,2.495567327999851,0.654
10,205,Sosa,DEF,CRY,4.5,0.0,u,0.0,Has joined FC Cologne on loan for the rest of the season,0.0,0.0,0.17116832833714749,0.2790328973444312,0.0,0.0,0.0,0.0,0.43588989435406733,0.0
10,206,Chadi Riad,DEF,CRY,4.4,0.0,i,0.0,Knee injury - Unknown return date,0.0,0.0,0.17116832833714749,0.22886288253332498,0.0,0.0,0.0,0.0,0.43588989435406733,0.0
10,207,Mingueza,DEF,CRY,4.4,0.1,a,,,0.0,0.0,0.17116832833714749,0.2790328973444312,0.0,0.0,0.0,0.35,0.8154753215150045,0.08
10,208,Sarr,MID,CRY,6.3,0.8,i,0.0,Groin injury - Unknown return date,0.0,0.0,0.17116832833714749,0.061230788222949195,0.0,0.0,0.0,0.0,0.43588989435406733,0.0
10,210,Wharton,MID,CRY,5.5,0.9,a,100.0,,1.0,90.0,0.17116832833714749,0.2946791902336652,0.03697036449504217,0.18196783058770008,0.09374520111267454,3.0941850874511054,2.4699744640638195,0.563
10,211,Yeremy,MID,CRY,5.5,0.4,a,,,0.0,35.0,0.17116832833714749,0.09941441288968622,0.07043445788187168,0.10197916905218066,0.0,1.0081097965659005,1.529057016846148,0.183
10,212,Hughes,MID,CRY,4.5,8.7,a,,,0.0,0.0,0.17116832833714749,0.08327387198321091,0.0,0.0,0.0,0.35,0.8154753215150045,0.078
10,213,Lerma,MID,CRY,4.9,0.1,a,,,0.0,0.0,0.17116832833714749,0.21720881427072403,0.0,0.0,0.0,0.35,0.8154753215150045,0.071
10,214,Kamada,MID,CRY,5.0,0.4,a,,,1.0,90.0,0.17116832833714749,0.24490444847212947,0.06102043635609547,0.11669771936802921,0.0793181873371584,2.912612574480618,2.4290093679625335,0.583
10,215,Devenny,MID,CRY,5.0,0.0,u,0.0,Has joined Stoke City permanently,0.0,0.0,0.17116832833714749,0.16220246313580383,0.0,0.0,0.0,0.0,0.43588989435406733,0.0
10,216,Esse,MID,CRY,5.0,0.0,u,0.0,Has joined Millwall on loan for the rest of the season,0.0,0.0,0.17116832833714749,0.17348723329835605,0.0,0.0,0.0,0.0,0.43588989435406733,0.0
10,217,M.França,MID,CRY,4.9,0.0,a,,,0.0,0.0,0.17116832833714749,0.17348723329835605,0.0,0.0,0.0,0.35,0.8154753215150045,0.071
10,218,Doucouré,MID,CRY,4.9,0.1,a,,,0.0,0.0,0.17116832833714749,0.17348723329835605,0.0,0.0,0.0,0.35,0.8154753215150045,0.071
10,219,J.Rak-Sakyi,MID,CRY,4.9,0.0,u,0.0,has joined  Kasimpasa on loan for the rest of the seaon.,0.0,0.0,0.17116832833714749,0.17348723329835605,0.0,0.0,0.0,0.0,0.43588989435406733,0.0
10,220,Cardines,DEF,CRY,4.5,0.0,u,0.0,Has joined Bristol City on loan for the rest of the season,0.0,0.0,0.17116832833714749,0.25756882831793654,0.0,0.0,0.0,0.0,0.43588989435406733,0.0
10,221,Drakes-Thomas,MID,CRY,4.5,0.1,a,,,0.0,0.0,0.17116832833714749,0.17348723329835605,0.0,0.0,0.0,0.35,0.8154753215150045,0.078
10,222,Strand Larsen,FWD,CRY,6.0,0.5,a,,,0.0,27.0,0.17116832833714749,0.0011352885525070956,0.08465391640755225,0.010803315246877663,0.0,0.7210256113708419,1.3703547570063428,0.12
10,223,Mateta,FWD,CRY,6.4,1.8,i,0.0,Hamstring injury - Expected back 11 Oct,0.0,0.0,0.17116832833714749,0.0011037527593818985,0.0,0.0,0.0,0.0,0.43588989435406733,0.0
10,224,Nketiah,FWD,CRY,5.5,0.7,a,,,0.0,55.0,0.17116832833714749,0.002838221381267739,0.30156348448209264,0.07265734350778429,0.0,1.7742259684517232,2.2760514596447132,0.323
10,225,Uche,FWD,CRY,5.0,0.0,u,0.0,has returned to Getafe CF,0.0,0.0,0.17116832833714749,0.0033112582781456954,0.0,0.0,0.0,0.0,0.43588989435406733,0.0
10,241,McNeil,MID,CRY,5.4,0.1,a,,,1.0,62.0,0.17116832833714749,0.16327387198321092,0.06085875356677013,0.13281188321316487,0.11551401119771397,2.8461422151903433,2.402669917042762,0.527
10,555,Matthews,GK,CRY,4.0,1.8,a,,,0.0,0.0,0.17116832833714749,0.0,0.0,0.0,0.0,0.35,0.8154753215150045,0.087
10,577,Tomiyasu,DEF,CRY,4.5,0.3,a,,,0.0,18.0,0.17116832833714749,0.2790328973444312,0.01429652990982567,0.0072237445851876195,0.0,0.45745041321451685,0.9772077386955835,0.102
10,588,Khalaili,DEF,CRY,5.0,0.2,a,,,0.0,35.0,0.17116832833714749,0.2790328973444312,0.04188036987744865,0.01886706516747735,0.0,0.6578834147671239,1.2252594449022733,0.132
10,595,Gozo,MID,CRY,5.0,0.0,a,,,0.0,0.0,0.17116832833714749,0.17348723329835605,0.0,0.0,0.0,0.35,0.8154753215150045,0.07
10,633,Ahanor,DEF,CRY,4.5,0.0,a,,,0.25,20.0,0.17116832833714749,0.2790328973444312,0.009907478749843447,0.008794984748007748,0.018062115523350623,0.8976410452653117,1.328519047098367,0.199
10,643,Chilwell,DEF,CRY,4.5,0.4,a,,,0.25,20.0,0.17116832833714749,0.2790328973444312,0.01651484908462919,0.030077406775185417,0.02904372126587372,1.0121141390980826,1.4220077210740214,0.225
10,644,Timber,MID,CRY,5.0,0.0,a,,,0.25,20.0,0.17116832833714749,0.17348723329835605,0.02620223793362169,0.02309387002724414,0.02368955071801961,0.9981551933026481,1.4330765139645412,0.2
10,647,Osorio,MID,CRY,5.5,0.0,a,,,0.25,20.0,0.17116832833714749,0.17348723329835605,0.028091569470022514,0.025104460888140848,0.02522514516195551,1.0151692180112786,1.448230275557573,0.185
10,21,Nørgaard,MID,EVE,4.9,0.1,i,0.0,Groin injury - Unknown return date,0.0,0.0,0.955402506128224,0.17348723329835605,0.0,0.0,0.0,0.0,0.43588989435406733,0.0
10,209,Johnson,MID,EVE,5.9,0.1,a,,,0.0,6.0,0.955402506128224,0.07435167141358116,0.017422071069321633,0.005059358766076174,0.0,0.4522884316448367,0.981774132140952,0.077
10,226,Pickford,GK,EVE,5.5,8.6,a,,,1.0,90.0,0.955402506128224,0.0,0.0,0.006643843404808317,0.2411759717237389,5.359910748697346,3.1912114349451928,0.975
10,227,Travers,GK,EVE,5.0,0.0,a,,,0.0,0.0,0.955402506128224,0.0,0.0,0.0,0.0,0.35,0.8154753215150045,0.07
10,228,King,GK,EVE,4.5,0.0,a,,,0.0,0.0,0.955402506128224,0.0,0.0,0.0,0.0,0.35,0.8154753215150045,0.078
10,229,Tarkowski,DEF,EVE,6.0,11.4,a,,,1.0,90.0,0.955402506128224,0.5069678953626635,0.05628616101580171,0.046502967902163676,0.2748268216533439,6.769825858010339,3.6332335592849594,1.128
10,230,Branthwaite,DEF,EVE,5.5,1.9,a,,,1.0,90.0,0.955402506128224,0.3174197384066587,0.048537215047540036,0.018899612559884787,0.2624535161946547,6.279380201916196,3.496004243979977,1.142
10,231,Keane,DEF,EVE,4.9,0.9,a,,,0.0,0.0,0.955402506128224,0.4475218236130043,0.0,0.0,0.0,0.35,0.8154753215150045,0.071
10,232,O'Brien,DEF,EVE,4.9,0.3,a,,,0.0,0.0,0.955402506128224,0.19475822433610782,0.0,0.0,0.0,0.35,0.8154753215150045,0.071
10,233,Mykolenko,DEF,EVE,4.5,1.9,a,,,1.0,90.0,0.955402506128224,0.22496510365506903,0.009539955496518732,0.05237296115857356,0.2605201473613383,5.973766793629892,3.3774837735918,1.328
10,234,Patterson,DEF,EVE,4.5,0.0,u,0.0,Has joined Torino permanently,0.0,0.0,0.955402506128224,0.35655965120887834,0.0,0.0,0.0,0.0,0.43588989435406733,0.0
10,235,Aznou,DEF,EVE,4.0,0.1,u,0.0,Has joined Malaga on loan for the rest of the season,0.0,0.0,0.955402506128224,0.2790328973444312,0.0,0.0,0.0,0.0,0.43588989435406733,0.0
10,236,Dewsbury-Hall,MID,EVE,6.5,4.5,a,,,1.0,90.0,0.955402506128224,0.1686153999900065,0.1432536250481421,0.15467900384188055,0.19981667072433032,4.1393444491102604,2.9536885759332088,0.637
10,238,Grealish,MID,EVE,6.5,0.4,a,100.0,,0.0,8.0,0.955402506128224,0.06939489331934243,0.010744917647424647,0.01668763968345012,0.0,0.4537875072874736,0.962634806004202,0.07
10,239,Garner,MID,EVE,6.0,0.1,d,75.0,Unspecified injury - 75% chance of playing,0.0,5.5,0.955402506128224,0.4416369359916055,0.0028677036807797335,0.008749689398512398,0.0,0.21558758659943583,0.6533166434613513,0.036
10,242,George,MID,EVE,5.5,0.5,a,,,1.0,83.0,0.955402506128224,0.13878978663868485,0.11646972769052776,0.14096202505388813,0.1932402531604019,3.9028184798278516,2.8485388320709415,0.71
10,243,Alcaraz,MID,EVE,5.0,0.1,a,,,0.0,1.0,0.955402506128224,0.10957088418843541,0.0019356923062057753,0.0009591928573827873,0.0,0.3625560401031772,0.8369412345160628,0.073
10,244,Armstrong,MID,EVE,5.0,0.4,a,,,1.0,90.0,0.955402506128224,0.22676926664334848,0.12019007363434803,0.05764173844763086,0.157781384841515,3.797882724617875,2.8172890548504337,0.76
10,245,Dibling,MID,EVE,5.4,0.0,a,,,0.0,0.0,0.955402506128224,0.22013191425573378,0.0,0.0,0.0,0.35,0.8154753215150045,0.065
10,246,Röhl,MID,EVE,5.0,0.0,a,,,1.0,90.0,0.955402506128224,0.16220246313580383,0.07538657445862705,0.07234236626109394,0.14724537986472475,3.4886281887489865,2.660960917671441,0.698
10,247,Hackney,MID,EVE,5.5,0.2,a,100.0,,1.0,78.0,0.955402506128224,0.16014206150617483,0.09959399681068,0.09416003834940219,0.17378707250439404,3.6978688704153284,2.7610713200953727,0.672
10,248,Beto,FWD,EVE,5.4,1.0,u,0.0,Has joined Fiorentina permanently,0.0,0.0,0.955402506128224,0.0014191106906338694,0.0,0.0,0.0,0.0,0.43588989435406733,0.0
10,249,Barry,FWD,EVE,5.6,5.8,a,,,1.0,78.0,0.955402506128224,0.0012417218543046358,0.5400289989132224,0.02688899649231219,0.324487902603519,4.137555655945265,3.3318958176652727,0.739
10,649,Maitland-Niles,DEF,EVE,4.5,0.2,a,,,0.25,20.0,0.955402506128224,0.2790328973444312,0.010438444797530894,0.008667946079425413,0.06723579804081554,1.8179634976148142,1.8753029926530091,0.404
10,654,Graham,MID,EVE,4.5,0.1,a,,,0.25,20.0,0.955402506128224,0.17348723329835605,0.028122817044516416,0.025132385761208857,0.044854298757959925,1.215412244990904,1.574172851928852,0.27
10,250,Leno,GK,FUL,4.5,3.0,a,,,1.0,90.0,0.2310008770078577,0.0,0.0,0.0004463125406107862,0.057906428641178204,2.4679011879829824,2.165412722131203,0.548
10,251,Lecomte,GK,FUL,4.0,1.2,a,,,0.0,0.0,0.2310008770078577,0.0,0.0,0.0,0.0,0.35,0.8154753215150045,0.087
10,252,McNally,GK,FUL,4.0,0.1,u,0.0,Has joined York City on loan for the rest of the season,0.0,0.0,0.2310008770078577,0.0,0.0,0.0,0.0,0.0,0.43588989435406733,0.0
10,253,Andersen,DEF,FUL,5.0,0.1,a,100.0,,0.0,0.0,0.2310008770078577,0.5429859248403064,0.0,0.0,0.0,0.35,0.8154753215150045,0.07
10,254,Robinson,DEF,FUL,4.5,1.4,a,,,1.0,81.0,0.2310008770078577,0.253392923039075,0.042801654232598456,0.0832305562450872,0.10676274554884219,3.043352294191085,2.457474167587251,0.676
10,255,J.Cuenca,DEF,FUL,4.5,0.0,a,,,1.0,90.0,0.2310008770078577,0.4934084681797033,0.013683033461124384,0.03746877722217078,0.07565335299111774,3.1418744429945225,2.460012122420607,0.698
10,256,Tete,DEF,FUL,4.4,0.2,a,,,0.0,0.0,0.2310008770078577,0.3338191860688121,0.0,0.0,0.0,0.35,0.8154753215150045,0.08
10,257,Bassey,DEF,FUL,4.5,0.7,a,,,1.0,90.0,0.2310008770078577,0.2767901162959311,0.03371893182429047,0.016068839313127636,0.07517593915006077,2.7988348381391916,2.349489260118081,0.622
10,258,Castagne,DEF,FUL,4.5,0.8,a,,,1.0,90.0,0.2310008770078577,0.1671373365041617,0.1008082857896202,0.0726958519103504,0.11847666744695412,3.212791613202876,2.5902034244095935,0.714
10,261,Iwobi,MID,FUL,5.4,0.8,a,,,1.0,90.0,0.2310008770078577,0.07516699511171397,0.0807636516987909,0.23492377225349226,0.13359068608408486,3.1630083391912986,2.548391209107466,0.586
10,262,Smith Rowe,MID,FUL,5.4,0.3,a,,,0.0,0.0,0.2310008770078577,0.06715634837355719,0.0,0.0,0.0,0.35,0.8154753215150045,0.065
10,263,Kevin,MID,FUL,5.4,0.0,a,,,0.0,17.0,0.2310008770078577,0.11565815553223738,0.020602426656986576,0.023714055428184378,0.0,0.524154299569486,1.058067922736505,0.097
10,264,Bobb,MID,FUL,5.5,0.3,a,,,1.0,66.0,0.2310008770078577,0.09051507824262055,0.09518450550450143,0.15787325708565167,0.14387765620972248,3.0424885058028353,2.5202847446374776,0.553
10,265,Berge,MID,FUL,5.0,0.3,a,,,1.0,72.0,0.2310008770078577,0.1539531912952233,0.028611726339788257,0.05375987869597898,0.059137664903933934,2.4292706115212517,2.187986407619825,0.486
10,266,Cairney,MID,FUL,5.0,0.0,i,0.0,Knee injury - Expected back 10 Oct,0.0,0.0,0.2310008770078577,0.10957088418843541,0.0,0.0,0.0,0.0,0.43588989435406733,0.0
10,268,King,MID,FUL,5.5,1.1,a,,,1.0,90.0,0.2310008770078577,0.08007103075308741,0.2102090531407299,0.09699526088773502,0.13062159761074849,3.402504149410513,2.7795705068812975,0.619
10,269,Sessegnon,DEF,FUL,4.5,0.3,a,,,0.0,17.0,0.2310008770078577,0.47963733650416174,0.02199071992944208,0.025916676436522526,0.0,0.55969434888622,1.0933268415530968,0.124
10,270,Reed,MID,FUL,4.5,1.2,a,,,0.0,0.0,0.2310008770078577,0.16014206150617483,0.0,0.0,0.0,0.35,0.8154753215150045,0.078
10,271,Muniz,FWD,FUL,5.4,0.4,a,,,0.0,8.0,0.2310008770078577,0.001892147587511826,0.04110088976301557,0.0021013089378629354,0.0,0.5207074858656511,1.11173268447178,0.096
10,272,Kusi-Asare,FWD,FUL,4.5,6.2,a,,,0.0,0.0,0.2310008770078577,0.0033112582781456954,0.0,0.0,0.0,0.35,0.8154753215150045,0.078
10,569,Gonzalo,FWD,FUL,6.0,4.1,a,,,1.0,90.0,0.2310008770078577,0.003056546102903719,0.5448676302447893,0.061002898910499606,0.2351547729051369,4.173258035445136,3.3464004615130114,0.696
10,570,Palacios,MID,FUL,5.5,0.2,a,,,1.0,72.0,0.2310008770078577,0.16014206150617483,0.15707644884739952,0.07150697333007096,0.12310533490342909,3.20019069914923,2.650060569396091,0.582
10,580,Charles,MID,FUL,5.0,0.1,a,,,0.0,23.0,0.2310008770078577,0.17348723329835605,0.03036608500384553,0.02809560366325353,0.0,0.5861172360089881,1.1383405722542574,0.117
10,610,De Fougerolles,DEF,FUL,4.0,0.1,d,75.0,Unspecified injury - 75% chance of playing,0.0,0.0,0.2310008770078577,0.2790328973444312,0.0,0.0,0.0,0.175,0.5766281297335397,0.044
10,626,Zepa,MID,FUL,4.5,0.4,a,,,0.25,20.0,0.2310008770078577,0.17348723329835605,0.028122817044516416,0.025132385761208857,0.026744258029950767,1.0306898295652107,1.4584401182225477,0.229
10,635,Larsson,MID,FUL,5.0,0.0,a,,,0.25,20.0,0.2310008770078577,0.17348723329835605,0.03065810607076245,0.02971410104634964,0.02954657847755933,1.0599137409994717,1.4824927468030225,0.212
10,636,Ángel,MID,FUL,5.0,0.0,a,,,0.25,20.0,0.2310008770078577,0.17348723329835605,0.028122817044516416,0.025132385761208857,0.026744258029950767,1.0306898295652107,1.4584401182225477,0.206
10,650,Affengruber,DEF,FUL,4.5,0.0,a,,,0.25,20.0,0.2310008770078577,0.2790328973444312,0.009907478749843447,0.008794984748007748,0.021801649815270014,0.9894478533666654,1.3926219134767788,0.22
10,240,Iroegbunam,MID,HUL,5.0,0.0,a,100.0,,0.0,0.0,0.9116604466668564,0.3243516714135812,0.0,0.0,0.0,0.35,0.8154753215150045,0.07
10,273,Phillips,GK,HUL,4.0,1.5,a,,,0.0,0.0,0.9116604466668564,0.0,0.0,0.0,0.0,0.35,0.8154753215150045,0.087
10,274,Butland,GK,HUL,4.5,0.1,i,0.0,Arm injury - Unknown return date,0.0,0.0,0.9116604466668564,0.0,0.0,0.0,0.0,0.0,0.43588989435406733,0.0
10,275,Cartwright,GK,HUL,4.0,0.0,u,0.0,Has joined Grimsby Town on loan for the rest of the season,0.0,0.0,0.9116604466668564,0.0,0.0,0.0,0.0,0.0,0.43588989435406733,0.0
10,276,Lo-Tutala,GK,HUL,4.0,0.0,u,0.0,Has joined Colchester United on loan for the rest of the season,0.0,0.0,0.9116604466668564,0.0,0.0,0.0,0.0,0.0,0.43588989435406733,0.0
10,277,Egan,DEF,HUL,4.1,6.3,a,,,1.0,90.0,0.9116604466668564,0.33449190524101347,0.031208558062006855,0.02770420195622441,0.24853457767309506,6.05557105346373,3.4194789588405317,1.477
10,278,Hughes,DEF,HUL,4.0,0.1,i,0.0,Groin injury - Unknown return date,0.0,0.0,0.9116604466668564,0.2790328973444312,0.0,0.0,0.0,0.0,0.43588989435406733,0.0
10,279,Ajayi,DEF,HUL,4.1,11.7,a,100.0,,1.0,63.0,0.9116604466668564,0.25756882831793654,0.058692247385265,0.020224067428043817,0.2673732690733685,6.075333015680549,3.448954365326487,1.482
10,280,Coyle,DEF,HUL,4.0,0.6,a,100.0,,1.0,69.0,0.9116604466668564,0.25756882831793654,0.027458577355191114,0.025883078006881256,0.2522667369407037,5.889801495103953,3.3697736281282538,1.472
10,281,Drameh,DEF,HUL,4.0,0.1,u,0.0,Has joined Genoa permanently,0.0,0.0,0.9116604466668564,0.2790328973444312,0.0,0.0,0.0,0.0,0.43588989435406733,0.0
10,282,Giles,DEF,HUL,4.0,1.4,a,,,1.0,84.0,0.9116604466668564,0.25756882831793654,0.03214317470731313,0.04593259591065397,0.25719352564845177,5.982984421635751,3.4000778593073138,1.496
10,283,Jacob,DEF,HUL,4.0,0.0,u,0.0,Has joined Newport County on loan until January,0.0,0.0,0.9116604466668564,0.2790328973444312,0.0,0.0,0.0,0.0,0.43588989435406733,0.0
10,284,McCarthy,DEF,HUL,4.0,0.1,a,,,0.0,0.0,0.9116604466668564,0.2790328973444312,0.0,0.0,0.0,0.35,0.8154753215150045,0.087
10,285,McNair,DEF,HUL,4.0,0.1,a,100.0,,0.0,26.0,0.9116604466668564,0.2790328973444312,0.012507641506191249,0.011103179634096006,0.0,0.45835538793943553,0.9725847449564871,0.115
10,286,Belloumi,MID,HUL,5.0,1.0,a,,,1.0,90.0,0.9116604466668564,0.16014206150617483,0.11065509091678839,0.08692549015973289,0.1603192480434681,3.677760177211478,2.7661660980864,0.736
10,287,Millar,MID,HUL,5.0,0.0,u,0.0,Has joined Birmingham on loan for the rest of the season,0.0,0.0,0.9116604466668564,0.17348723329835605,0.0,0.0,0.0,0.0,0.43588989435406733,0.0
10,288,Dowell,MID,HUL,4.5,0.3,a,,,0.0,0.0,0.9116604466668564,0.17348723329835605,0.0,0.0,0.0,0.35,0.8154753215150045,0.078
10,289,Crooks,MID,HUL,4.5,0.5,a,100.0,,1.0,90.0,0.9116604466668564,0.16014206150617483,0.1138974090302915,0.10178616233289588,0.16665529464380124,3.7448898308988157,2.7926108094200126,0.832
10,290,Slater,MID,HUL,4.5,5.3,a,,,1.0,90.0,0.9116604466668564,0.16014206150617483,0.09158687369022672,0.13410037635963254,0.17015658218413637,3.733781083819036,2.764725176468274,0.83
10,291,Matazo,MID,HUL,4.5,0.0,i,0.0,Knee injury - Unknown return date,0.0,0.0,0.9116604466668564,0.17348723329835605,0.0,0.0,0.0,0.0,0.43588989435406733,0.0
10,292,Ömür,MID,HUL,4.9,0.0,a,,,0.0,0.0,0.9116604466668564,0.17348723329835605,0.0,0.0,0.0,0.35,0.8154753215150045,0.071
10,293,Kamara,MID,HUL,5.0,0.0,u,0.0,Has joined Portsmouth permanently,0.0,0.0,0.9116604466668564,0.17348723329835605,0.0,0.0,0.0,0.0,0.43588989435406733,0.0
10,294,Zambrano,MID,HUL,4.5,0.1,a,100.0,,0.0,0.0,0.9116604466668564,0.17348723329835605,0.0,0.0,0.0,0.35,0.8154753215150045,0.078
10,295,McBurnie,FWD,HUL,5.5,1.9,a,,,1.0,90.0,0.9116604466668564,0.003056546102903719,0.4548676302447894,0.0460028989104996,0.2664707298710368,3.799573992411036,3.154107855963347,0.691
10,296,Akintola,MID,HUL,5.0,0.0,a,,,0.0,0.0,0.9116604466668564,0.17348723329835605,0.0,0.0,0.0,0.35,0.8154753215150045,0.07
10,297,Gyabi,MID,HUL,4.5,0.0,i,0.0,Thigh injury - Unknown return date,0.0,0.0,0.9116604466668564,0.17348723329835605,0.0,0.0,0.0,0.0,0.43588989435406733,0.0
10,298,Destan,FWD,HUL,4.5,0.2,u,0.0,Has joined Konyaspor permanently,0.0,0.0,0.9116604466668564,0.0033112582781456954,0.0,0.0,0.0,0.0,0.43588989435406733,0.0
10,299,Burstow,FWD,HUL,4.5,0.0,u,0.0,Has joined Sheffield Wednesday on loan for the rest of the season,0.0,0.0,0.9116604466668564,0.0033112582781456954,0.0,0.0,0.0,0.0,0.43588989435406733,0.0
10,340,Gelhardt,MID,HUL,5.0,0.0,a,100.0,,0.0,0.0,0.9116604466668564,0.17348723329835605,0.0,0.0,0.0,0.35,0.8154753215150045,0.07
10,556,Targett,DEF,HUL,4.0,1.9,a,,,0.0,5.0,0.9116604466668564,0.2790328973444312,0.0023582961385930547,0.002834030796253027,0.0,0.3726518692203174,0.8498166439592493,0.093
10,563,Morita,MID,HUL,5.0,0.0,i,0.0,Calf injury - Expected back 11 Oct,0.0,0.0,0.9116604466668564,0.17348723329835605,0.0,0.0,0.0,0.0,0.43588989435406733,0.0
10,572,Tzolakis,GK,HUL,4.6,9.6,a,,,1.0,90.0,0.9116604466668564,0.0,0.0,0.0002302631578947368,0.22799570377197725,5.177973167429766,3.136582378659383,1.126
10,574,Hjertø-Dahl,MID,HUL,4.9,0.1,a,,,0.0,0.0,0.9116604466668564,0.17348723329835605,0.0,0.0,0.0,0.35,0.8154753215150045,0.071
10,576,Stroud,MID,HUL,5.0,0.1,a,,,1.0,70.0,0.9116604466668564,0.16014206150617483,0.08093417323464318,0.07267726019128841,0.16029118970835488,3.4863828405603057,2.666408152641384,0.697
10,585,Herrington,DEF,HUL,4.0,0.6,a,,,0.0,26.0,0.9116604466668564,0.2790328973444312,0.01179210137425811,0.010467986291184334,0.0,0.4521565671191016,0.9642873460602093,0.113
10,586,Mendy,DEF,HUL,4.1,7.9,a,100.0,,1.0,63.0,0.9116604466668564,0.33449190524101347,0.04686874185106984,0.02182475465218123,0.2622618599183396,6.145621096531223,3.4580185850448726,1.499
10,589,Gourna-Douath,MID,HUL,5.0,0.0,a,,,0.0,0.0,0.9116604466668564,0.17348723329835605,0.0,0.0,0.0,0.35,0.8154753215150045,0.07
10,617,Cho,MID,HUL,5.0,0.0,a,,,0.25,20.0,0.9116604466668564,0.17348723329835605,0.02876521453821892,0.024713512665188706,0.04384876000301317,1.2063014007402946,1.569892973624595,0.241
10,632,Ansah,FWD,HUL,5.0,0.0,i,0.0,Back injury - Unknown return date,0.0,0.0,0.9116604466668564,0.0033112582781456954,0.0,0.0,0.0,0.0,0.43588989435406733,0.0
10,637,Vaz,FWD,HUL,5.0,0.0,a,,,0.25,20.0,0.9116604466668564,0.0033112582781456954,0.09551353341104425,0.01269933298746019,0.06540032731108253,1.1420756387255873,1.656207992386488,0.228
10,638,Norton-Cuffy,DEF,HUL,4.0,0.3,a,,,0.25,20.0,0.9116604466668564,0.2790328973444312,0.009621262697070192,0.008540907410843082,0.06413013239666937,1.7686374175666721,1.8488208862837683,0.442
10,642,Thomas,MID,HUL,5.5,0.0,a,,,0.25,20.0,0.9116604466668564,0.17348723329835605,0.027279132533180924,0.025245080855039258,0.04347292018828311,1.2000898554699264,1.563280371715818,0.218
10,645,Mouzakitis,MID,HUL,5.0,0.0,a,,,0.25,20.0,0.9116604466668564,0.17348723329835605,0.028122817044516416,0.025132385761208857,0.04376074727142574,1.2042580198282553,1.5674269169376873,0.241
10,259,Diop,DEF,IPS,4.0,14.6,a,,,1.0,90.0,0.1041587752273705,0.20706641753015118,0.037201021235709966,0.010714518829083584,0.04281013282952037,1.8217456819317808,1.919511115644982,0.455
10,267,Lukić,MID,IPS,5.0,0.1,a,,,1.0,90.0,0.1041587752273705,0.16939489331934243,0.06036958199004083,0.06594674114731225,0.05462659062081063,2.531827400929722,2.2743547554651005,0.506
10,300,Walton,GK,IPS,4.5,0.4,a,,,0.0,0.0,0.1041587752273705,0.0,0.0,0.0,0.0,0.35,0.8154753215150045,0.078
10,301,Palmer,GK,IPS,4.0,4.2,a,,,0.0,0.0,0.1041587752273705,0.0,0.0,0.0,0.0,0.35,0.8154753215150045,0.087
10,302,Button,GK,IPS,4.0,0.5,a,,,0.0,0.0,0.1041587752273705,0.0,0.0,0.0,0.0,0.35,0.8154753215150045,0.087
10,303,Kipré,DEF,IPS,4.0,0.5,a,,,0.0,0.0,0.1041587752273705,0.2790328973444312,0.0,0.0,0.0,0.35,0.8154753215150045,0.087
10,304,O'Shea,DEF,IPS,4.0,3.0,a,,,1.0,90.0,0.1041587752273705,0.33449190524101347,0.03268360893838272,0.033307080313634094,0.04913643504504851,2.103208092204984,2.0474855381222516,0.526
10,305,Davis,DEF,IPS,4.0,5.1,a,,,1.0,90.0,0.1041587752273705,0.25756882831793654,0.08974180799746337,0.12145829914796397,0.09995973130774219,2.619295777786689,2.3484277348429288,0.655
10,306,Greaves,DEF,IPS,4.0,1.2,a,,,1.0,90.0,0.1041587752273705,0.25756882831793654,0.03637433187491641,0.015678678297665154,0.04425824736724618,1.9260505745600156,1.9691983350880449,0.482
10,307,Johnson,DEF,IPS,4.0,0.1,u,0.0,Has joined Stoke City on loan for the rest of the season,0.0,0.0,0.1041587752273705,0.2790328973444312,0.0,0.0,0.0,0.0,0.43588989435406733,0.0
10,308,Furlong,DEF,IPS,4.0,0.5,a,,,0.0,0.0,0.1041587752273705,0.2790328973444312,0.0,0.0,0.0,0.35,0.8154753215150045,0.087
10,309,Núñez,MID,IPS,5.0,0.1,a,,,1.0,79.0,0.1041587752273705,0.23706513842925175,0.09653608282824007,0.0949609064661788,0.08677227198823317,2.9563613334469734,2.4892374395623027,0.591
10,310,Matusiwa,MID,IPS,4.9,0.0,i,0.0,Muscular injury - Unknown return date,0.0,0.0,0.1041587752273705,0.17348723329835605,0.0,0.0,0.0,0.0,0.43588989435406733,0.0
10,311,Burns,MID,IPS,5.0,0.0,u,0.0,Has joined Leicester City permanently,0.0,0.0,0.1041587752273705,0.17348723329835605,0.0,0.0,0.0,0.0,0.43588989435406733,0.0
10,312,Taylor,MID,IPS,4.5,0.0,i,0.0,Knee injury - Unknown return date,0.0,0.0,0.1041587752273705,0.17348723329835605,0.0,0.0,0.0,0.0,0.43588989435406733,0.0
10,313,Clarke,MID,IPS,5.5,0.2,a,,,0.0,19.0,0.1041587752273705,0.17348723329835605,0.044483708651325525,0.019219802290068064,0.0,0.6300779501268318,1.2099794862512891,0.115
10,314,Ogbene,MID,IPS,4.9,0.0,u,0.0,Has joined Lincoln City on loan until January,0.0,0.0,0.1041587752273705,0.17348723329835605,0.0,0.0,0.0,0.0,0.43588989435406733,0.0
10,315,Fatawu,MID,IPS,5.5,0.2,a,,,1.0,65.0,0.1041587752273705,0.16014206150617483,0.051352061350588646,0.1503114869705906,0.10814513555530854,2.776327369600566,2.3628657114496807,0.505
10,316,Emersonn,FWD,IPS,5.5,1.7,a,100.0,,1.0,65.0,0.1041587752273705,0.003056546102903719,0.32448874912320463,0.03746052224263305,0.1858220628769507,3.1717826709270116,2.823706707415016,0.577
10,317,Hirst,FWD,IPS,5.0,0.1,u,0.0,Has joined Stoke City permanently,0.0,0.0,0.1041587752273705,0.0033112582781456954,0.0,0.0,0.0,0.0,0.43588989435406733,0.0
10,318,Philogene,MID,IPS,5.4,0.1,i,0.0,Ankle injury - Unknown return date,0.0,0.0,0.1041587752273705,0.17348723329835605,0.0,0.0,0.0,0.0,0.43588989435406733,0.0
10,319,Szmodics,MID,IPS,5.0,0.0,u,0.0,Has joined Derby County on loan for the rest of the season,0.0,0.0,0.1041587752273705,0.17348723329835605,0.0,0.0,0.0,0.0,0.43588989435406733,0.0
10,320,Akpom,FWD,IPS,5.0,1.2,a,,,0.0,24.0,0.1041587752273705,0.0033112582781456954,0.13179343946388147,0.014070860950105894,0.0,0.9193863407058436,1.5929829516113447,0.184
10,321,Walle Egeli,FWD,IPS,4.5,3.4,a,,,0.0,10.0,0.1041587752273705,0.0033112582781456954,0.047226135964349665,0.0062791146437997615,0.0,0.5577418877887979,1.1589074176071243,0.124
10,322,Al-Hamadi,FWD,IPS,5.0,0.1,u,0.0,Has joined Sheffield Wednesday on loan for the rest of the season,0.0,0.0,0.1041587752273705,0.0033112582781456954,0.0,0.0,0.0,0.0,0.43588989435406733,0.0
10,323,McAteer,MID,IPS,4.5,1.2,a,,,0.0,24.0,0.1041587752273705,0.17348723329835605,0.03001767454823847,0.021105364344035746,0.0,0.5634044657732996,1.1182908978699146,0.125
10,324,Mehmeti,MID,IPS,4.9,0.0,a,,,0.0,0.0,0.1041587752273705,0.17348723329835605,0.0,0.0,0.0,0.35,0.8154753215150045,0.071
10,554,Van Oevelen,GK,IPS,4.5,0.0,u,0.0,Has joined Valencia on loan for the rest of the season,0.0,0.0,0.1041587752273705,0.0,0.0,0.0,0.0,0.0,0.43588989435406733,0.0
10,562,Maeda,MID,IPS,5.4,0.3,a,,,1.0,79.0,0.1041587752273705,0.16014206150617483,0.14762469676763829,0.075447422055149,0.0993623552811902,3.024315571665371,2.575256835107915,0.56
10,564,Scherpen,GK,IPS,4.5,0.6,a,,,1.0,90.0,0.1041587752273705,0.0,0.0,0.0002302631578947368,0.026120285912105783,1.854481958347983,1.8771030128528288,0.412
10,571,Florentino,MID,IPS,4.9,0.1,a,100.0,,0.0,0.0,0.1041587752273705,0.4594813371308649,0.0,0.0,0.0,0.35,0.8154753215150045,0.071
10,591,Enciso,MID,IPS,5.5,0.9,a,100.0,,1.0,70.0,0.1041587752273705,0.16014206150617483,0.17573317222752302,0.10908165219086485,0.1385825485110116,3.304980832601764,2.7081105249432658,0.601
10,592,Ouattara,DEF,IPS,4.0,0.9,a,,,0.0,10.0,0.1041587752273705,0.2790328973444312,0.004739077335341782,0.004447675111871114,0.0,0.391777489347664,0.8790970900717464,0.098
10,602,Humphreys,MID,IPS,4.5,0.0,u,0.0,Has joined Huddersfield Town on loan for the rest of the season,0.0,0.0,0.1041587752273705,0.17348723329835605,0.0,0.0,0.0,0.0,0.43588989435406733,0.0
10,619,Palacios,MID,IPS,5.0,0.0,a,,,0.25,20.0,0.1041587752273705,0.17348723329835605,0.024841821722656168,0.0229780518668456,0.021433044606550582,0.973336954439907,1.4136446313595792,0.195
10,640,Flemming,FWD,IPS,5.5,0.0,a,,,0.25,20.0,0.1041587752273705,0.0012417218543046358,0.08918241236105273,0.006354309476892909,0.04022155360437536,1.071585323532245,1.603467052632383,0.195
10,260,Wilson,MID,LEE,6.3,3.1,a,,,1.0,65.0,0.33464878617462374,0.07167085580419238,0.1408860589724751,0.08909209050957188,0.144915827981839,3.126373652333298,2.6048850825455077,0.496
10,326,Perri,GK,LEE,4.5,0.4,u,0.0,Has joined Torino on loan for the rest of the season,0.0,0.0,0.33464878617462374,0.0,0.0,0.0,0.0,0.0,0.43588989435406733,0.0
10,327,Bijol,DEF,LEE,5.0,0.9,a,,,1.0,90.0,0.33464878617462374,0.4514233755333287,0.04628268526222158,0.029839390394653904,0.11030492302356235,3.8103470182152956,2.741779612985404,0.762
10,329,Rodon,DEF,LEE,4.4,1.5,i,0.0,Hamstring injury - Expected back 21 Nov,0.0,0.0,0.33464878617462374,0.2966309948474039,0.0,0.0,0.0,0.0,0.43588989435406733,0.0
10,330,Bogle,DEF,LEE,4.5,1.7,a,,,1.0,90.0,0.33464878617462374,0.12155442654848124,0.1376823955390994,0.07203474525949352,0.15706319582316344,3.9251307511385636,2.8781665692586085,0.872
10,331,Gudmundsson,DEF,LEE,4.5,0.1,a,100.0,,0.0,0.0,0.33464878617462374,0.13370986920332936,0.0,0.0,0.0,0.35,0.8154753215150045,0.078
10,332,Justin,DEF,LEE,4.5,1.5,a,,,1.0,90.0,0.33464878617462374,0.25298165964039926,0.060234795647555295,0.028870007779315122,0.11484887774306057,3.530562730157789,2.658848991797979,0.785
10,333,Bornauw,DEF,LEE,4.5,0.0,u,0.0,Has joined Hamburg SV on loan for the rest of the season,0.0,0.0,0.33464878617462374,0.2717746730083234,0.0,0.0,0.0,0.0,0.43588989435406733,0.0
10,334,Muharemović,DEF,LEE,5.0,3.6,a,,,1.0,90.0,0.33464878617462374,0.25756882831793654,0.040208558062006856,0.03070420195622441,0.10848166255003688,3.417981062348871,2.59526787959064,0.684
10,335,Stach,MID,LEE,6.0,2.8,a,,,1.0,90.0,0.33464878617462374,0.3270461699895068,0.126504467243917,0.1479401851391116,0.1295205069515224,3.685505234649788,2.7859444986033193,0.614
10,336,Okafor,MID,LEE,5.9,0.3,a,,,0.0,24.0,0.33464878617462374,0.06939489331934243,0.060771233116667794,0.02373790745457171,0.0,0.7250698879470541,1.3199470390130845,0.123
10,337,Aaronson,MID,LEE,5.4,0.6,a,,,1.0,81.0,0.33464878617462374,0.12394748291659202,0.1211081040249392,0.09801127925152471,0.11867797211386501,3.1241925818403176,2.581204085237399,0.579
10,338,Ampadu,MID,LEE,5.5,1.0,a,,,1.0,90.0,0.33464878617462374,0.46003847499125566,0.054769989677949577,0.06381623895111055,0.07497005863763342,3.264616401145277,2.5556586431375616,0.594
10,339,Longstaff,MID,LEE,4.9,0.1,a,,,0.0,8.0,0.33464878617462374,0.19437365712287014,0.008732995182204113,0.00941636645687721,0.0,0.4219140752816522,0.924139986218735,0.086
10,341,Gnonto,MID,LEE,5.0,0.0,u,0.0,Has joined ACF Fiorentina on loan for the rest of the season,0.0,0.0,0.33464878617462374,0.14870334282716233,0.0,0.0,0.0,0.0,0.43588989435406733,0.0
10,342,Harrison,MID,LEE,5.0,0.0,u,0.0,Has joined New England Revolution permanently,0.0,0.0,0.33464878617462374,0.16014206150617483,0.0,0.0,0.0,0.0,0.43588989435406733,0.0
10,343,James,MID,LEE,5.0,0.1,a,,,0.0,0.0,0.33464878617462374,0.13878978663868485,0.0,0.0,0.0,0.35,0.8154753215150045,0.07
10,344,Gruev,MID,LEE,5.0,0.0,d,25.0,Knee injury - 25% chance of playing,0.0,0.0,0.33464878617462374,0.11853256921462588,0.0,0.0,0.0,0.0875,0.43588989435406733,0.017
10,345,Tanaka,MID,LEE,4.9,0.2,a,,,0.0,0.0,0.33464878617462374,0.21174361664917804,0.0,0.0,0.0,0.35,0.8154753215150045,0.071
10,346,Calvert-Lewin,FWD,LEE,6.0,23.0,a,,,1.0,90.0,0.33464878617462374,0.0009240720776220546,0.5916140648886031,0.035223303476999146,0.2528579575454232,4.296684420153658,3.4224822552678877,0.716
10,347,Nmecha,FWD,LEE,5.4,0.5,a,,,0.0,0.0,0.33464878617462374,0.001892147587511826,0.0,0.0,0.0,0.35,0.8154753215150045,0.065
10,348,Piroe,FWD,LEE,5.0,0.1,u,0.0,Has joined West Ham United on loan for the rest of the season,0.0,0.0,0.33464878617462374,0.003056546102903719,0.0,0.0,0.0,0.0,0.43588989435406733,0.0
10,349,Mateo Joseph,FWD,LEE,4.5,0.1,i,0.0,Knee injury - Unknown return date,0.0,0.0,0.33464878617462374,0.0033112582781456954,0.0,0.0,0.0,0.0,0.43588989435406733,0.0
10,385,Trafford,GK,LEE,5.0,5.4,a,,,1.0,90.0,0.33464878617462374,0.0,0.0,0.00012792397660818714,0.0837069699354688,2.918636014150511,2.3548690891185378,0.584
10,598,Elvedi,DEF,LEE,4.5,0.0,a,,,0.0,0.0,0.33464878617462374,0.2790328973444312,0.0,0.0,0.0,0.35,0.8154753215150045,0.078
10,603,Lienou,DEF,LEE,4.0,0.1,a,,,0.0,0.0,0.33464878617462374,0.2790328973444312,0.0,0.0,0.0,0.35,0.8154753215150045,0.087
10,604,Cresswell,MID,LEE,4.5,0.1,a,,,0.0,0.0,0.33464878617462374,0.17348723329835605,0.0,0.0,0.0,0.35,0.8154753215150045,0.078
10,625,Cairns,GK,LEE,4.0,0.2,a,,,0.25,20.0,0.33464878617462374,0.0,0.0,7.309941520467835e-05,0.020944332030650825,0.9922999483475695,1.3730877254787408,0.248
10,629,Zetterer,GK,LEE,4.0,0.5,a,,,0.25,20.0,0.33464878617462374,0.0,0.0,7.309941520467835e-05,0.020944332030650825,0.9922999483475695,1.3730877254787408,0.248
10,641,Bard,DEF,LEE,4.5,0.0,a,,,0.25,20.0,0.33464878617462374,0.2790328973444312,0.009907478749843447,0.008794984748007748,0.02827964413819289,1.1305168040229945,1.4857411618928615,0.251
10,648,Bahoya,MID,LEE,5.0,0.0,a,,,0.25,20.0,0.33464878617462374,0.17348723329835605,0.028122817044516416,0.025132385761208857,0.02933545575911992,1.057120046402736,1.4755558242344804,0.211
10,350,A.Becker,GK,LIV,5.5,3.9,a,,,1.0,90.0,0.2883467242022703,0.0,0.0,0.002754552363354592,0.07305077437774168,2.728816138480636,2.2770047569368863,0.496
10,351,Mamardashvili,GK,LIV,4.9,0.1,a,,,0.0,0.0,0.2883467242022703,0.0,0.0,0.0,0.0,0.35,0.8154753215150045,0.071
10,352,Woodman,GK,LIV,4.0,1.1,a,,,0.0,0.0,0.2883467242022703,0.0,0.0,0.0,0.0,0.35,0.8154753215150045,0.087
10,353,Pecsi,GK,LIV,4.0,0.0,u,0.0,Has joined TSV Hartberg on loan for the rest of the season,0.0,0.0,0.2883467242022703,0.0,0.0,0.0,0.0,0.0,0.43588989435406733,0.0
10,354,Jaros,GK,LIV,4.0,0.0,i,0.0,Knee injury - Unknown return date,0.0,0.0,0.2883467242022703,0.0,0.0,0.0,0.0,0.0,0.43588989435406733,0.0
10,355,Davies,GK,LIV,4.0,0.2,a,,,0.0,0.0,0.2883467242022703,0.0,0.0,0.0,0.0,0.35,0.8154753215150045,0.087
10,356,Virgil,DEF,LIV,6.5,17.2,a,,,1.0,90.0,0.2883467242022703,0.39898813270849365,0.07836303487887541,0.02890651262226402,0.10963102267596637,3.6706321036680873,2.7284389687589896,0.565
10,357,Frimpong,DEF,LIV,5.4,2.4,a,,,1.0,90.0,0.2883467242022703,0.1455823812231815,0.03787491146096896,0.09794308340447565,0.11962297925347318,3.1785384493518154,2.503292336610781,0.589
10,358,Kerkez,DEF,LIV,5.4,2.8,a,,,1.0,90.0,0.2883467242022703,0.12078874355925485,0.02778849297930934,0.042786409488628496,0.09678789691434582,2.8840945410735643,2.376238747667336,0.534
10,359,Gomez,DEF,LIV,5.0,0.0,i,0.0,Muscular injury - Unknown return date,0.0,0.0,0.2883467242022703,0.19696439812548086,0.0,0.0,0.0,0.0,0.43588989435406733,0.0
10,360,Bradley,DEF,LIV,5.0,0.0,i,0.0,Knee injury - Unknown return date,0.0,0.0,0.2883467242022703,0.20706641753015118,0.0,0.0,0.0,0.0,0.43588989435406733,0.0
10,361,Lucky,DEF,LIV,4.0,0.1,a,,,0.0,0.0,0.2883467242022703,0.2790328973444312,0.0,0.0,0.0,0.35,0.8154753215150045,0.087
10,362,Jacquet,DEF,LIV,5.0,2.7,a,100.0,,1.0,69.0,0.2883467242022703,0.25756882831793654,0.025255814579809258,0.0304272893608705,0.09750722850174746,3.0842157978366656,2.4518452037941794,0.617
10,363,Leoni,DEF,LIV,4.0,0.0,i,0.0,Knee injury - Unknown return date,0.0,0.0,0.2883467242022703,0.2790328973444312,0.0,0.0,0.0,0.0,0.43588989435406733,0.0
10,364,Tsimikas,DEF,LIV,4.9,0.1,a,,,0.0,0.0,0.2883467242022703,0.2790328973444312,0.0,0.0,0.0,0.35,0.8154753215150045,0.071
10,365,Ramsay,DEF,LIV,4.0,0.1,u,0.0,Has joined St Mirren on loan for the rest of the season,0.0,0.0,0.2883467242022703,0.2790328973444312,0.0,0.0,0.0,0.0,0.43588989435406733,0.0
10,366,Wirtz,MID,LIV,7.4,8.1,a,,,1.0,62.0,0.2883467242022703,0.07704616998950682,0.16609574261794796,0.1119561881372469,0.17010299207810828,3.31349420862637,2.700409867427126,0.448
10,367,Gakpo,MID,LIV,7.2,13.6,d,75.0,Thigh injury - 75% chance of playing,0.5,45.0,0.2883467242022703,0.0927692454450062,0.12053055261132266,0.11696777873052142,0.09754175217975893,2.1415850503703866,2.189108245695418,0.297
10,368,Szoboszlai,MID,LIV,7.0,38.4,a,,,1.0,90.0,0.2883467242022703,0.24656830203225047,0.3429873671413332,0.21860971329773887,0.22539365057390223,4.885124288179215,3.3674412170650445,0.698
10,369,Ngumoha,MID,LIV,5.8,0.6,a,,,1.0,62.0,0.2883467242022703,0.11565815553223738,0.1141182247714758,0.1494657443375793,0.16275233414498888,3.229830683460511,2.611778636715567,0.557
10,370,Chiesa,MID,LIV,5.4,0.1,i,0.0,Back injury - Unknown return date,0.0,0.0,0.2883467242022703,0.16014206150617483,0.0,0.0,0.0,0.0,0.43588989435406733,0.0
10,371,Gravenberch,MID,LIV,5.9,1.4,a,,,1.0,77.0,0.2883467242022703,0.19743145216478855,0.04147222671590036,0.068422971978352,0.07379179915878481,2.684974706922642,2.31306837414038,0.455
10,372,Mac Allister,MID,LIV,5.4,1.4,a,,,0.0,27.0,0.2883467242022703,0.14833772681903104,0.030331498276548796,0.04180216686855194,0.0,0.6270639919883998,1.1719260106496707,0.116
10,373,C.Jones,MID,LIV,5.5,0.0,u,0.0,Has joined Internazionale permanently,0.0,0.0,0.2883467242022703,0.20272822665267576,0.0,0.0,0.0,0.0,0.43588989435406733,0.0
10,374,Endo,MID,LIV,5.0,0.1,a,100.0,,0.0,0.0,0.2883467242022703,0.16014206150617483,0.0,0.0,0.0,0.35,0.8154753215150045,0.07
10,375,Nyoni,MID,LIV,4.9,0.0,a,,,0.0,0.0,0.2883467242022703,0.17348723329835605,0.0,0.0,0.0,0.35,0.8154753215150045,0.071
10,376,Bajcetic,MID,LIV,5.0,0.0,u,0.0,Has joined Celta Vigo permanently,0.0,0.0,0.2883467242022703,0.17348723329835605,0.0,0.0,0.0,0.0,0.43588989435406733,0.0
10,377,Munoz,MID,LIV,6.5,1.2,a,,,0.0,27.0,0.2883467242022703,0.17348723329835605,0.04297264240807774,0.03434297662210557,0.0,0.6678921419067054,1.2356500006357816,0.103
10,378,McConnell,MID,LIV,4.5,0.2,a,,,0.0,0.0,0.2883467242022703,0.17348723329835605,0.0,0.0,0.0,0.35,0.8154753215150045,0.078
10,379,Isak,FWD,LIV,9.1,21.9,a,,,1.0,90.0,0.2883467242022703,0.001892147587511826,0.6516006870232897,0.07200476396430369,0.2820965802658847,4.6779951718129755,3.57740058542294,0.514
10,380,Ekitiké,FWD,LIV,7.4,0.1,i,0.0,Achilles injury - Unknown return date,0.0,0.0,0.2883467242022703,0.001281777397991882,0.0,0.0,0.0,0.0,0.43588989435406733,0.0
10,381,Koumas,MID,LIV,5.0,0.0,a,,,0.0,12.0,0.2883467242022703,0.17348723329835605,0.01703440359010182,0.014861617446794838,0.0,0.4797568702908936,1.0068487846212602,0.096
10,382,Danns,FWD,LIV,4.5,0.1,a,100.0,,0.0,0.0,0.2883467242022703,0.0033112582781456954,0.0,0.0,0.0,0.35,0.8154753215150045,0.078
10,383,Elliott,MID,LIV,5.4,0.0,u,0.0,Has joined Valencia on loan for the rest of the season,0.0,0.0,0.2883467242022703,0.17348723329835605,0.0,0.0,0.0,0.0,0.43588989435406733,0.0
10,579,Araujo,DEF,LIV,5.4,2.4,a,,,0.0,20.0,0.2883467242022703,0.2790328973444312,0.008553456654031509,0.008807818313928172,0.0,0.42774419486597354,0.9295346740006737,0.079
10,627,Barcola,MID,LIV,8.0,1.9,a,,,0.25,20.0,0.2883467242022703,0.17348723329835605,0.027310380107674833,0.025947079802181344,0.02817879294456263,1.043695806773247,1.465225004398716,0.13
10,155,Enzo,MID,MCI,6.9,3.2,a,,,0.0,25.0,0.359328521431052,0.08684780424638879,0.06559521671875286,0.05160375554403703,0.0,0.8327873502258754,1.4056554576928446,0.121
10,237,Ndiaye,MID,MCI,5.9,9.5,a,,,1.0,90.0,0.359328521431052,0.2018188177684505,0.1783785395994348,0.11533728388810874,0.13873339036374543,3.648566804435763,2.8288775452508648,0.618
10,384,Donnarumma,GK,MCI,5.5,7.6,a,,,1.0,90.0,0.359328521431052,0.0,0.0,0.0023628542510121457,0.09065912934561725,3.030302865194376,2.3994948309736603,0.551
10,386,Bettinelli,GK,MCI,4.5,0.0,a,,,0.0,0.0,0.359328521431052,0.0,0.0,0.0,0.0,0.35,0.8154753215150045,0.078
10,387,O'Reilly,DEF,MCI,6.4,14.0,a,100.0,,1.0,62.0,0.359328521431052,0.10605840897885792,0.11459944095633676,0.0805172755950504,0.18896401054112905,3.935078758252709,2.8573145235374713,0.615
10,388,Guéhi,DEF,MCI,6.0,18.5,a,,,1.0,90.0,0.359328521431052,0.2989248910027745,0.1481174126937833,0.08231084109930936,0.17048201918534545,4.47795962075839,3.065424563678519,0.746
10,389,Matheus N.,DEF,MCI,5.9,1.0,a,100.0,,0.0,33.0,0.359328521431052,0.17496178019364703,0.010676986922865742,0.038163356408590005,0.0,0.5285519907629644,1.0335911686865493,0.09
10,390,Rúben,DEF,MCI,5.5,1.8,a,,,1.0,90.0,0.359328521431052,0.231899854670366,0.03925398335280014,0.10155761442575154,0.13911618958025607,3.727827468235095,2.705253424314159,0.678
10,391,Gvardiol,DEF,MCI,5.6,20.0,a,,,1.0,90.0,0.359328521431052,0.23512573215308055,0.10938100089939577,0.0596677649836769,0.14899919841683842,4.038738648593222,2.8861547840896367,0.721
10,392,Aït-Nouri,DEF,MCI,5.3,0.5,a,,,0.0,0.0,0.359328521431052,0.19765430764241704,0.0,0.0,0.0,0.35,0.8154753215150045,0.066
10,393,Khusanov,DEF,MCI,5.5,1.6,a,,,1.0,90.0,0.359328521431052,0.30919980622715465,0.023711107051377057,0.0457313825772644,0.1141370017277875,3.5843442378931174,2.636763298877088,0.652
10,394,Alleyne,DEF,MCI,5.0,0.0,u,0.0,Has joined Burnley on loan for the rest of the season,0.0,0.0,0.359328521431052,0.33449190524101347,0.0,0.0,0.0,0.0,0.43588989435406733,0.0
10,395,Lewis,DEF,MCI,4.5,0.2,a,,,0.0,56.0,0.359328521431052,0.20927467300832342,0.043679023650859405,0.05097144399027276,0.0,0.7649884738759747,1.3097909154783096,0.17
10,396,Vitor Reis,DEF,MCI,4.5,0.0,a,,,0.0,0.0,0.359328521431052,0.2790328973444312,0.0,0.0,0.0,0.35,0.8154753215150045,0.078
10,397,Semenyo,MID,MCI,8.4,17.2,a,,,1.0,90.0,0.359328521431052,0.10587180832458902,0.21331437436669606,0.16761692306137094,0.16925880624292863,3.834067814294333,2.9265363646056763,0.456
10,398,Foden,MID,MCI,7.0,4.4,a,,,1.0,81.0,0.359328521431052,0.14519562284515064,0.31894266961692896,0.235266834664421,0.25145877047474124,4.719714808304294,3.298653384864759,0.674
10,399,Cherki,MID,MCI,7.8,29.8,a,,,0.0,27.0,0.359328521431052,0.1457802428421526,0.0649444716745441,0.15425730291168452,0.0,1.137494267107774,1.5971555771283006,0.146
10,400,Doku,MID,MCI,7.4,0.8,i,0.0,Calf injury - Expected back 20 Sep,0.0,0.0,0.359328521431052,0.06939489331934243,0.0,0.0,0.0,0.0,0.43588989435406733,0.0
10,402,Rodrigo,MID,MCI,6.5,0.0,u,0.0,Has joined Barcelona permanently,0.0,0.0,0.359328521431052,0.3600659571278669,0.0,0.0,0.0,0.0,0.43588989435406733,0.0
10,404,Reijnders,MID,MCI,6.0,0.0,u,0.0,Has joined Al Qadsiah permanently,0.0,0.0,0.359328521431052,0.10627057929587147,0.0,0.0,0.0,0.0,0.43588989435406733,0.0
10,406,Kovačić,MID,MCI,5.4,0.1,a,,,0.0,27.0,0.359328521431052,0.17348723329835605,0.024845406100155898,0.03956022434583031,0.0,0.5929077035382704,1.1294233366296489,0.11
10,407,Echeverri,MID,MCI,4.9,0.0,u,0.0,Has joined Benfica on loan for the rest of the season,0.0,0.0,0.359328521431052,0.17348723329835605,0.0,0.0,0.0,0.0,0.43588989435406733,0.0
10,408,Phillips,MID,MCI,5.0,0.0,u,0.0,Has joined Sheffield United on loan for the rest of the season,0.0,0.0,0.359328521431052,0.17348723329835605,0.0,0.0,0.0,0.0,0.43588989435406733,0.0
10,409,Mukasa,MID,MCI,4.5,0.1,u,0.0,has joined West Ham on loan for the rest of the seaon.,0.0,0.0,0.359328521431052,0.17348723329835605,0.0,0.0,0.0,0.0,0.43588989435406733,0.0
10,410,Monga,MID,MCI,4.9,0.0,u,0.0,Has joined Swansea City on loan for the rest of the season,0.0,0.0,0.359328521431052,0.17348723329835605,0.0,0.0,0.0,0.0,0.43588989435406733,0.0
10,411,Haaland,FWD,MCI,15.5,71.3,a,,,1.0,90.0,0.359328521431052,0.0008638065073423554,0.8544851659244428,0.10226751987452759,0.3707962921727448,5.667128919467609,3.9867851638300142,0.366
10,481,Anderson,MID,MCI,6.3,4.5,a,100.0,,1.0,62.0,0.359328521431052,0.5616369359916055,0.04497855738145518,0.10717998072373847,0.11323920618042133,3.5936661372000347,2.6641766091925656,0.57
10,587,Rulli,GK,MCI,5.0,0.0,a,,,0.0,0.0,0.359328521431052,0.0,0.0,0.0,0.0,0.35,0.8154753215150045,0.07
10,616,Bouaddi,MID,MCI,5.5,0.2,a,,,0.25,20.0,0.359328521431052,0.17348723329835605,0.027435370405650458,0.02717976694877437,0.03048792336908108,1.0666537634900424,1.480288611408256,0.194
10,621,McAidoo,MID,MCI,4.5,0.1,a,,,0.25,20.0,0.359328521431052,0.17348723329835605,0.030006254218910594,0.02482521215746075,0.03057310292147252,1.0725296977347933,1.4892427441520641,0.238
10,622,Braithwaite,DEF,MCI,4.0,0.2,a,,,0.25,20.0,0.359328521431052,0.2790328973444312,0.009896470440121399,0.008785212542732184,0.029813945263939347,1.1618582389781302,1.5056259418259157,0.29
10,628,Allan,MID,MCI,6.0,0.0,a,,,0.25,20.0,0.359328521431052,0.17348723329835605,0.028122817044516416,0.025132385761208857,0.029952449140530628,1.063413378893125,1.479602082373513,0.177
10,653,Samba,MID,MCI,4.5,0.0,a,,,0.25,20.0,0.359328521431052,0.17348723329835605,0.028122817044516416,0.025132385761208857,0.029952449140530628,1.063413378893125,1.479602082373513,0.236
10,43,Tielemans,MID,MUN,5.9,1.7,a,100.0,,1.0,66.0,0.2644765884647689,0.12369232726000827,0.08580706815984494,0.10689304862203645,0.11841816912873847,2.9090449993400744,2.458053682836323,0.493
10,131,Baleba,MID,MUN,5.0,0.1,i,0.0,Ankle injury - Expected back 19 Sep,0.0,0.0,0.2644765884647689,0.22525358516963973,0.0,0.0,0.0,0.0,0.43588989435406733,0.0
10,162,Andrey Santos,MID,MUN,4.9,0.7,a,,,1.0,66.0,0.2644765884647689,0.17007694998251136,0.09306464319287985,0.06846757826821617,0.10354258272563635,2.9005285828500926,2.463613639873845,0.592
10,325,Darlow,GK,MUN,4.5,0.0,a,100.0,,0.0,0.0,0.2644765884647689,0.0,0.0,0.0,0.0,0.35,0.8154753215150045,0.078
10,412,Lammens,GK,MUN,5.0,11.9,a,,,1.0,90.0,0.2644765884647689,0.0,0.0,3.1116642958748205e-05,0.06613003794122779,2.615408021136977,2.2291871254249287,0.523
10,413,Bayindir,GK,MUN,4.5,0.0,u,0.0,Has joined Celta Vigo on loan for the rest of the season,0.0,0.0,0.2644765884647689,0.0,0.0,0.0,0.0,0.0,0.43588989435406733,0.0
10,414,Heaton,GK,MUN,4.0,0.1,i,0.0,Hamstring injury - Unknown return date,0.0,0.0,0.2644765884647689,0.0,0.0,0.0,0.0,0.0,0.43588989435406733,0.0
10,415,Dorgu,MID,MUN,5.8,0.6,a,,,0.0,45.0,0.2644765884647689,0.08007103075308741,0.08467087530016183,0.058036078950410984,0.0,0.9474626133520421,1.5192775313187024,0.163
10,416,De Ligt,DEF,MUN,5.0,0.0,i,0.0,Back injury - Unknown return date,0.0,0.0,0.2644765884647689,0.293935790725327,0.0,0.0,0.0,0.0,0.43588989435406733,0.0
10,417,Dalot,DEF,MUN,4.9,1.9,a,,,0.0,10.0,0.2644765884647689,0.15870986920332936,0.007557803916716183,0.008543955234668865,0.0,0.4209786892043037,0.9193510390424726,0.086
10,418,Maguire,DEF,MUN,4.9,11.7,a,,,1.0,90.0,0.2644765884647689,0.35463733650416174,0.057756844448805994,0.05751088074813013,0.10646285093511987,3.4234954633595276,2.617476350815025,0.699
10,419,Martinez,DEF,MUN,5.0,1.2,a,100.0,,0.0,0.0,0.2644765884647689,0.30618311533888226,0.0,0.0,0.0,0.35,0.8154753215150045,0.07
10,420,Yoro,DEF,MUN,4.9,0.5,a,,,0.0,0.0,0.2644765884647689,0.21891016441838534,0.0,0.0,0.0,0.35,0.8154753215150045,0.071
10,421,Heaven,DEF,MUN,4.4,0.3,a,,,1.0,90.0,0.2644765884647689,0.3629736855710076,0.04794306694060409,0.024415113517377598,0.09144451027648581,3.2656460382424206,2.548016066335576,0.742
10,422,Mazraoui,DEF,MUN,4.4,0.6,a,,,1.0,79.0,0.2644765884647689,0.18906064209274673,0.03715692645920824,0.045654274133457344,0.09913880304871078,2.9523409699745096,2.415034037380595,0.671
10,423,Shaw,DEF,MUN,4.4,13.3,a,,,1.0,90.0,0.2644765884647689,0.16696789536266352,0.018498482076013883,0.09796550990104463,0.10688154430816271,2.9644160982542043,2.396535307300744,0.674
10,424,Amass,DEF,MUN,4.0,0.2,a,,,0.0,0.0,0.2644765884647689,0.2790328973444312,0.0,0.0,0.0,0.35,0.8154753215150045,0.087
10,425,Fredricson,DEF,MUN,4.0,0.0,u,0.0,Has joined Lausanne-Sport permanently,0.0,0.0,0.2644765884647689,0.2790328973444312,0.0,0.0,0.0,0.0,0.43588989435406733,0.0
10,426,B.Fernandes,MID,MUN,12.0,44.6,a,,,1.0,90.0,0.2644765884647689,0.15067759148043133,0.5309436762340174,0.3259484846765394,0.32635991516517177,6.0494889800764575,3.8314085033508722,0.504
10,427,Mbeumo,MID,MUN,7.9,24.7,a,,,1.0,90.0,0.2644765884647689,0.04731469999046074,0.47549723489200146,0.1919337796195975,0.2600485139255365,5.113713536614371,3.5452840688609584,0.647
10,428,Cunha,MID,MUN,7.9,6.8,a,,,1.0,79.0,0.2644765884647689,0.07516699511171397,0.2155103969895996,0.133707969452026,0.16569295685801116,3.5959945825552277,2.8505178632649417,0.455
10,429,Rashford,MID,MUN,7.0,1.6,a,,,0.0,45.0,0.2644765884647689,0.17348723329835605,0.11343141216386744,0.08649484632352131,0.0,1.1766415997899011,1.707690695818191,0.168
10,430,Mount,MID,MUN,5.4,0.0,a,100.0,,0.0,0.0,0.2644765884647689,0.1855384908900124,0.0,0.0,0.0,0.35,0.8154753215150045,0.065
10,431,Amad,MID,MUN,5.8,0.4,i,0.0,Unspecified injury - Unknown return date,0.0,0.0,0.2644765884647689,0.05948133713086493,0.0,0.0,0.0,0.0,0.43588989435406733,0.0
10,432,Mainoo,MID,MUN,5.5,1.3,a,,,0.0,23.0,0.2644765884647689,0.2886373856992955,0.014770644832865953,0.02655170060092481,0.0,0.5035083259671042,1.0223940963907674,0.092
10,433,Ugarte,MID,MUN,5.0,0.0,i,0.0,Knee injury - Unknown return date,0.0,0.0,0.2644765884647689,0.30409233997901364,0.0,0.0,0.0,0.0,0.43588989435406733,0.0
10,434,J.Fletcher,MID,MUN,4.9,0.0,a,,,0.0,0.0,0.2644765884647689,0.17348723329835605,0.0,0.0,0.0,0.35,0.8154753215150045,0.071
10,435,Lacey,MID,MUN,4.9,0.1,a,,,0.0,10.0,0.2644765884647689,0.17348723329835605,0.014788195267946514,0.011613968817873185,0.0,0.4587828827933521,0.9800084943075994,0.094
10,436,Collyer,MID,MUN,5.0,0.0,u,0.0,Has joined West Brom permanently,0.0,0.0,0.2644765884647689,0.17348723329835605,0.0,0.0,0.0,0.0,0.43588989435406733,0.0
10,437,Bendito Mantato,MID,MUN,4.5,0.2,a,,,0.0,0.0,0.2644765884647689,0.17348723329835605,0.0,0.0,0.0,0.35,0.8154753215150045,0.078
10,438,Fletcher,MID,MUN,4.5,0.3,a,,,0.0,0.0,0.2644765884647689,0.17348723329835605,0.0,0.0,0.0,0.35,0.8154753215150045,0.078
10,439,Šeško,FWD,MUN,7.0,1.7,a,100.0,,0.0,23.0,0.2644765884647689,0.0015282730514518594,0.12663584916530518,0.006188318521519716,0.0,0.8751083522257799,1.556444976290782,0.125
10,440,Zirkzee,FWD,MUN,5.4,0.4,a,,,0.0,0.0,0.2644765884647689,0.0024834437086092716,0.0,0.0,0.0,0.35,0.8154753215150045,0.065
10,441,Obi,FWD,MUN,4.5,1.2,a,,,0.0,0.0,0.2644765884647689,0.0033112582781456954,0.0,0.0,0.0,0.35,0.8154753215150045,0.078
10,405,N.Gonzalez,MID,NEW,5.5,0.3,a,,,0.0,0.0,0.2578983289136054,0.3131671310200094,0.0,0.0,0.0,0.35,0.8154753215150045,0.064
10,442,Pope,GK,NEW,4.9,1.0,a,,,0.0,0.0,0.2578983289136054,0.0,0.0,0.0,0.0,0.35,0.8154753215150045,0.071
10,443,Gillespie,GK,NEW,4.5,0.0,a,,,0.0,0.0,0.2578983289136054,0.0,0.0,0.0,0.0,0.35,0.8154753215150045,0.078
10,444,Jaouen,GK,NEW,4.5,0.0,d,50.0,Ankle injury - 50% chance of playing,0.0,0.0,0.2578983289136054,0.0,0.0,0.0,0.0,0.175,0.5766281297335397,0.039
10,445,Thiaw,DEF,NEW,5.0,2.1,a,,,1.0,90.0,0.2578983289136054,0.36329766151407056,0.09271721392555025,0.02737324666870817,0.10650624343639181,3.5238259500865823,2.69287441012718,0.705
10,446,Schär,DEF,NEW,5.0,0.2,a,100.0,,0.0,1.0,0.2578983289136054,0.40645194644057286,0.001146002465209472,0.0004036384428526118,0.0,0.35808693011981463,0.829000109782203,0.072
10,447,Botman,DEF,NEW,5.0,0.7,a,,,1.0,90.0,0.2578983289136054,0.46510287176161136,0.0594227934450679,0.04786160640960718,0.10202412217753763,3.568363972023005,2.671409423415684,0.714
10,448,Burn,DEF,NEW,4.9,0.9,i,0.0,Ankle injury - Expected back 14 Sep,0.0,0.0,0.2578983289136054,0.3707887435592549,0.0,0.0,0.0,0.0,0.43588989435406733,0.0
10,449,Hall,DEF,NEW,5.1,12.6,a,,,1.0,90.0,0.2578983289136054,0.2596776324481438,0.02478576112717103,0.17826865639528394,0.1355436283612606,3.4072999939195974,2.573438274995198,0.668
10,450,Livramento,DEF,NEW,4.9,0.1,a,100.0,,0.0,0.0,0.2578983289136054,0.16724595262050673,0.0,0.0,0.0,0.35,0.8154753215150045,0.071
10,451,A.Murphy,DEF,NEW,4.0,0.1,u,0.0,Has joined FC Kaiserslautern on loan for the rest of the season,0.0,0.0,0.2578983289136054,0.2790328973444312,0.0,0.0,0.0,0.0,0.43588989435406733,0.0
10,453,Barnes,MID,NEW,6.0,2.2,a,,,1.0,90.0,0.2578983289136054,0.06715634837355719,0.23251051197506675,0.12275552370786438,0.15013294538038643,3.611786219987175,2.8735791079812008,0.602
10,454,Elanga,MID,NEW,6.1,11.1,a,,,1.0,75.0,0.2578983289136054,0.08674361664917803,0.12731540215354448,0.1252309274558806,0.13185929132731905,3.111003801697688,2.583563360195928,0.51
10,456,J.Ramsey,MID,NEW,4.9,0.4,a,,,0.0,34.0,0.2578983289136054,0.16327387198321092,0.03701113095632695,0.043638555465002345,0.0,0.6659713211766418,1.2195951360896702,0.136
10,457,J.Murphy,MID,NEW,5.9,0.1,a,,,0.0,14.0,0.2578983289136054,0.07178782067518182,0.029255657442884206,0.03164767808593199,0.0,0.591221321472217,1.1396729598681006,0.1
10,458,Joelinton,MID,NEW,5.4,0.0,i,0.0,Unspecified injury - Unknown return date,0.0,0.0,0.2578983289136054,0.3150577124868835,0.0,0.0,0.0,0.0,0.43588989435406733,0.0
10,459,L.Miley,MID,NEW,5.5,0.1,a,100.0,,1.0,75.0,0.2578983289136054,0.2886373856992955,0.06816824001495538,0.08032154544537552,0.0881555427846995,3.0083206314828232,2.474837093609819,0.547
10,460,Willock,MID,NEW,5.0,0.5,a,,,0.0,34.0,0.2578983289136054,0.10409233997901364,0.05901028116516989,0.03626858088524463,0.0,0.7538571484815833,1.3365591154550656,0.151
10,461,Touré,MID,NEW,5.8,0.1,a,,,0.0,0.0,0.2578983289136054,0.17348723329835605,0.0,0.0,0.0,0.35,0.8154753215150045,0.06
10,462,Steur,MID,NEW,4.9,0.1,a,,,0.0,55.0,0.2578983289136054,0.17348723329835605,0.06986176467475287,0.06243303496180301,0.0,0.8866079282591733,1.4504225769550563,0.181
10,463,Woltemade,FWD,NEW,5.9,0.7,u,0.0,Has joined Juventus on loan for the rest of the season,0.0,0.0,0.2578983289136054,0.0012040939193257074,0.0,0.0,0.0,0.0,0.43588989435406733,0.0
10,464,Wissa,FWD,NEW,6.2,17.4,a,,,1.0,90.0,0.2578983289136054,0.002337358784573432,0.5284279790796628,0.05552851491839529,0.23017460579068086,4.084772807028134,3.3063024979320073,0.659
10,465,Osula,FWD,NEW,5.9,0.4,i,0.0,Foot injury - Unknown return date,0.0,0.0,0.2578983289136054,0.001986754966887417,0.0,0.0,0.0,0.0,0.43588989435406733,0.0
10,466,Neave,FWD,NEW,4.5,0.7,u,0.0,Has joined Wolves on loan for the rest of the season,0.0,0.0,0.2578983289136054,0.0033112582781456954,0.0,0.0,0.0,0.0,0.43588989435406733,0.0
10,559,Bamba,MID,NEW,4.9,0.1,a,,,0.0,14.0,0.2578983289136054,0.17348723329835605,0.019379745701121203,0.017319006276779705,0.0,0.49885574733594507,1.0315543583083844,0.102
10,567,Horníček,GK,NEW,5.0,1.3,a,,,1.0,90.0,0.2578983289136054,0.0,0.0,0.0002302631578947368,0.06455517433366452,2.587075444579516,2.217079913918549,0.517
10,593,Dedić,DEF,NEW,4.5,3.3,d,75.0,Hamstring injury - 75% chance of playing,0.5,45.0,0.2578983289136054,0.25756882831793654,0.023104279031003427,0.018352100978112205,0.04674702411739115,1.620106816242687,1.7935519577216394,0.36
10,609,Shahar,DEF,NEW,4.0,0.3,a,,,0.0,0.0,0.2578983289136054,0.2790328973444312,0.0,0.0,0.0,0.35,0.8154753215150045,0.087
10,634,Fernandez-Pardo,FWD,NEW,6.0,0.1,a,,,0.25,20.0,0.2578983289136054,0.0033112582781456954,0.09264812740871292,0.012318352997836386,0.04777800988291893,1.111848757319227,1.6335242279681097,0.185
10,167,Delap,FWD,NFO,5.5,0.8,a,,,0.0,0.0,0.20030654462186964,0.001806140878988561,0.0,0.0,0.0,0.35,0.8154753215150045,0.064
10,201,Muñoz,DEF,NFO,5.4,5.8,a,,,0.0,54.0,0.20030654462186964,0.2723261781087678,0.07694475574291526,0.061684725881832894,0.0,0.9967227121029902,1.534744828123937,0.185
10,467,Sels,GK,NFO,5.0,1.4,a,,,1.0,90.0,0.20030654462186964,0.0,0.0,0.0030998345450592973,0.05116157824623817,2.3369333721683003,2.1071718978573557,0.467
10,468,John,GK,NFO,4.5,0.1,a,,,0.0,0.0,0.20030654462186964,0.0,0.0,0.0,0.0,0.35,0.8154753215150045,0.078
10,469,N.Williams,DEF,NFO,5.0,8.2,a,,,1.0,90.0,0.20030654462186964,0.15634882485389734,0.05765676191762588,0.08161847314217288,0.09882296842639698,2.7657440582377077,2.3666124064065497,0.553
10,470,Morato,DEF,NFO,5.0,0.0,u,0.0,Has joined West Ham on loan for the rest of the season,0.0,0.0,0.20030654462186964,0.3980151833897375,0.0,0.0,0.0,0.0,0.43588989435406733,0.0
10,471,Milenković,DEF,NFO,5.5,1.6,a,,,1.0,90.0,0.20030654462186964,0.3269678953626635,0.0569313558529564,0.017157496978378893,0.07600773464643476,2.8591325493144764,2.402902407259863,0.52
10,472,Murillo,DEF,NFO,5.5,1.6,a,100.0,,1.0,90.0,0.20030654462186964,0.3707887435592549,0.06237258604168231,0.046787080373783624,0.08828251940088049,3.07357382606922,2.4927947741002687,0.559
10,473,Aina,DEF,NFO,4.5,2.7,a,,,1.0,73.0,0.20030654462186964,0.17252886348816693,0.01781479284524066,0.0790698574993585,0.09188302637265747,2.54187772590827,2.2218137717408175,0.565
10,474,Jair Cunha,DEF,NFO,4.5,0.2,a,,,1.0,90.0,0.20030654462186964,0.25578792753724555,0.035213538514422285,0.016853621245125502,0.06830014207130913,2.5892352847096167,2.265133168719845,0.575
10,475,Savona,DEF,NFO,4.5,0.0,i,0.0,Knee injury - Unknown return date,0.0,0.0,0.20030654462186964,0.15219976218787157,0.0,0.0,0.0,0.0,0.43588989435406733,0.0
10,476,O.Richards,DEF,NFO,4.0,0.2,a,,,0.0,0.0,0.20030654462186964,0.2790328973444312,0.0,0.0,0.0,0.35,0.8154753215150045,0.087
10,477,Abbott,DEF,NFO,4.0,0.2,u,0.0,Has joined Southampton on loan for the rest of the season,0.0,0.0,0.20030654462186964,0.25756882831793654,0.0,0.0,0.0,0.0,0.43588989435406733,0.0
10,478,Netz,DEF,NFO,4.5,0.0,a,,,0.0,16.0,0.20030654462186964,0.28989298454221163,0.004343004383493018,0.011843159219826836,0.0,0.4115875039604386,0.8989295210559008,0.091
10,479,Bindon,DEF,NFO,4.0,0.1,u,0.0,Has joined Charlton Athletic on loan for the rest of the season,0.0,0.0,0.20030654462186964,0.2790328973444312,0.0,0.0,0.0,0.0,0.43588989435406733,0.0
10,480,Gibbs-White,MID,NFO,7.9,9.4,a,100.0,,1.0,90.0,0.20030654462186964,0.06420514165792235,0.4169358334372506,0.10024940842564647,0.20104548911420092,4.458892363280091,3.3126289395064576,0.564
10,482,Hudson-Odoi,MID,NFO,5.9,0.2,a,100.0,,0.0,0.0,0.20030654462186964,0.07178782067518182,0.0,0.0,0.0,0.35,0.8154753215150045,0.059
10,483,Ndoye,MID,NFO,5.5,0.7,a,,,1.0,61.0,0.20030654462186964,0.09051507824262055,0.0740591018148492,0.10524465435172421,0.11262193838426995,2.7194811755322306,2.3688328021201355,0.494
10,484,Hutchinson,MID,NFO,5.4,0.1,u,0.0,Has joined AC Milan on loan for the rest of the season,0.0,0.0,0.20030654462186964,0.11414247405852862,0.0,0.0,0.0,0.0,0.43588989435406733,0.0
10,485,Bakwa,MID,NFO,5.5,0.0,u,0.0,Has joined Lille on loan for the rest of the season,0.0,0.0,0.20030654462186964,0.13011542497376705,0.0,0.0,0.0,0.0,0.43588989435406733,0.0
10,486,McAtee,MID,NFO,5.5,0.1,a,,,1.0,73.0,0.20030654462186964,0.14870334282716233,0.18727613508045135,0.1380330982878479,0.1604038168060421,3.5387799589259408,2.8013101814047645,0.643
10,487,Dominguez,MID,NFO,4.9,0.1,a,,,0.0,0.0,0.20030654462186964,0.15409233997901364,0.0,0.0,0.0,0.35,0.8154753215150045,0.071
10,488,I.Sangaré,MID,NFO,4.9,0.5,a,100.0,,1.0,90.0,0.20030654462186964,0.31662419427372207,0.05025903896479922,0.06814315193105994,0.06147142127573767,2.854066610408682,2.3925469260947194,0.582
10,489,Yates,MID,NFO,4.5,1.4,a,100.0,,0.0,0.0,0.20030654462186964,0.2054564533053515,0.0,0.0,0.0,0.35,0.8154753215150045,0.078
10,490,Wood,FWD,NFO,5.9,1.1,a,,,0.0,28.0,0.20030654462186964,0.001806140878988561,0.1266808815423256,0.013890364479820606,0.0,0.8983946196087642,1.5706798103084554,0.152
10,491,Igor Jesus,FWD,NFO,5.9,2.6,a,,,1.0,90.0,0.20030654462186964,0.0010739216037229282,0.31287098458841667,0.04585985209520361,0.14558644730145406,3.106625957691582,2.789232013860537,0.527
10,493,Kalimuendo,FWD,NFO,5.4,0.1,a,,,0.0,1.0,0.20030654462186964,0.0033112582781456954,0.00479810347778169,0.000566596079166875,0.0,0.37089220214862734,0.8564366905668405,0.069
10,558,Schlager,MID,NFO,5.0,0.1,a,,,0.0,16.0,0.20030654462186964,0.17348723329835605,0.019147275930277142,0.01688876999338463,0.0,0.49640268963153955,1.0286149745563633,0.099
10,581,Diomande,DEF,NFO,5.4,0.5,a,,,0.0,0.0,0.20030654462186964,0.2790328973444312,0.0,0.0,0.0,0.35,0.8154753215150045,0.065
10,590,Benda,GK,NFO,4.5,0.1,a,,,0.0,0.0,0.20030654462186964,0.0,0.0,0.0,0.0,0.35,0.8154753215150045,0.078
10,112,Van Hecke,DEF,TOT,4.9,6.9,a,,,1.0,90.0,0.2027094242492001,0.33364070955373826,0.06718336119756844,0.03624273276137477,0.08687648894793015,3.0151422708622095,2.476261392063368,0.615
10,147,Tosin,DEF,TOT,4.4,0.2,a,,,0.0,0.0,0.2027094242492001,0.3341260404280618,0.0,0.0,0.0,0.35,0.8154753215150045,0.08
10,401,Marmoush,FWD,TOT,7.0,2.2,a,,,0.0,0.0,0.2027094242492001,0.002337358784573432,0.0,0.0,0.0,0.35,0.8154753215150045,0.05
10,403,Sávio,MID,TOT,6.5,0.7,a,100.0,,0.0,0.0,0.2027094242492001,0.11565815553223738,0.0,0.0,0.0,0.35,0.8154753215150045,0.054
10,455,Tonali,MID,TOT,5.4,2.6,a,,,1.0,90.0,0.2027094242492001,0.15204616998950682,0.08727617185015832,0.07993643359551621,0.07879535433090609,2.7912431374582027,2.4139219109721703,0.517
10,494,Vicario,GK,TOT,4.5,0.2,u,0.0,Has joined Juventus on loan for the rest of the season,0.0,0.0,0.2027094242492001,0.0,0.0,0.0,0.0,0.0,0.43588989435406733,0.0
10,495,Austin,GK,TOT,4.0,1.0,a,,,0.0,0.0,0.2027094242492001,0.0,0.0,0.0,0.0,0.35,0.8154753215150045,0.087
10,496,Kinsky,GK,TOT,4.5,18.4,a,,,1.0,90.0,0.2027094242492001,0.0,0.0,0.0004528508771929824,0.05083585386931757,2.3391488573408212,2.1081704933300722,0.52
10,497,Dubravka,GK,TOT,4.0,17.9,a,,,0.0,0.0,0.2027094242492001,0.0,0.0,0.0,0.0,0.35,0.8154753215150045,0.087
10,498,Senesi,DEF,TOT,5.9,4.7,a,,,1.0,90.0,0.2027094242492001,0.6069678953626635,0.04338491634405901,0.09231788054188063,0.0981733349723789,3.5547959129955413,2.648475360043186,0.603
10,499,Pedro Porro,DEF,TOT,5.5,11.4,a,100.0,,0.0,0.0,0.2027094242492001,0.2639161573984459,0.0,0.0,0.0,0.35,0.8154753215150045,0.064
10,500,Romero,DEF,TOT,5.0,0.1,u,0.0,Has joined Atletico Madrid permanently,0.0,0.0,0.2027094242492001,0.38588733650416174,0.0,0.0,0.0,0.0,0.43588989435406733,0.0
10,502,Robertson,DEF,TOT,4.5,2.8,a,,,1.0,90.0,0.2027094242492001,0.19765430764241704,0.048804876553889466,0.11945181886602063,0.10956719945926854,2.926974352308581,2.419520722934532,0.65
10,503,Van de Ven,DEF,TOT,5.0,3.8,a,100.0,,0.0,0.0,0.2027094242492001,0.14107543929184832,0.0,0.0,0.0,0.35,0.8154753215150045,0.07
10,505,Spence,DEF,TOT,4.5,0.3,u,0.0,Has joined Internazionale permanently,0.0,0.0,0.2027094242492001,0.12789396376862278,0.0,0.0,0.0,0.0,0.43588989435406733,0.0
10,506,Udogie,DEF,TOT,4.5,0.4,a,,,0.0,4.0,0.2027094242492001,0.133935790725327,0.0006955717047865069,0.0031051278265129597,0.0,0.36348881370825786,0.833547944796464,0.081
10,507,Phillips,DEF,TOT,4.5,0.0,u,0.0,Has joined Middlesbrough permanently,0.0,0.0,0.2027094242492001,0.2790328973444312,0.0,0.0,0.0,0.0,0.43588989435406733,0.0
10,508,Davies,DEF,TOT,4.0,0.9,a,,,0.0,0.0,0.2027094242492001,0.25756882831793654,0.0,0.0,0.0,0.35,0.8154753215150045,0.087
10,509,Byfield,DEF,TOT,4.0,0.1,a,,,0.0,0.0,0.2027094242492001,0.2790328973444312,0.0,0.0,0.0,0.35,0.8154753215150045,0.087
10,510,Rowswell,DEF,TOT,4.0,0.1,a,,,0.0,0.0,0.2027094242492001,0.2790328973444312,0.0,0.0,0.0,0.35,0.8154753215150045,0.087
10,511,Souza,DEF,TOT,4.0,0.2,u,0.0,Has joined FC Porto on loan for the rest of the season,0.0,0.0,0.2027094242492001,0.2790328973444312,0.0,0.0,0.0,0.0,0.43588989435406733,0.0
10,512,Kudus,MID,TOT,6.5,0.1,a,100.0,,0.0,0.0,0.2027094242492001,0.07178782067518182,0.0,0.0,0.0,0.35,0.8154753215150045,0.054
10,513,Xavi,MID,TOT,6.0,0.0,i,0.0,Knee injury - Unknown return date,0.0,0.0,0.2027094242492001,0.16939489331934243,0.0,0.0,0.0,0.0,0.43588989435406733,0.0
10,514,Tel,MID,TOT,5.8,0.3,a,,,1.0,90.0,0.2027094242492001,0.08327387198321091,0.17133788675299141,0.12590819068083217,0.12430706952675827,3.2684376700925837,2.69036408199594,0.564
10,515,Maddison,MID,TOT,6.3,0.5,d,75.0,Shoulder injury - 75% chance of playing,0.0,11.0,0.2027094242492001,0.17348723329835605,0.030001814745636166,0.030886154874761675,0.0,0.41766753835246584,0.9867011763160628,0.066
10,516,Bentancur,MID,TOT,5.5,0.2,a,,,0.0,45.0,0.2027094242492001,0.4570256605933416,0.02431190533833241,0.023119623535873542,0.0,0.5409183972992826,1.0833357683094522,0.098
10,517,Odobert,MID,TOT,5.5,0.0,i,0.0,Knee injury - Unknown return date,0.0,0.0,0.2027094242492001,0.10409233997901364,0.0,0.0,0.0,0.0,0.43588989435406733,0.0
10,518,P.M.Sarr,MID,TOT,4.9,0.1,u,0.0,Has joined Juventus on loan for the rest of the season,0.0,0.0,0.2027094242492001,0.2432738719832109,0.0,0.0,0.0,0.0,0.43588989435406733,0.0
10,519,Gallagher,MID,TOT,5.4,0.2,a,,,0.0,45.0,0.2027094242492001,0.16327387198321092,0.04474213781237413,0.0356016121182887,0.0,0.6805155254167368,1.24957285708599,0.126
10,520,Bergvall,MID,TOT,5.4,0.2,a,,,0.0,45.0,0.2027094242492001,0.14675460950382252,0.042220972992205084,0.030293364128239072,0.0,0.6519849573457426,1.221514329392063,0.121
10,521,Kulusevski,MID,TOT,6.5,0.0,i,0.0,Knee injury - Unknown return date,0.0,0.0,0.2027094242492001,0.17348723329835605,0.0,0.0,0.0,0.0,0.43588989435406733,0.0
10,522,Gray,MID,TOT,5.0,0.2,a,,,1.0,85.0,0.2027094242492001,0.07435167141358116,0.04162005385242681,0.04095809767097726,0.05087343387182858,2.2751477418571473,2.138340719493304,0.455
10,523,Moore,MID,TOT,5.0,0.1,u,0.0,Has joined FC Köln on loan for the rest of the season,0.0,0.0,0.2027094242492001,0.16014206150617483,0.0,0.0,0.0,0.0,0.43588989435406733,0.0
10,524,Olusesi,MID,TOT,4.5,0.7,a,,,0.0,0.0,0.2027094242492001,0.17348723329835605,0.0,0.0,0.0,0.35,0.8154753215150045,0.078
10,525,Fernandes,MID,TOT,5.8,1.0,a,,,0.0,45.0,0.2027094242492001,0.3713444956430494,0.0408564229488938,0.05429392316680321,0.0,0.7171638842448786,1.2679707874232087,0.124
10,526,Solanke,FWD,TOT,5.9,0.9,a,,,0.0,22.0,0.2027094242492001,0.001806140878988561,0.127172653074355,0.010087958658888103,0.0,0.8889544882740843,1.5659021189611086,0.151
10,527,Richarlison,FWD,TOT,5.9,1.1,u,0.0,not included in squad.,0.0,0.0,0.2027094242492001,0.0012417218543046358,0.0,0.0,0.0,0.0,0.43588989435406733,0.0
10,528,Scarlett,FWD,TOT,4.5,1.4,u,0.0,Has joined Leyton Orient permanently,0.0,0.0,0.2027094242492001,0.0033112582781456954,0.0,0.0,0.0,0.0,0.43588989435406733,0.0
10,578,Mudryk,MID,TOT,5.4,0.1,a,,,0.0,0.0,0.2027094242492001,0.17348723329835605,0.0,0.0,0.0,0.35,0.8154753215150045,0.065
10,601,Williams-Barnett,MID,TOT,4.5,0.1,a,,,0.0,0.0,0.2027094242492001,0.17348723329835605,0.0,0.0,0.0,0.35,0.8154753215150045,0.078
10,501,Danso,DEF,SUN,5.0,0.2,a,,,0.0,0.0,0.26706248914378344,0.5684590654864139,0.0,0.0,0.0,0.35,0.8154753215150045,0.07
10,529,Roefs,GK,SUN,5.0,3.0,a,,,1.0,90.0,0.26706248914378344,0.0,0.0,0.0017787828947368421,0.06738819629910375,2.6326302878879506,2.236514597982116,0.527
10,530,Patterson,GK,SUN,4.0,0.1,u,0.0,Has joined Wrexham permanently,0.0,0.0,0.26706248914378344,0.0,0.0,0.0,0.0,0.0,0.43588989435406733,0.0
10,531,Ellborg,GK,SUN,4.5,0.1,a,,,0.0,0.0,0.26706248914378344,0.0,0.0,0.0,0.0,0.35,0.8154753215150045,0.078
10,532,Ballard,DEF,SUN,4.9,3.3,a,,,1.0,90.0,0.26706248914378344,0.49566842194666216,0.07415954168384853,0.03510674282201272,0.10500882186299729,3.726415822207039,2.743200195446272,0.76
10,533,Mukiele,DEF,SUN,5.5,2.2,a,100.0,,0.0,0.0,0.26706248914378344,0.38019522716588783,0.0,0.0,0.0,0.35,0.8154753215150045,0.064
10,534,Hume,DEF,SUN,4.4,4.2,a,,,1.0,79.0,0.26706248914378344,0.11885321706962611,0.04810872736567382,0.06467431825036374,0.11173607718347983,2.9722009409297794,2.4363567374177006,0.676
10,535,Alderete,DEF,SUN,4.9,0.3,a,100.0,,0.0,23.0,0.26706248914378344,0.3569394132123994,0.012720632536673021,0.007908359038496808,0.0,0.45004887233552854,0.9650992967863681,0.092
10,536,Reinildo,DEF,SUN,4.5,0.4,a,,,1.0,90.0,0.26706248914378344,0.21612925788626985,0.009202752950291012,0.05132735549681332,0.08795116024243238,2.853927204338409,2.3404440189726228,0.634
10,537,Seelt,DEF,SUN,4.5,0.0,u,0.0,Has joined Swansea City on loan for the rest of the season,0.0,0.0,0.26706248914378344,0.25756882831793654,0.0,0.0,0.0,0.0,0.43588989435406733,0.0
10,538,Hjelde,DEF,SUN,4.0,0.0,u,0.0,Has joined KV Mechelen on loan for the rest of the season,0.0,0.0,0.26706248914378344,0.2790328973444312,0.0,0.0,0.0,0.0,0.43588989435406733,0.0
10,539,O'Nien,DEF,SUN,4.0,2.7,a,,,1.0,66.0,0.26706248914378344,0.22886288253332498,0.02300839995281183,0.020294997986382173,0.08743315312056119,2.86657587605095,2.3631641001449046,0.717
10,540,Masuaku,DEF,SUN,4.0,0.2,u,0.0,Has joined Konyaspor permanently,0.0,0.0,0.26706248914378344,0.2790328973444312,0.0,0.0,0.0,0.0,0.43588989435406733,0.0
10,541,Meunier,DEF,SUN,4.5,0.3,a,100.0,,1.0,90.0,0.26706248914378344,0.25756882831793654,0.054146067693235725,0.04239152489720546,0.10055377969260026,3.1856310300416877,2.525386181010465,0.708
10,542,E.Le Fée,MID,SUN,5.9,4.8,a,,,1.0,79.0,0.26706248914378344,0.21917058259957115,0.20326513257213516,0.13906105361183396,0.16320339910165715,3.815683584793326,2.910221573444216,0.647
10,543,Diarra,MID,SUN,5.4,0.0,i,0.0,Hamstring injury - Unknown return date,0.0,0.0,0.26706248914378344,0.07710543702149159,0.0,0.0,0.0,0.0,0.43588989435406733,0.0
10,544,Xhaka,MID,SUN,5.5,4.3,a,,,1.0,90.0,0.26706248914378344,0.35737437332400607,0.03688453988678067,0.13775653739675126,0.08783062596361452,3.1587892745162236,2.4945955305222345,0.574
10,545,Sadiki,MID,SUN,4.9,0.3,a,,,1.0,90.0,0.26706248914378344,0.1322140608604407,0.07649080508872902,0.06171321411243866,0.07507765563478702,2.70164268541124,2.3647549413868933,0.551
10,546,Adingra,MID,SUN,4.9,0.0,u,0.0,Has joined Ajax on loan for the rest of the season,0.0,0.0,0.26706248914378344,0.10957088418843541,0.0,0.0,0.0,0.0,0.43588989435406733,0.0
10,547,Mundle,MID,SUN,4.9,0.0,i,0.0,Knee injury - Unknown return date,0.0,0.0,0.26706248914378344,0.16014206150617483,0.0,0.0,0.0,0.0,0.43588989435406733,0.0
10,548,Rigg,MID,SUN,4.9,0.1,a,,,0.0,10.0,0.26706248914378344,0.10957088418843541,0.012123896869315028,0.01214594990903989,0.0,0.4470573340736948,0.9602876214738532,0.091
10,549,Talbi,MID,SUN,5.4,0.1,a,,,0.0,31.0,0.26706248914378344,0.07435167141358116,0.0412858949288013,0.026083902008363632,0.0,0.6346811806690974,1.2056573364120058,0.118
10,550,Jocelin.T,MID,SUN,5.0,0.0,a,,,0.0,0.0,0.26706248914378344,0.17348723329835605,0.0,0.0,0.0,0.35,0.8154753215150045,0.07
10,551,N.Angulo,MID,SUN,5.0,0.1,a,,,0.0,58.0,0.26706248914378344,0.12246157644589839,0.08522609386550457,0.04866879554990359,0.0,0.9221368559772336,1.5044655494725598,0.184
10,552,Brobbey,FWD,SUN,5.9,7.4,a,,,1.0,66.0,0.26706248914378344,0.001168679392286716,0.2149627771381096,0.023707878556129245,0.14061724367753778,2.6437423579801718,2.512545948433776,0.448
10,553,Isidor,FWD,SUN,5.5,1.5,a,,,0.0,23.0,0.26706248914378344,0.001892147587511826,0.12848388668985147,0.008996387714272783,0.0,0.8909247099022242,1.5696051315389277,0.162
10,612,Methalie,DEF,SUN,4.5,0.0,a,100.0,,0.25,20.0,0.26706248914378344,0.2790328973444312,0.009907478749843447,0.008794984748007748,0.024055500573765373,1.0405153664435511,1.4270333103126247,0.231
10,613,Ahoka,MID,SUN,4.5,0.3,a,,,0.25,20.0,0.26706248914378344,0.17348723329835605,0.028122817044516416,0.025132385761208857,0.02764579833334891,1.0398855406598717,1.4644177783408854,0.231
10,646,Fofana,MID,SUN,5.5,0.0,a,,,0.25,20.0,0.26706248914378344,0.17348723329835605,0.0276228558526139,0.0246855877921207,0.027273011913708838,1.0356725543734544,1.4606556707264196,0.188
10,651,J.Angulo,FWD,SUN,4.5,0.4,a,,,0.25,20.0,0.26706248914378344,0.0033112582781456954,0.09551353341104425,0.01269933298746019,0.04928537837300571,1.1259606897875103,1.64693852680133,0.25
11,1,Raya,GK,ARS,6.0,39.0,a,,,1.0,90.0,0.398202525072857,0.0,0.0,0.0008893914473684211,0.09986191827479321,3.1874336858313925,2.4609193410349,0.531
11,2,Arrizabalaga,GK,ARS,4.9,0.1,a,,,0.0,0.0,0.398202525072857,0.0,0.0,0.0,0.0,0.35,0.8154753215150045,0.071
11,3,Meslier,GK,ARS,4.9,0.0,a,,,0.0,0.0,0.398202525072857,0.0,0.0,0.0,0.0,0.35,0.8154753215150045,0.071
11,4,Gabriel,DEF,ARS,8.0,24.4,a,,,1.0,90.0,0.398202525072857,0.33368359925891106,0.11439652186372516,0.04176251858355221,0.15420629542476133,4.385202761384011,3.0030425201471878,0.548
11,5,J.Timber,DEF,ARS,6.5,0.1,d,25.0,Groin injury - 25% chance of playing,0.0,0.0,0.398202525072857,0.1670630202140309,0.0,0.0,0.0,0.0875,0.43588989435406733,0.013
11,6,Saliba,DEF,ARS,5.9,0.2,i,0.0,Back injury - Unknown return date,0.0,0.0,0.398202525072857,0.18370986920332938,0.0,0.0,0.0,0.0,0.43588989435406733,0.0
11,7,Lewis-Skelly,MID,ARS,5.5,0.7,a,,,1.0,90.0,0.398202525072857,0.11565815553223738,0.03904923025694533,0.056863556399710344,0.0733897278371152,2.588383877567318,2.2698512614089004,0.471
11,8,Calafiori,DEF,ARS,5.8,48.4,a,,,1.0,80.0,0.398202525072857,0.10463733650416171,0.1328620392065705,0.08240284017530351,0.18431117752482715,4.226576588847665,2.971139134078037,0.729
11,9,Hincapie,DEF,ARS,5.3,1.1,a,,,0.0,9.0,0.398202525072857,0.34494649227110585,0.0022618375502210216,0.007247769566958388,0.0,0.3853143340022013,0.8635208508805728,0.073
11,10,White,DEF,ARS,5.5,7.6,a,100.0,,1.0,90.0,0.398202525072857,0.21741973840665874,0.04844959519108494,0.0888041343345994,0.14758943660220375,3.91010368581061,2.778469826034947,0.711
11,11,Mosquera,DEF,ARS,5.4,3.1,d,50.0,Muscular injury - 50% chance of playing,0.5,45.0,0.398202525072857,0.2546854651491988,0.008230368210651866,0.02203407841688792,0.06036787195374605,1.900338922600507,1.9131194845604584,0.352
11,12,Saka,MID,ARS,9.5,11.4,a,,,1.0,67.0,0.398202525072857,0.19671796665500757,0.3534454629473472,0.19833557801657176,0.299239697139576,4.95978112763827,3.3976840524387777,0.522
11,13,Rice,MID,ARS,7.4,13.3,a,,,1.0,67.0,0.398202525072857,0.33503847499125566,0.06417471759784278,0.14403395560283785,0.13770940483297883,3.443501976681645,2.6320528226618443,0.465
11,14,Eze,MID,ARS,6.4,1.2,a,,,0.0,14.0,0.398202525072857,0.06939489331934243,0.0436685553247451,0.022102920074464683,0.0,0.6346515368471195,1.2115482870930063,0.099
11,15,Ødegaard,MID,ARS,6.7,16.0,a,,,1.0,75.0,0.398202525072857,0.1284102833158447,0.17605155762640973,0.23712051866903594,0.21335252455137288,3.977593113058712,2.9349167382687384,0.594
11,16,Madueke,MID,ARS,6.3,0.2,a,,,0.0,22.0,0.398202525072857,0.09051507824262055,0.06683815631015784,0.03783550684333909,0.0,0.7976973020808065,1.3844326678515209,0.127
11,17,Merino,MID,ARS,5.9,0.4,a,,,0.0,14.0,0.398202525072857,0.10409233997901364,0.04459573157433962,0.014240674410254128,0.0,0.6157006811024603,1.1989185475005015,0.104
11,18,Martinelli,MID,ARS,6.3,0.1,u,0.0,Has joined Al Hilal permanently,0.0,0.0,0.398202525072857,0.12246157644589839,0.0,0.0,0.0,0.0,0.43588989435406733,0.0
11,19,Zubimendi,MID,ARS,5.4,0.7,a,,,0.0,22.0,0.398202525072857,0.20640560908136985,0.022870809068685976,0.018072077876487867,0.0,0.5185702789728934,1.0594849618850724,0.096
11,20,Dowman,MID,ARS,5.3,0.1,a,,,0.0,0.0,0.398202525072857,0.16014206150617483,0.0,0.0,0.0,0.35,0.8154753215150045,0.066
11,22,Nwaneri,MID,ARS,5.4,0.0,u,0.0,Has joined Borussia Dortmund on loan for the rest of the season,0.0,0.0,0.398202525072857,0.16014206150617483,0.0,0.0,0.0,0.0,0.43588989435406733,0.0
11,23,Fábio Vieira,MID,ARS,5.5,0.0,u,0.0,Has joined Hamburger SV permanently,0.0,0.0,0.398202525072857,0.17348723329835605,0.0,0.0,0.0,0.0,0.43588989435406733,0.0
11,24,Nelson,MID,ARS,5.5,0.0,u,0.0,has departed the club as a free agent.,0.0,0.0,0.398202525072857,0.17348723329835605,0.0,0.0,0.0,0.0,0.43588989435406733,0.0
11,25,Gyökeres,FWD,ARS,7.2,3.9,a,,,0.0,0.0,0.398202525072857,0.001168679392286716,0.0,0.0,0.0,0.35,0.8154753215150045,0.049
11,26,Havertz,FWD,ARS,7.5,7.8,a,,,1.0,90.0,0.398202525072857,0.002207505518763797,0.38671371508036695,0.0913966287224128,0.2071588728382586,3.6022654294814904,3.027306823976888,0.48
11,27,G.Jesus,FWD,ARS,5.9,0.2,u,0.0,Has joined FC Barcelona permanently,0.0,0.0,0.398202525072857,0.003056546102903719,0.0,0.0,0.0,0.0,0.43588989435406733,0.0
11,31,Konsa,DEF,ARS,4.4,14.7,a,,,0.0,0.0,0.398202525072857,0.1380085819159386,0.0,0.0,0.0,0.35,0.8154753215150045,0.08
11,452,Bruno G.,MID,ARS,6.8,1.8,a,100.0,,0.0,0.0,0.398202525072857,0.18158581537385315,0.0,0.0,0.0,0.35,0.8154753215150045,0.051
11,557,Tzolis,MID,ARS,6.4,16.7,a,,,1.0,75.0,0.398202525072857,0.16014206150617483,0.09640865455854025,0.10142227573014215,0.1229092432285323,3.14022705945005,2.5582969609305204,0.491
11,29,M.Bizot,GK,AVL,4.5,0.1,a,,,1.0,90.0,0.38314927737949506,0.0,0.0,0.00012871853546910755,0.09583237083228795,3.122404591584003,2.4356864995334693,0.694
11,30,Digne,DEF,AVL,4.5,0.1,u,0.0,Has joined Paris Saint-Germain permanently,0.0,0.0,0.38314927737949506,0.1402707989720379,0.0,0.0,0.0,0.0,0.43588989435406733,0.0
11,32,Cash,DEF,AVL,4.5,6.5,d,75.0,Muscular injury - 75% chance of playing,0.5,45.0,0.38314927737949506,0.09453032104637336,0.01777668435812637,0.029162183071051544,0.06432226327264914,1.8004045700089466,1.8781450394380506,0.4
11,33,Mings,DEF,AVL,4.5,0.4,a,,,0.0,16.0,0.38314927737949506,0.2826305680051221,0.013616899083690862,0.004558647226314737,0.0,0.4453773361810894,0.9632851775285526,0.099
11,34,Pau,DEF,AVL,4.5,0.4,a,,,1.0,73.0,0.38314927737949506,0.17252886348816693,0.029772805929759474,0.016159539446011707,0.11560744097962433,3.3951115157378857,2.574752165836654,0.754
11,35,Bogarde,MID,AVL,5.0,0.1,a,,,0.0,16.0,0.38314927737949506,0.09462939998092149,0.005380585409243374,0.007161804039947474,0.0,0.3983883391660593,0.8883813127655111,0.08
11,36,Maatsen,DEF,AVL,4.5,0.8,a,,,1.0,81.0,0.38314927737949506,0.17827982560443917,0.0536244967225351,0.13021112097792695,0.16727894845060898,3.9426296828552103,2.79512850827294,0.876
11,37,Lindelöf,DEF,AVL,4.5,0.3,a,,,1.0,90.0,0.38314927737949506,0.1455823812231815,0.015181529050265017,0.02670909960723574,0.11044903937499903,3.2844726059723914,2.516264518219246,0.73
11,38,A.García,DEF,AVL,4.0,1.7,a,,,0.0,0.0,0.38314927737949506,0.2790328973444312,0.0,0.0,0.0,0.35,0.8154753215150045,0.087
11,39,Nedeljkovic,DEF,AVL,4.0,0.2,u,0.0,Has joined Rangers on loan for the rest of the season,0.0,0.0,0.38314927737949506,0.2790328973444312,0.0,0.0,0.0,0.0,0.43588989435406733,0.0
11,41,Buendía,MID,AVL,5.9,1.0,a,,,1.0,85.0,0.38314927737949506,0.1814945285564383,0.2926869167277788,0.09878951975768119,0.18339148949432585,4.1996419001392455,3.120166840191601,0.712
11,44,Bailey,MID,AVL,5.4,0.1,u,0.0,Has joined Olympiakos permanently,0.0,0.0,0.38314927737949506,0.13878978663868485,0.0,0.0,0.0,0.0,0.43588989435406733,0.0
11,45,McGinn,MID,AVL,5.4,2.3,a,,,1.0,81.0,0.38314927737949506,0.08110123156790192,0.15108653595360777,0.09614225876855303,0.1344594590187898,3.250042516366563,2.6611275799589387,0.602
11,46,Barkley,MID,AVL,5.0,0.3,a,,,1.0,73.0,0.38314927737949506,0.15409233997901364,0.1432615956079615,0.07569568100649103,0.13279649230445983,3.2822187541142607,2.663791509571435,0.656
11,47,Kamara,MID,AVL,5.0,0.3,a,100.0,,1.0,90.0,0.38314927737949506,0.17523609653725078,0.034892204793464256,0.04833942927835574,0.06744599966308651,2.631857064283152,2.28251651711412,0.526
11,48,Onana,MID,AVL,5.0,0.0,i,0.0,Knee injury - Unknown return date,0.0,0.0,0.38314927737949506,0.2838077124868835,0.0,0.0,0.0,0.0,0.43588989435406733,0.0
11,49,Iling Jr,MID,AVL,5.0,0.0,u,0.0,Has joined Bolton Wanderers on loan for the rest of the season,0.0,0.0,0.38314927737949506,0.17348723329835605,0.0,0.0,0.0,0.0,0.43588989435406733,0.0
11,50,Burrowes,MID,AVL,4.5,0.7,a,,,0.0,0.0,0.38314927737949506,0.17348723329835605,0.0,0.0,0.0,0.35,0.8154753215150045,0.078
11,51,George Hemmings,MID,AVL,4.5,1.2,a,,,1.0,90.0,0.38314927737949506,0.16014206150617483,0.10212850808675339,0.09628816855404522,0.10776076456222901,3.1244265390186285,2.559136860868507,0.694
11,52,Alysson,MID,AVL,5.0,0.0,a,,,0.0,8.0,0.38314927737949506,0.17348723329835605,0.010477281163324652,0.009444770080395924,0.0,0.430720716057811,0.9387401384247873,0.086
11,53,Manzambi,MID,AVL,5.9,0.1,i,0.0,Knee injury - Expected back 12 Sep,0.0,0.0,0.38314927737949506,0.17348723329835605,0.0,0.0,0.0,0.0,0.43588989435406733,0.0
11,54,Gomes,MID,AVL,5.5,0.0,s,0.0,Suspended until 19 Sep,0.0,0.0,0.38314927737949506,0.3972522511530296,0.0,0.0,0.0,0.0,0.43588989435406733,0.0
11,55,Watkins,FWD,AVL,7.8,3.2,u,0.0,Has joined Al Hilal permanently,0.0,0.0,0.38314927737949506,0.0009030704394942806,0.0,0.0,0.0,0.0,0.43588989435406733,0.0
11,56,Abraham,FWD,AVL,5.5,0.2,a,100.0,,0.0,0.0,0.38314927737949506,0.003056546102903719,0.0,0.0,0.0,0.35,0.8154753215150045,0.064
11,160,Garnacho,MID,AVL,5.9,0.4,a,,,0.0,4.0,0.38314927737949506,0.09462939998092149,0.011364545188524587,0.006939398674983371,0.0,0.42764092196757303,0.938458855182014,0.072
11,166,N.Jackson,FWD,AVL,6.5,1.2,a,,,0.0,0.0,0.38314927737949506,0.0033112582781456954,0.0,0.0,0.0,0.35,0.8154753215150045,0.054
11,582,Madjo,FWD,AVL,5.5,0.3,i,0.0,Unspecified injury - Unknown return date,0.0,0.0,0.38314927737949506,0.0033112582781456954,0.0,0.0,0.0,0.0,0.43588989435406733,0.0
11,596,Ruggeri,DEF,AVL,4.5,0.1,a,,,0.0,8.0,0.38314927737949506,0.2790328973444312,0.0038617150504945347,0.003518953808198774,0.0,0.3837271517275635,0.8673245520480426,0.085
11,597,Suzuki,GK,AVL,5.0,1.7,a,,,0.0,0.0,0.38314927737949506,0.0,0.0,0.0,0.0,0.35,0.8154753215150045,0.07
11,606,Rowe,DEF,AVL,4.0,0.2,a,,,0.0,0.0,0.38314927737949506,0.2790328973444312,0.0,0.0,0.0,0.35,0.8154753215150045,0.087
11,607,Lynch,MID,AVL,4.5,0.1,u,0.0,Has joined Oxford United on loan until January,0.0,0.0,0.38314927737949506,0.17348723329835605,0.0,0.0,0.0,0.0,0.43588989435406733,0.0
11,611,Wan-Bissaka,DEF,AVL,4.5,0.2,a,,,0.25,20.0,0.38314927737949506,0.32423985051809073,0.004843134076403607,0.01362883868746987,0.03122016911199362,1.1965496988770072,1.5174001556361905,0.266
11,618,Goretzka,MID,AVL,6.0,0.0,i,0.0,Knee injury - Expected back 10 Oct,0.0,0.0,0.38314927737949506,0.17348723329835605,0.0,0.0,0.0,0.0,0.43588989435406733,0.0
11,630,Harwood-Bellis,DEF,AVL,4.5,0.0,a,,,0.25,20.0,0.38314927737949506,0.2790328973444312,0.012235297934462291,0.0053627804326828,0.03087607319328182,1.1949652128824026,1.5309623418240368,0.266
11,631,Mbaye,MID,AVL,6.0,0.1,a,,,0.25,20.0,0.38314927737949506,0.17348723329835605,0.028122817044516416,0.025132385761208857,0.030547968039241702,1.0694876716599782,1.4834970436172283,0.178
11,57,Petrović,GK,BOU,4.5,3.3,a,,,1.0,90.0,0.3150886179589795,0.0,0.0,2.6774785801713583e-05,0.07878152566477548,2.8349304367280825,2.320854978188718,0.63
11,58,Forster,GK,BOU,4.0,3.5,a,,,0.0,0.0,0.3150886179589795,0.0,0.0,0.0,0.0,0.35,0.8154753215150045,0.087
11,59,Dennis,GK,BOU,4.0,0.1,u,0.0,Has joined MK Dons permanently,0.0,0.0,0.3150886179589795,0.0,0.0,0.0,0.0,0.0,0.43588989435406733,0.0
11,60,Hill,DEF,BOU,5.5,0.8,a,,,1.0,90.0,0.3150886179589795,0.481899854670366,0.029510467822338255,0.10882200029392353,0.1271885183304365,3.922863522933303,2.762336601594256,0.713
11,61,Truffert,DEF,BOU,5.5,3.5,a,,,1.0,90.0,0.3150886179589795,0.30094891702221915,0.02588658597907604,0.06578184192275366,0.11085610425538528,3.4227176174125784,2.5804036484547055,0.622
11,62,Diakité,DEF,BOU,5.0,0.2,a,,,0.0,0.0,0.3150886179589795,0.293935790725327,0.0,0.0,0.0,0.35,0.8154753215150045,0.07
11,63,Milosavljević,DEF,BOU,5.0,0.0,i,0.0,Unspecified injury - Unknown return date,0.0,0.0,0.3150886179589795,0.3967746730083234,0.0,0.0,0.0,0.0,0.43588989435406733,0.0
11,64,Smith,DEF,BOU,4.5,0.1,a,,,1.0,90.0,0.3150886179589795,0.1395164486722156,0.017688597982599898,0.02844994881965294,0.09492064587053337,2.94856280997556,2.389226009997623,0.655
11,65,J.Araujo,DEF,BOU,4.4,0.0,i,0.0,Thigh injury - Unknown return date,0.0,0.0,0.3150886179589795,0.2790328973444312,0.0,0.0,0.0,0.0,0.43588989435406733,0.0
11,66,Soler,DEF,BOU,4.0,0.3,a,100.0,,0.0,0.0,0.3150886179589795,0.2790328973444312,0.0,0.0,0.0,0.35,0.8154753215150045,0.087
11,67,Rayan,MID,BOU,6.4,2.0,a,,,1.0,88.0,0.3150886179589795,0.08007103075308741,0.17748287846081842,0.10136840443525215,0.13132494601437775,3.3300567767321683,2.7188242213420177,0.52
11,68,Tavernier,MID,BOU,6.0,3.4,a,,,1.0,90.0,0.3150886179589795,0.11549651817227892,0.33676817043705126,0.16437117517593236,0.2069076327604422,4.456257132432751,3.238440608417041,0.743
11,69,Scott,MID,BOU,6.1,5.1,a,,,1.0,90.0,0.3150886179589795,0.3713444956430494,0.11347059627410953,0.10020788013838129,0.10629632854026974,3.517428350831433,2.7136575768184863,0.577
11,70,Kluivert,MID,BOU,6.0,1.0,a,,,1.0,74.0,0.3150886179589795,0.09462939998092149,0.2568275288605707,0.08951884561698244,0.17894008876945097,3.7656338944104086,2.9488420731777416,0.628
11,71,Cook,MID,BOU,5.0,0.2,a,,,1.0,75.0,0.3150886179589795,0.4324688952181082,0.0236655264840566,0.07125730729768172,0.07137645198422804,3.0591003020211365,2.440140105146526,0.612
11,72,Gannon-Doak,MID,BOU,4.9,0.1,a,,,0.0,1.0,0.3150886179589795,0.17348723329835605,0.0016272302670359445,0.0012503300386490991,0.0,0.361887141451127,0.8350742184736378,0.074
11,73,Adams,MID,BOU,5.0,0.3,a,100.0,,0.0,15.0,0.3150886179589795,0.2838077124868835,0.008160564502883268,0.006360305349020772,0.0,0.40988373856147864,0.9098035448843387,0.082
11,74,Brooks,MID,BOU,5.0,0.1,a,100.0,,0.0,0.0,0.3150886179589795,0.08674361664917803,0.0,0.0,0.0,0.35,0.8154753215150045,0.07
11,75,Christie,MID,BOU,5.0,0.0,a,100.0,,0.0,0.0,0.3150886179589795,0.16220246313580383,0.0,0.0,0.0,0.35,0.8154753215150045,0.07
11,76,Tóth.A,MID,BOU,5.0,0.0,a,,,0.0,15.0,0.3150886179589795,0.17348723329835605,0.018727794712220313,0.02257830858889092,0.0,0.5113738993277743,1.0411422462834237,0.102
11,77,Adli,MID,BOU,4.9,0.0,i,0.0,Unspecified injury - Unknown return date,0.0,0.0,0.3150886179589795,0.15409233997901364,0.0,0.0,0.0,0.0,0.43588989435406733,0.0
11,78,Kroupi.Jr,MID,BOU,7.4,0.2,i,0.0,Foot injury - Expected back 7 Nov,0.0,0.0,0.3150886179589795,0.06505771248688352,0.0,0.0,0.0,0.0,0.43588989435406733,0.0
11,79,Evanilson,FWD,BOU,6.0,3.2,a,,,1.0,74.0,0.3150886179589795,0.0009240720776220546,0.30530997614235433,0.05662170569317831,0.185574375009672,3.148379689281449,2.795314162395504,0.525
11,80,Enes Ünal,FWD,BOU,5.5,0.0,u,0.0,Has joined Getafe permanently,0.0,0.0,0.3150886179589795,0.0033112582781456954,0.0,0.0,0.0,0.0,0.43588989435406733,0.0
11,81,Rodríguez,FWD,BOU,6.0,0.1,a,100.0,,0.0,0.0,0.3150886179589795,0.0033112582781456954,0.0,0.0,0.0,0.35,0.8154753215150045,0.058
11,566,Silva,DEF,BOU,5.0,0.4,a,,,1.0,90.0,0.3150886179589795,0.33449190524101347,0.05820855806200685,0.03070420195622441,0.10989162049612582,3.5721711445738973,2.6713997310515785,0.714
11,573,Sanchez,DEF,BOU,4.5,0.2,a,,,0.0,0.0,0.3150886179589795,0.2790328973444312,0.0,0.0,0.0,0.35,0.8154753215150045,0.078
11,608,Jebbison,FWD,BOU,5.0,0.1,a,,,0.0,15.0,0.3150886179589795,0.0033112582781456954,0.08658310849486497,0.01077086285647397,0.0,0.7286450225488817,1.379827595684354,0.146
11,615,Di Gregorio,GK,BOU,4.5,0.0,a,,,0.25,20.0,0.3150886179589795,0.0,0.0,7.309941520467835e-05,0.019721821517173062,0.9714582664392625,1.358591441984896,0.216
11,82,Kelleher,GK,BRE,5.0,6.7,a,,,1.0,90.0,0.33301426268803475,0.0,0.0,0.0029836791497975714,0.08429785337443783,2.9212644295046775,2.3559292043817632,0.584
11,83,Valdimarsson,GK,BRE,4.5,0.1,a,,,0.0,0.0,0.33301426268803475,0.0,0.0,0.0,0.0,0.35,0.8154753215150045,0.078
11,84,Collins,DEF,BRE,5.5,1.6,d,25.0,Calf injury - 25% chance of playing,0.25,22.5,0.33301426268803475,0.4299643281807372,0.025136074229960566,0.01003653016358719,0.03312380295574389,1.1010066294471494,1.4975743859085422,0.2
11,85,Van den Berg,DEF,BRE,4.9,0.1,i,0.0,Groin injury - Unknown return date,0.0,0.0,0.33301426268803475,0.3654379706698375,0.0,0.0,0.0,0.0,0.43588989435406733,0.0
11,86,Lewis-Potter,MID,BRE,5.5,2.1,a,,,1.0,90.0,0.33301426268803475,0.061230788222949195,0.17979751402683616,0.17008272636387387,0.15575951040555197,3.5540330316345723,2.798472412632775,0.646
11,87,Ajer,DEF,BRE,4.5,4.7,a,,,1.0,90.0,0.33301426268803475,0.41713733650416174,0.04416481863554855,0.027050133102033885,0.10817879878016254,3.7160436076981793,2.7065608743273875,0.826
11,88,Kayode,DEF,BRE,4.6,8.9,a,,,1.0,75.0,0.33301426268803475,0.1269678953626635,0.06910707402518976,0.06895183959039058,0.14123830939055243,3.4905499984111295,2.654559745255752,0.759
11,89,Henry,DEF,BRE,4.5,0.2,a,,,0.0,0.0,0.33301426268803475,0.133935790725327,0.0,0.0,0.0,0.35,0.8154753215150045,0.078
11,90,Hickey,DEF,BRE,4.5,0.1,a,,,0.0,14.0,0.33301426268803475,0.22886288253332498,0.007663259542763878,0.004569029830522483,0.0,0.4096866467481507,0.9079560485387328,0.091
11,92,Ji-soo,DEF,BRE,4.5,0.0,a,,,0.0,0.0,0.33301426268803475,0.2790328973444312,0.0,0.0,0.0,0.35,0.8154753215150045,0.078
11,93,Schuster,DEF,BRE,4.5,0.1,a,,,0.0,0.0,0.33301426268803475,0.2790328973444312,0.0,0.0,0.0,0.35,0.8154753215150045,0.078
11,94,Schade,MID,BRE,6.0,3.8,a,,,1.0,90.0,0.33301426268803475,0.04841504185070402,0.32180966615080414,0.07123877633249347,0.17086838113795763,3.959089839567745,3.0745940694803178,0.66
11,95,O.Dango,MID,BRE,6.4,0.7,a,,,1.0,66.0,0.33301426268803475,0.11032018377243981,0.2052544963190038,0.12098094477881384,0.18900470497458008,3.6575822807203218,2.8602330868799193,0.571
11,96,Damsgaard,MID,BRE,5.5,0.5,a,,,0.0,14.0,0.33301426268803475,0.23770137645824332,0.01355216380625578,0.034353218025399375,0.0,0.520820473107477,1.0348293974089358,0.095
11,97,Jensen,MID,BRE,5.5,0.1,i,0.0,Unspecified injury - Expected back 18 Sep,0.0,0.0,0.33301426268803475,0.1559447897328275,0.0,0.0,0.0,0.0,0.43588989435406733,0.0
11,98,Janelt,MID,BRE,5.0,1.9,a,,,1.0,90.0,0.33301426268803475,0.3600659571278669,0.08577970814041161,0.11246194844413872,0.10268600607339609,3.4078648748961373,2.6437892334951987,0.682
11,99,Milambo,MID,BRE,5.0,0.0,i,0.0,Knee injury - Unknown return date,0.0,0.0,0.33301426268803475,0.17348723329835605,0.0,0.0,0.0,0.0,0.43588989435406733,0.0
11,100,Carvalho,MID,BRE,5.0,0.0,a,100.0,,0.0,0.0,0.33301426268803475,0.16014206150617483,0.0,0.0,0.0,0.35,0.8154753215150045,0.07
11,102,Yarmoliuk,MID,BRE,4.9,0.8,a,,,0.0,23.0,0.33301426268803475,0.3190694341361042,0.013064889550992288,0.013847995529209092,0.0,0.45686843434258867,0.9728511512851656,0.093
11,103,Dasilva,MID,BRE,5.0,0.0,i,0.0,Hamstring injury - Expected back 10 Oct,0.0,0.0,0.33301426268803475,0.17348723329835605,0.0,0.0,0.0,0.0,0.43588989435406733,0.0
11,105,Anthony,MID,BRE,6.0,0.1,a,,,0.0,23.0,0.33301426268803475,0.07337730475191126,0.04049959589973347,0.03218049542228089,0.0,0.64903946576551,1.2149784197066504,0.108
11,106,Thiago,FWD,BRE,7.9,11.5,a,,,1.0,82.0,0.33301426268803475,0.020794701986754968,0.6417426026243281,0.04009617010616282,0.2952272962811262,4.590748468752556,3.5458253914111206,0.581
11,107,Furo,FWD,BRE,4.5,1.1,a,,,0.0,0.0,0.33301426268803475,0.0033112582781456954,0.0,0.0,0.0,0.35,0.8154753215150045,0.078
11,108,Wilson,FWD,BRE,5.5,0.4,a,,,0.0,7.0,0.33301426268803475,0.001986754966887417,0.034742909960232736,0.0034129268825874412,0.0,0.4992104204886933,1.0756194767155873,0.091
11,565,M.Sangaré,MID,BRE,5.7,13.5,a,,,1.0,75.0,0.33301426268803475,0.23706513842925175,0.1158530990029847,0.10336672017458658,0.1253737503233834,3.327312382244882,2.648964348624417,0.584
11,620,Diouf,DEF,BRE,4.5,0.1,a,,,0.25,20.0,0.33301426268803475,0.17496178019364703,0.005024830620224826,0.017160248142143057,0.029548766180684527,1.077709112875282,1.4414563115767278,0.239
11,109,Verbruggen,GK,BHA,4.5,22.2,a,,,1.0,90.0,0.3564906593237695,0.0,0.0,0.021634826782145237,0.0966948542046932,3.08293838418785,2.420244394675239,0.685
11,111,Steele,GK,BHA,4.0,4.3,a,,,0.0,0.0,0.3564906593237695,0.0,0.0,0.0,0.0,0.35,0.8154753215150045,0.087
11,113,F.Kadıoğlu,DEF,BHA,4.4,1.8,a,100.0,,0.0,0.0,0.3564906593237695,0.11379563336453563,0.0,0.0,0.0,0.35,0.8154753215150045,0.08
11,114,Boscagli,DEF,BHA,4.5,0.3,a,,,1.0,90.0,0.3564906593237695,0.2546854651491988,0.01976609377734434,0.08168846347502082,0.12463175986927018,3.5651106358984963,2.6253203177652833,0.792
11,115,De Cuyper,DEF,BHA,4.8,20.8,a,,,1.0,77.0,0.3564906593237695,0.133935790725327,0.1864467508424465,0.16434797038048765,0.23262959624032453,4.698991534436641,3.1696631399068727,0.979
11,116,Dunk,DEF,BHA,4.5,1.3,a,,,1.0,90.0,0.3564906593237695,0.2579180629121176,0.033599823235451395,0.026865665216151448,0.11028558578900337,3.475246423674034,2.608556525052385,0.772
11,117,Coppola,DEF,BHA,4.5,0.0,a,,,0.0,0.0,0.3564906593237695,0.31059962629522675,0.0,0.0,0.0,0.35,0.8154753215150045,0.078
11,118,Igor,DEF,BHA,4.5,0.1,u,0.0,Has joined Burnley permanently,0.0,0.0,0.3564906593237695,0.33449190524101347,0.0,0.0,0.0,0.0,0.43588989435406733,0.0
11,119,Costinha,DEF,BHA,4.5,0.0,a,,,0.0,26.0,0.3564906593237695,0.2790328973444312,0.015582433477770297,0.015445916785437091,0.0,0.489832351222933,1.012015843843462,0.109
11,120,Svoboda,DEF,BHA,5.0,0.1,a,,,0.0,0.0,0.3564906593237695,0.2790328973444312,0.0,0.0,0.0,0.35,0.8154753215150045,0.07
11,121,Mitoma,MID,BHA,5.9,0.0,i,0.0,Hamstring injury - Expected back 10 Oct,0.0,0.0,0.3564906593237695,0.07178782067518182,0.0,0.0,0.0,0.0,0.43588989435406733,0.0
11,122,Minteh,MID,BHA,5.9,0.0,i,0.0,Leg injury - Expected back 28 Nov,0.0,0.0,0.3564906593237695,0.08329315674541278,0.0,0.0,0.0,0.0,0.43588989435406733,0.0
11,123,Hinshelwood,MID,BHA,6.0,1.0,d,50.0,Unspecified injury - 50% chance of playing,0.5,31.5,0.3564906593237695,0.09338929695697797,0.1097474604520944,0.03279922308563448,0.08909787473505291,1.8586367027417825,2.0469231783147,0.31
11,124,Groß,MID,BHA,5.6,16.3,a,,,1.0,90.0,0.3564906593237695,0.13167247740581525,0.2450901693003845,0.20691327991714076,0.19385027315851078,4.180289724416424,3.068076187481907,0.746
11,125,Georginio,FWD,BHA,5.5,0.6,d,75.0,Unspecified injury - 75% chance of playing,0.5,45.0,0.3564906593237695,0.03353984191412091,0.10448277207139907,0.07272408232778517,0.07984693200590295,1.619306921835846,1.9244687017243232,0.294
11,126,O'Riley,MID,BHA,5.5,0.1,a,,,0.0,0.0,0.3564906593237695,0.14870334282716233,0.0,0.0,0.0,0.35,0.8154753215150045,0.064
11,127,Gomez,MID,BHA,5.0,4.8,a,,,1.0,85.0,0.3564906593237695,0.14116241109945202,0.21126102768020513,0.1339603285860664,0.1635840391369364,3.779480406297021,2.9066439303852767,0.756
11,128,Buonanotte,MID,BHA,5.0,0.0,u,0.0,Has joined Elche on loan for the rest of the season,0.0,0.0,0.3564906593237695,0.17348723329835605,0.0,0.0,0.0,0.0,0.43588989435406733,0.0
11,129,Ayari,MID,BHA,5.4,0.4,a,100.0,,1.0,63.0,0.3564906593237695,0.21460141816909917,0.08961475105643327,0.057128255984686134,0.10902056945293667,3.0213171086981716,2.505631859005853,0.56
11,130,Wieffer,DEF,BHA,5.0,0.3,i,0.0,Knee injury - Unknown return date,0.0,0.0,0.3564906593237695,0.4954059020646417,0.0,0.0,0.0,0.0,0.43588989435406733,0.0
11,132,Howell,MID,BHA,4.5,0.0,u,0.0,Has joined Leicester City on loan for the rest of the season,0.0,0.0,0.3564906593237695,0.16014206150617483,0.0,0.0,0.0,0.0,0.43588989435406733,0.0
11,133,Watson,MID,BHA,5.0,0.0,u,0.0,Has joined Leicester City on loan for the rest of the season,0.0,0.0,0.3564906593237695,0.17348723329835605,0.0,0.0,0.0,0.0,0.43588989435406733,0.0
11,134,Oriola,MID,BHA,4.5,0.3,a,,,0.0,0.0,0.3564906593237695,0.17348723329835605,0.0,0.0,0.0,0.35,0.8154753215150045,0.078
11,135,Yohanna,MID,BHA,4.9,0.1,i,0.0,Unspecified injury - Expected back 10 Oct,0.0,0.0,0.3564906593237695,0.17348723329835605,0.0,0.0,0.0,0.0,0.43588989435406733,0.0
11,137,Tzimas,FWD,BHA,5.5,0.0,i,0.0,Knee injury - Unknown return date,0.0,0.0,0.3564906593237695,0.0033112582781456954,0.0,0.0,0.0,0.0,0.43588989435406733,0.0
11,138,Kostoulas,FWD,BHA,5.5,0.5,a,,,0.0,26.0,0.3564906593237695,0.002838221381267739,0.13108066169655977,0.022247444038498085,0.0,0.9410649789017334,1.6045271671407286,0.171
11,139,Ferguson,FWD,BHA,5.0,0.0,i,0.0,Ankle injury - Expected back 10 Oct,0.0,0.0,0.3564906593237695,0.0033112582781456954,0.0,0.0,0.0,0.0,0.43588989435406733,0.0
11,328,Struijk,DEF,BHA,5.0,0.2,a,100.0,,0.0,0.0,0.3564906593237695,0.37155442654848125,0.0,0.0,0.0,0.35,0.8154753215150045,0.07
11,504,Vuskovic,DEF,BHA,5.0,3.1,a,,,1.0,90.0,0.3564906593237695,0.25756882831793654,0.06720855806200685,0.03370420195622441,0.1244421308373233,3.710928396248612,2.7302042599857623,0.742
11,594,David,FWD,BHA,6.0,0.2,a,,,0.0,0.0,0.3564906593237695,0.0033112582781456954,0.0,0.0,0.0,0.35,0.8154753215150045,0.058
11,600,Osman,MID,BHA,5.0,0.0,a,,,0.0,12.0,0.3564906593237695,0.17348723329835605,0.016348730975212212,0.0153984417373309,0.0,0.47793898008805374,1.0030834701153117,0.096
11,605,Yalcouyé,MID,BHA,4.5,3.0,a,,,0.0,4.0,0.3564906593237695,0.17348723329835605,0.007879659852905552,0.005248354293004811,0.0,0.4051433621435422,0.9039083732271559,0.09
11,614,Hadjam,DEF,BHA,4.5,0.0,a,,,0.25,20.0,0.3564906593237695,0.2790328973444312,0.009907478749843447,0.008794984748007748,0.0296447612100145,1.1583786374979301,1.5034507919267355,0.257
11,624,Cozier-Duberry,MID,BHA,5.0,0.0,u,0.0,Has joined Middlesbrough on loan for the rest of the season,0.0,0.0,0.3564906593237695,0.17348723329835605,0.0,0.0,0.0,0.0,0.43588989435406733,0.0
11,639,Andrés,MID,BHA,5.5,0.0,a,,,0.25,20.0,0.3564906593237695,0.17348723329835605,0.028122817044516416,0.025132385761208857,0.029881502587848566,1.062689724055768,1.4791373763018287,0.193
11,652,Azeez,MID,BHA,5.5,0.0,d,50.0,Hamstring injury - 50% chance of playing,0.125,10.0,0.3564906593237695,0.17348723329835605,0.014061408522258208,0.012566192880604428,0.014940751293924283,0.553219862027884,1.0655919430000063,0.101
11,28,Martinez,GK,CHE,5.0,5.0,a,,,0.0,0.0,0.3091933370809392,0.0,0.0,0.0,0.0,0.35,0.8154753215150045,0.07
11,40,Rogers,MID,CHE,7.6,31.0,a,,,1.0,81.0,0.3091933370809392,0.061636935991605454,0.22341603608520655,0.18840430258437196,0.1910716876351522,3.8412346081533193,2.9391907001762485,0.505
11,101,Henderson,MID,CHE,4.9,0.0,d,75.0,Wrist injury - 75% chance of playing,0.0,0.0,0.3091933370809392,0.16393054192194428,0.0,0.0,0.0,0.175,0.5766281297335397,0.036
11,136,Welbeck,FWD,CHE,5.9,0.8,a,100.0,,0.0,0.0,0.3091933370809392,0.0010739216037229282,0.0,0.0,0.0,0.35,0.8154753215150045,0.059
11,140,Sánchez,GK,CHE,4.9,1.0,u,0.0,Has joined Como on loan for the rest of the season,0.0,0.0,0.3091933370809392,0.0,0.0,0.0,0.0,0.0,0.43588989435406733,0.0
11,141,Jörgensen,GK,CHE,5.0,0.0,u,0.0,Has joined RC Strasbourg on loan for the rest of the season,0.0,0.0,0.3091933370809392,0.0,0.0,0.0,0.0,0.0,0.43588989435406733,0.0
11,142,James,DEF,CHE,5.4,7.8,a,,,1.0,90.0,0.3091933370809392,0.1671373365041617,0.052471056530333016,0.11932070136733477,0.13742544953441854,3.4936626804811888,2.636813499680297,0.647
11,143,Chalobah,DEF,CHE,5.5,0.1,u,0.0,Has joined Como permanently,0.0,0.0,0.3091933370809392,0.41305701828888514,0.0,0.0,0.0,0.0,0.43588989435406733,0.0
11,144,Gusto,DEF,CHE,5.0,1.1,a,,,1.0,75.0,0.3091933370809392,0.09301096578147708,0.04515267505855502,0.06906215772448819,0.12526856403911296,3.1504273530969353,2.501345242311726,0.63
11,145,Fofana,DEF,CHE,5.0,0.1,a,100.0,,0.0,0.0,0.3091933370809392,0.34494649227110585,0.0,0.0,0.0,0.35,0.8154753215150045,0.07
11,146,B.Badiashile,DEF,CHE,4.5,0.0,u,0.0,Has joined Napoli on loan for the rest of the season,0.0,0.0,0.3091933370809392,0.28989298454221163,0.0,0.0,0.0,0.0,0.43588989435406733,0.0
11,148,Hato,DEF,CHE,4.5,0.9,a,,,1.0,64.0,0.3091933370809392,0.18906064209274673,0.016076967049608506,0.033253065644483444,0.10157795973685818,3.0215866289137234,2.4160870011722935,0.671
11,149,Colwill,DEF,CHE,4.9,1.1,a,,,1.0,90.0,0.3091933370809392,0.35655965120887834,0.04319063014151691,0.0350289832391503,0.10467519895346833,3.5008917762394667,2.6288473055132147,0.714
11,150,M.Sarr,DEF,CHE,4.5,0.0,u,0.0,Has joined Real Sociedad on loan for the rest of the season,0.0,0.0,0.3091933370809392,0.25756882831793654,0.0,0.0,0.0,0.0,0.43588989435406733,0.0
11,151,Acheampong,DEF,CHE,4.5,0.4,a,,,1.0,90.0,0.3091933370809392,0.21741973840665874,0.058189565001277754,0.020742109971304188,0.10492442051063848,3.292256547595579,2.569907552897432,0.732
11,152,Palestra,DEF,CHE,5.4,1.0,d,75.0,Unspecified injury - 75% chance of playing,0.0,0.0,0.3091933370809392,0.2790328973444312,0.0,0.0,0.0,0.175,0.5766281297335397,0.032
11,154,Palmer,MID,CHE,9.7,24.6,a,100.0,,1.0,82.0,0.3091933370809392,0.1200543176347139,0.47711291389658556,0.1625374373712193,0.2766386759634092,5.225173372122333,3.5763818155241682,0.539
11,156,Neto,MID,CHE,6.5,1.4,a,,,0.0,14.0,0.3091933370809392,0.049567780942387445,0.02596621693564043,0.03223838088707683,0.0,0.5765462273394326,1.1185862208872253,0.089
11,157,Estêvão,MID,CHE,6.4,0.8,a,,,0.0,7.0,0.3091933370809392,0.10957088418843541,0.019201378650688373,0.01443108531120861,0.0,0.48930014918706766,1.022193012771834,0.076
11,158,Gittens,MID,CHE,5.9,0.0,a,,,0.0,0.0,0.3091933370809392,0.14870334282716233,0.0,0.0,0.0,0.35,0.8154753215150045,0.059
11,159,Caicedo,MID,CHE,5.4,1.6,d,75.0,Calf injury - 75% chance of playing,0.0,0.0,0.3091933370809392,0.3507406232460529,0.0,0.0,0.0,0.175,0.5766281297335397,0.032
11,161,Lavia,MID,CHE,5.0,0.2,a,,,1.0,64.0,0.3091933370809392,0.14870334282716233,0.08818578667925853,0.049725895429985595,0.0987977397462375,2.8169763803489296,2.425153570959686,0.563
11,163,D.Essugo,MID,CHE,4.5,0.1,u,0.0,Has joined RC Strasbourg on loan for the rest of the season,0.0,0.0,0.3091933370809392,0.17348723329835605,0.0,0.0,0.0,0.0,0.43588989435406733,0.0
11,164,Quenda,MID,CHE,5.4,0.0,a,100.0,,0.0,8.0,0.3091933370809392,0.17348723329835605,0.011149134579426068,0.009963594710665912,0.0,0.43563645702912807,0.9458351208492417,0.081
11,165,João Pedro,FWD,CHE,7.7,72.9,a,,,1.0,90.0,0.3091933370809392,0.0009240720776220546,0.5133372444816295,0.08163658577556883,0.23916017429811337,4.1091192021741625,3.299598452997074,0.534
11,168,Marc Guiu,FWD,CHE,5.0,0.3,u,0.0,Has joined RB Leipzig permanently,0.0,0.0,0.3091933370809392,0.003056546102903719,0.0,0.0,0.0,0.0,0.43588989435406733,0.0
11,169,Mheuka,FWD,CHE,4.5,0.4,a,,,0.0,0.0,0.3091933370809392,0.0033112582781456954,0.0,0.0,0.0,0.35,0.8154753215150045,0.078
11,170,Emegha,FWD,CHE,5.0,0.1,d,75.0,Hamstring injury - 75% chance of playing,0.0,0.0,0.3091933370809392,0.0033112582781456954,0.0,0.0,0.0,0.175,0.5766281297335397,0.035
11,200,Lacroix,DEF,CHE,6.0,8.1,a,,,1.0,90.0,0.3091933370809392,0.5180509525134718,0.06147148566048761,0.04030339661408826,0.11291954306633636,3.9317884879914256,2.7998619682310473,0.655
11,560,Penders,GK,CHE,4.5,0.1,a,,,0.0,0.0,0.3091933370809392,0.0,0.0,0.0,0.0,0.35,0.8154753215150045,0.078
11,561,Anselmino,DEF,CHE,4.5,0.0,a,100.0,,0.0,0.0,0.3091933370809392,0.2790328973444312,0.0,0.0,0.0,0.35,0.8154753215150045,0.078
11,568,Barco,MID,CHE,5.5,0.1,a,,,0.0,0.0,0.3091933370809392,0.17348723329835605,0.0,0.0,0.0,0.35,0.8154753215150045,0.064
11,583,Chavarria,DEF,CHE,4.9,0.2,a,,,0.0,25.0,0.3091933370809392,0.2790328973444312,0.011379840175167405,0.010552634487565073,0.0,0.44993694451369964,0.9608117586848288,0.092
11,91,Pinnock,DEF,COV,4.5,0.1,a,,,0.0,0.0,0.3263589205281419,0.3342746730083234,0.0,0.0,0.0,0.35,0.8154753215150045,0.078
11,104,Onyeka,MID,COV,4.9,0.1,a,,,1.0,90.0,0.3263589205281419,0.16014206150617483,0.08436845113354925,0.12775271283918213,0.10687829944327018,3.0768902936858153,2.5203774052320704,0.628
11,110,Rushworth,GK,COV,4.5,0.9,a,,,1.0,90.0,0.3263589205281419,0.0,0.0,0.0002302631578947368,0.08167032223729864,2.883737365526435,2.340747956209772,0.641
11,171,Dovin,GK,COV,4.0,1.2,u,0.0,Has joined Leyton Orient on loan for the rest of the season,0.0,0.0,0.3263589205281419,0.0,0.0,0.0,0.0,0.0,0.43588989435406733,0.0
11,172,Wilson,GK,COV,4.5,0.4,a,,,0.0,0.0,0.3263589205281419,0.0,0.0,0.0,0.0,0.35,0.8154753215150045,0.078
11,173,Thomas,DEF,COV,4.0,8.9,a,,,1.0,90.0,0.3263589205281419,0.33449190524101347,0.05469698862519113,0.04826476485373381,0.1176263438496592,3.6674932994343608,2.7011884792950736,0.917
11,174,Kitching,DEF,COV,4.0,0.4,u,0.0,Has joined Sheffield United on loan for the rest of the season,0.0,0.0,0.3263589205281419,0.2790328973444312,0.0,0.0,0.0,0.0,0.43588989435406733,0.0
11,175,van Ewijk,DEF,COV,4.0,10.9,a,,,1.0,90.0,0.3263589205281419,0.25756882831793654,0.031208558062006855,0.05470420195622441,0.11165919613841642,3.398375418113023,2.5776277160960976,0.85
11,176,Dasilva,DEF,COV,4.0,0.7,a,,,1.0,90.0,0.3263589205281419,0.25756882831793654,0.049105782424502156,0.042634718165331306,0.11369890533847718,3.4715900221153757,2.6250058545775143,0.868
11,177,Kesler-Hayden,DEF,COV,4.0,0.0,i,0.0,Hamstring injury - Unknown return date,0.0,0.0,0.3263589205281419,0.2790328973444312,0.0,0.0,0.0,0.0,0.43588989435406733,0.0
11,178,Bidwell,DEF,COV,4.0,0.1,a,,,0.0,0.0,0.3263589205281419,0.2790328973444312,0.0,0.0,0.0,0.35,0.8154753215150045,0.087
11,179,Latibeaudiere,DEF,COV,4.0,0.0,a,,,0.0,0.0,0.3263589205281419,0.2790328973444312,0.0,0.0,0.0,0.35,0.8154753215150045,0.087
11,180,Woolfenden,DEF,COV,4.0,0.1,i,0.0,Knee injury - Unknown return date,0.0,0.0,0.3263589205281419,0.2790328973444312,0.0,0.0,0.0,0.0,0.43588989435406733,0.0
11,181,Brau,DEF,COV,4.0,0.0,u,0.0,Has joined Academico de Viseu on loan for the rest of the season,0.0,0.0,0.3263589205281419,0.2790328973444312,0.0,0.0,0.0,0.0,0.43588989435406733,0.0
11,182,Amenda,DEF,COV,4.0,0.8,a,,,1.0,90.0,0.3263589205281419,0.25756882831793654,0.03420855806200686,0.06670420195622441,0.11690919613841641,3.457625418113022,2.6028330032460367,0.864
11,183,Rudoni,MID,COV,5.0,0.1,a,100.0,,0.0,20.0,0.3263589205281419,0.17348723329835605,0.034632444980701796,0.02701749612592774,0.0,0.6042147132812922,1.1643893786524617,0.121
11,184,Grimes,MID,COV,5.0,0.1,a,,,1.0,90.0,0.3263589205281419,0.16014206150617483,0.09458687369022672,0.09198037635963255,0.09793442957026494,3.011721527157549,2.5079458015955414,0.602
11,185,Sakamoto,MID,COV,4.9,0.1,a,,,0.0,0.0,0.3263589205281419,0.17348723329835605,0.0,0.0,0.0,0.35,0.8154753215150045,0.071
11,186,Mason-Clark,MID,COV,5.4,0.1,a,100.0,,0.0,0.0,0.3263589205281419,0.17348723329835605,0.0,0.0,0.0,0.35,0.8154753215150045,0.065
11,187,Eccles,MID,COV,4.9,0.0,i,0.0,Unspecified injury - Expected back 12 Oct,0.0,0.0,0.3263589205281419,0.17348723329835605,0.0,0.0,0.0,0.0,0.43588989435406733,0.0
11,188,Torp,MID,COV,5.4,0.1,a,,,0.0,28.0,0.3263589205281419,0.17348723329835605,0.0373158534606239,0.03708467354127415,0.0,0.647833287926942,1.2061419351904372,0.12
11,189,Shepherd,MID,COV,4.5,0.2,a,,,0.0,0.0,0.3263589205281419,0.17348723329835605,0.0,0.0,0.0,0.35,0.8154753215150045,0.078
11,190,Tchaouna,MID,COV,5.4,0.1,a,,,1.0,81.0,0.3263589205281419,0.12327387198321091,0.0901497654266337,0.07363342397669562,0.09632935459855335,2.8650525849968074,2.4463234667667595,0.531
11,191,Borges Rodrigues,MID,COV,4.5,0.1,u,0.0,Has joined Burton Albion on loan for the rest of the season,0.0,0.0,0.3263589205281419,0.17348723329835605,0.0,0.0,0.0,0.0,0.43588989435406733,0.0
11,192,Andrews,MID,COV,4.5,0.4,u,0.0,Has joined Oxford United on loan for the rest of the season,0.0,0.0,0.3263589205281419,0.17348723329835605,0.0,0.0,0.0,0.0,0.43588989435406733,0.0
11,193,Wright,FWD,COV,5.4,0.1,i,0.0,Thigh injury - Unknown return date,0.0,0.0,0.3263589205281419,0.0033112582781456954,0.0,0.0,0.0,0.0,0.43588989435406733,0.0
11,194,Thomas-Asante,FWD,COV,5.0,0.8,a,,,1.0,69.0,0.3263589205281419,0.003056546102903719,0.28558546489902237,0.040015450076950426,0.1812797880201061,3.0192920426763896,2.7294995274737226,0.604
11,195,Simms,FWD,COV,5.0,0.8,a,,,1.0,69.0,0.3263589205281419,0.003056546102903719,0.32054031018262896,0.04027842010859739,0.19735748631620012,3.1759780322018507,2.820921856819024,0.635
11,196,Markelo,FWD,COV,5.0,0.0,u,0.0,Has joined Shabab Al-Ahli Dubai permanently,0.0,0.0,0.3263589205281419,0.0033112582781456954,0.0,0.0,0.0,0.0,0.43588989435406733,0.0
11,197,Bassette,FWD,COV,4.5,0.0,u,0.0,Has joined KVC Westerlo on loan for the rest of the season,0.0,0.0,0.3263589205281419,0.0033112582781456954,0.0,0.0,0.0,0.0,0.43588989435406733,0.0
11,492,Awoniyi,FWD,COV,5.5,0.7,a,,,0.0,20.0,0.3263589205281419,0.002838221381267739,0.12368874232360973,0.01505437072283894,0.0,0.8899180814629558,1.5598002464165963,0.162
11,575,Yirenkyi,MID,COV,4.9,0.2,a,,,1.0,61.0,0.3263589205281419,0.16014206150617483,0.073096138923581,0.07152591604268221,0.10731777289604846,2.852287815699253,2.4203147901399245,0.582
11,584,Hamer,MID,COV,5.4,0.1,a,,,0.0,8.0,0.3263589205281419,0.17348723329835605,0.010849157864284555,0.009885145558842647,0.0,0.43390122599795067,0.9431369341626981,0.08
11,599,Cherif,FWD,COV,5.0,0.1,a,,,0.0,0.0,0.3263589205281419,0.0033112582781456954,0.0,0.0,0.0,0.35,0.8154753215150045,0.07
11,623,Bentley,GK,COV,4.0,0.4,a,,,0.25,20.0,0.3263589205281419,0.0,0.0,3.6549707602339175e-05,0.020411823980377292,0.9833655365570472,1.36689228524357,0.246
11,655,Gboho,MID,COV,5.5,0.0,a,,,0.25,20.0,0.3263589205281419,0.17348723329835605,0.028122817044516416,0.025132385761208857,0.029128209117957875,1.055006130662883,1.4741942038030729,0.192
11,42,Guessand,MID,CRY,5.5,0.0,a,,,0.0,27.0,0.9385115718786576,0.10957088418843541,0.04185094530777858,0.027334767394362264,0.0,0.6412590287219797,1.212228454714058,0.117
11,153,Disasi,DEF,CRY,4.5,0.1,a,,,0.0,0.0,0.9385115718786576,0.20570749108204517,0.0,0.0,0.0,0.35,0.8154753215150045,0.078
11,198,Henderson,GK,CRY,5.0,2.0,a,100.0,,1.0,90.0,0.9385115718786576,0.0,8.75e-05,0.0011518914473684211,0.23506167997624336,5.280254867084074,3.1674925804900855,1.056
11,199,Benitez,GK,CRY,4.5,0.1,a,,,0.0,0.0,0.9385115718786576,0.0,0.0,0.0,0.0,0.35,0.8154753215150045,0.078
11,202,Richards,DEF,CRY,5.0,0.7,a,,,1.0,90.0,0.9385115718786576,0.394281699275754,0.057170487130081424,0.028588701093206503,0.2646436088478152,6.440856990152822,3.546921369874281,1.288
11,203,Canvot,DEF,CRY,4.9,0.2,a,,,1.0,90.0,0.9385115718786576,0.4573479543753028,0.06623798491179286,0.01867315602487422,0.2643467922974979,6.581260434470947,3.5919107359406293,1.343
11,204,Mitchell,DEF,CRY,4.5,6.1,a,,,1.0,90.0,0.9385115718786576,0.19475822433610782,0.1056442679508442,0.07780341023311924,0.29883458033405164,6.546411580094425,3.6155286764018997,1.455
11,205,Sosa,DEF,CRY,4.5,0.0,u,0.0,Has joined FC Cologne on loan for the rest of the season,0.0,0.0,0.9385115718786576,0.2790328973444312,0.0,0.0,0.0,0.0,0.43588989435406733,0.0
11,206,Chadi Riad,DEF,CRY,4.4,0.0,i,0.0,Knee injury - Unknown return date,0.0,0.0,0.9385115718786576,0.22886288253332498,0.0,0.0,0.0,0.0,0.43588989435406733,0.0
11,207,Mingueza,DEF,CRY,4.4,0.1,a,,,0.0,0.0,0.9385115718786576,0.2790328973444312,0.0,0.0,0.0,0.35,0.8154753215150045,0.08
11,208,Sarr,MID,CRY,6.3,0.8,i,0.0,Groin injury - Unknown return date,0.0,0.0,0.9385115718786576,0.061230788222949195,0.0,0.0,0.0,0.0,0.43588989435406733,0.0
11,210,Wharton,MID,CRY,5.5,0.9,a,100.0,,1.0,90.0,0.9385115718786576,0.2946791902336652,0.03697036449504217,0.18196783058770008,0.17047952546682554,3.876875195863446,2.754611598594401,0.705
11,211,Yeremy,MID,CRY,5.5,0.4,a,,,0.0,35.0,0.9385115718786576,0.09941441288968622,0.07043445788187168,0.10197916905218066,0.0,1.0081097965659005,1.529057016846148,0.183
11,212,Hughes,MID,CRY,4.5,8.7,a,,,0.0,0.0,0.9385115718786576,0.08327387198321091,0.0,0.0,0.0,0.35,0.8154753215150045,0.078
11,213,Lerma,MID,CRY,4.9,0.1,a,,,0.0,0.0,0.9385115718786576,0.21720881427072403,0.0,0.0,0.0,0.35,0.8154753215150045,0.071
11,214,Kamada,MID,CRY,5.0,0.4,a,,,1.0,90.0,0.9385115718786576,0.24490444847212947,0.06102043635609547,0.11669771936802921,0.1560525116913094,3.6953026828929585,2.717939976458861,0.739
11,215,Devenny,MID,CRY,5.0,0.0,u,0.0,Has joined Stoke City permanently,0.0,0.0,0.9385115718786576,0.16220246313580383,0.0,0.0,0.0,0.0,0.43588989435406733,0.0
11,216,Esse,MID,CRY,5.0,0.0,u,0.0,Has joined Millwall on loan for the rest of the season,0.0,0.0,0.9385115718786576,0.17348723329835605,0.0,0.0,0.0,0.0,0.43588989435406733,0.0
11,217,M.França,MID,CRY,4.9,0.0,a,,,0.0,0.0,0.9385115718786576,0.17348723329835605,0.0,0.0,0.0,0.35,0.8154753215150045,0.071
11,218,Doucouré,MID,CRY,4.9,0.1,a,,,0.0,0.0,0.9385115718786576,0.17348723329835605,0.0,0.0,0.0,0.35,0.8154753215150045,0.071
11,219,J.Rak-Sakyi,MID,CRY,4.9,0.0,u,0.0,has joined  Kasimpasa on loan for the rest of the seaon.,0.0,0.0,0.9385115718786576,0.17348723329835605,0.0,0.0,0.0,0.0,0.43588989435406733,0.0
11,220,Cardines,DEF,CRY,4.5,0.0,u,0.0,Has joined Bristol City on loan for the rest of the season,0.0,0.0,0.9385115718786576,0.25756882831793654,0.0,0.0,0.0,0.0,0.43588989435406733,0.0
11,221,Drakes-Thomas,MID,CRY,4.5,0.1,a,,,0.0,0.0,0.9385115718786576,0.17348723329835605,0.0,0.0,0.0,0.35,0.8154753215150045,0.078
11,222,Strand Larsen,FWD,CRY,6.0,0.5,a,,,0.0,27.0,0.9385115718786576,0.0011352885525070956,0.08465391640755225,0.010803315246877663,0.0,0.7210256113708419,1.3703547570063428,0.12
11,223,Mateta,FWD,CRY,6.4,1.8,i,0.0,Hamstring injury - Expected back 11 Oct,0.0,0.0,0.9385115718786576,0.0011037527593818985,0.0,0.0,0.0,0.0,0.43588989435406733,0.0
11,224,Nketiah,FWD,CRY,5.5,0.7,a,,,0.0,55.0,0.9385115718786576,0.002838221381267739,0.30156348448209264,0.07265734350778429,0.0,1.7742259684517232,2.2760514596447132,0.323
11,225,Uche,FWD,CRY,5.0,0.0,u,0.0,has returned to Getafe CF,0.0,0.0,0.9385115718786576,0.0033112582781456954,0.0,0.0,0.0,0.0,0.43588989435406733,0.0
11,241,McNeil,MID,CRY,5.4,0.1,a,,,1.0,62.0,0.9385115718786576,0.16327387198321092,0.06085875356677013,0.13281188321316487,0.192248335551865,3.628832323602684,2.6944264577541768,0.672
11,555,Matthews,GK,CRY,4.0,1.8,a,,,0.0,0.0,0.9385115718786576,0.0,0.0,0.0,0.0,0.35,0.8154753215150045,0.087
11,577,Tomiyasu,DEF,CRY,4.5,0.3,a,,,0.0,18.0,0.9385115718786576,0.2790328973444312,0.01429652990982567,0.0072237445851876195,0.0,0.45745041321451685,0.9772077386955835,0.102
11,588,Khalaili,DEF,CRY,5.0,0.2,a,,,0.0,35.0,0.9385115718786576,0.2790328973444312,0.04188036987744865,0.01886706516747735,0.0,0.6578834147671239,1.2252594449022733,0.132
11,595,Gozo,MID,CRY,5.0,0.0,a,,,0.0,0.0,0.9385115718786576,0.17348723329835605,0.0,0.0,0.0,0.35,0.8154753215150045,0.07
11,633,Ahanor,DEF,CRY,4.5,0.0,a,,,0.25,20.0,0.9385115718786576,0.2790328973444312,0.009907478749843447,0.008794984748007748,0.066021068244695,1.7981925349105952,1.8644062563800818,0.4
11,643,Chilwell,DEF,CRY,4.5,0.4,a,,,0.25,20.0,0.9385115718786576,0.2790328973444312,0.01651484908462919,0.030077406775185417,0.0770026739872181,1.9126656287433659,1.9321371041207636,0.425
11,644,Timber,MID,CRY,5.0,0.0,a,,,0.25,20.0,0.9385115718786576,0.17348723329835605,0.02620223793362169,0.02309387002724414,0.042873131806557364,1.1938277204057333,1.5573972185581375,0.239
11,647,Osorio,MID,CRY,5.5,0.0,a,,,0.25,20.0,0.9385115718786576,0.17348723329835605,0.028091569470022514,0.025104460888140848,0.04440872625049326,1.2108417451143636,1.571352516953922,0.22
11,21,Nørgaard,MID,EVE,4.9,0.1,i,0.0,Groin injury - Unknown return date,0.0,0.0,0.22950303560097499,0.17348723329835605,0.0,0.0,0.0,0.0,0.43588989435406733,0.0
11,209,Johnson,MID,EVE,5.9,0.1,a,,,0.0,6.0,0.22950303560097499,0.07435167141358116,0.017422071069321633,0.005059358766076174,0.0,0.4522884316448367,0.981774132140952,0.077
11,226,Pickford,GK,EVE,5.5,8.6,a,,,1.0,90.0,0.22950303560097499,0.0,0.0,0.006643843404808317,0.05970110409192666,2.481918461868775,2.1715536091818395,0.451
11,227,Travers,GK,EVE,5.0,0.0,a,,,0.0,0.0,0.22950303560097499,0.0,0.0,0.0,0.0,0.35,0.8154753215150045,0.07
11,228,King,GK,EVE,4.5,0.0,a,,,0.0,0.0,0.22950303560097499,0.0,0.0,0.0,0.0,0.35,0.8154753215150045,0.078
11,229,Tarkowski,DEF,EVE,6.0,11.4,a,,,1.0,90.0,0.22950303560097499,0.5069678953626635,0.05628616101580171,0.046502967902163676,0.09335195402153162,3.458900982039534,2.6286172851843466,0.576
11,230,Branthwaite,DEF,EVE,5.5,1.9,a,,,1.0,90.0,0.22950303560097499,0.3174197384066587,0.048537215047540036,0.018899612559884787,0.08097864856284243,2.968455325945389,2.4354236612099913,0.54
11,231,Keane,DEF,EVE,4.9,0.9,a,,,0.0,0.0,0.22950303560097499,0.4475218236130043,0.0,0.0,0.0,0.35,0.8154753215150045,0.071
11,232,O'Brien,DEF,EVE,4.9,0.3,a,,,0.0,0.0,0.22950303560097499,0.19475822433610782,0.0,0.0,0.0,0.35,0.8154753215150045,0.071
11,233,Mykolenko,DEF,EVE,4.5,1.9,a,,,1.0,90.0,0.22950303560097499,0.22496510365506903,0.009539955496518732,0.05237296115857356,0.07904527972952605,2.662841917659086,2.2619989780128935,0.592
11,234,Patterson,DEF,EVE,4.5,0.0,u,0.0,Has joined Torino permanently,0.0,0.0,0.22950303560097499,0.35655965120887834,0.0,0.0,0.0,0.0,0.43588989435406733,0.0
11,235,Aznou,DEF,EVE,4.0,0.1,u,0.0,Has joined Malaga on loan for the rest of the season,0.0,0.0,0.22950303560097499,0.2790328973444312,0.0,0.0,0.0,0.0,0.43588989435406733,0.0
11,236,Dewsbury-Hall,MID,EVE,6.5,4.5,a,,,1.0,90.0,0.22950303560097499,0.1686153999900065,0.1432536250481421,0.15467900384188055,0.12722672367160542,3.3989269891724665,2.7050846622086597,0.523
11,238,Grealish,MID,EVE,6.5,0.4,a,100.0,,0.0,8.0,0.22950303560097499,0.06939489331934243,0.010744917647424647,0.01668763968345012,0.0,0.4537875072874736,0.962634806004202,0.07
11,239,Garner,MID,EVE,6.0,0.1,d,75.0,Unspecified injury - 75% chance of playing,0.0,5.5,0.22950303560097499,0.4416369359916055,0.0028677036807797335,0.008749689398512398,0.0,0.21558758659943583,0.6533166434613513,0.036
11,242,George,MID,EVE,5.5,0.5,a,,,1.0,83.0,0.22950303560097499,0.13878978663868485,0.11646972769052776,0.14096202505388813,0.120650306107677,3.162401019890057,2.589861058808807,0.575
11,243,Alcaraz,MID,EVE,5.0,0.1,a,,,0.0,1.0,0.22950303560097499,0.10957088418843541,0.0019356923062057753,0.0009591928573827873,0.0,0.3625560401031772,0.8369412345160628,0.073
11,244,Armstrong,MID,EVE,5.0,0.4,a,,,1.0,90.0,0.22950303560097499,0.22676926664334848,0.12019007363434803,0.05764173844763086,0.08519143778879011,3.057465264680081,2.5554499495584415,0.611
11,245,Dibling,MID,EVE,5.4,0.0,a,,,0.0,0.0,0.22950303560097499,0.22013191425573378,0.0,0.0,0.0,0.35,0.8154753215150045,0.065
11,246,Röhl,MID,EVE,5.0,0.0,a,,,1.0,90.0,0.22950303560097499,0.16220246313580383,0.07538657445862705,0.07234236626109394,0.07465543281199985,2.7482107288111925,2.3819991249983756,0.55
11,247,Hackney,MID,EVE,5.5,0.2,a,100.0,,1.0,78.0,0.22950303560097499,0.16014206150617483,0.09959399681068,0.09416003834940219,0.10119712545166915,2.957451410477534,2.4933354489060218,0.538
11,248,Beto,FWD,EVE,5.4,1.0,u,0.0,Has joined Fiorentina permanently,0.0,0.0,0.22950303560097499,0.0014191106906338694,0.0,0.0,0.0,0.0,0.43588989435406733,0.0
11,249,Barry,FWD,EVE,5.6,5.8,a,,,1.0,78.0,0.22950303560097499,0.0012417218543046358,0.5400289989132224,0.02688899649231219,0.25189795555079414,4.064965708892541,3.3111340716399815,0.726
11,649,Maitland-Niles,DEF,EVE,4.5,0.2,a,,,0.25,20.0,0.22950303560097499,0.2790328973444312,0.010438444797530894,0.008667946079425413,0.02186708113286248,0.9902322786221124,1.3942998236273283,0.22
11,654,Graham,MID,EVE,4.5,0.1,a,,,0.25,20.0,0.22950303560097499,0.17348723329835605,0.028122817044516416,0.025132385761208857,0.0267068119947787,1.0303078800064556,1.4581913023603466,0.229
11,250,Leno,GK,FUL,4.5,3.0,a,,,1.0,90.0,0.11649309664875934,0.0,0.0,0.0004463125406107862,0.029279483551403612,1.9203701175234613,1.9101579053299693,0.427
11,251,Lecomte,GK,FUL,4.0,1.2,a,,,0.0,0.0,0.11649309664875934,0.0,0.0,0.0,0.0,0.35,0.8154753215150045,0.087
11,252,McNally,GK,FUL,4.0,0.1,u,0.0,Has joined York City on loan for the rest of the season,0.0,0.0,0.11649309664875934,0.0,0.0,0.0,0.0,0.0,0.43588989435406733,0.0
11,253,Andersen,DEF,FUL,5.0,0.1,a,100.0,,0.0,0.0,0.11649309664875934,0.5429859248403064,0.0,0.0,0.0,0.35,0.8154753215150045,0.07
11,254,Robinson,DEF,FUL,4.5,1.4,a,,,1.0,81.0,0.11649309664875934,0.253392923039075,0.042801654232598456,0.0832305562450872,0.0781358004590676,2.2890364567511914,2.146154512895764,0.509
11,255,J.Cuenca,DEF,FUL,4.5,0.0,a,,,1.0,90.0,0.11649309664875934,0.4934084681797033,0.013683033461124384,0.03746877722217078,0.047026407901343145,2.3875586055546294,2.1490601553517625,0.531
11,256,Tete,DEF,FUL,4.4,0.2,a,,,0.0,0.0,0.11649309664875934,0.3338191860688121,0.0,0.0,0.0,0.35,0.8154753215150045,0.08
11,257,Bassey,DEF,FUL,4.5,0.7,a,,,1.0,90.0,0.11649309664875934,0.2767901162959311,0.03371893182429047,0.016068839313127636,0.046548994060286175,2.0445190006992986,2.0216081945506676,0.454
11,258,Castagne,DEF,FUL,4.5,0.8,a,,,1.0,90.0,0.11649309664875934,0.1671373365041617,0.1008082857896202,0.0726958519103504,0.08984972235717953,2.458475775762983,2.296944424379351,0.546
11,261,Iwobi,MID,FUL,5.4,0.8,a,,,1.0,90.0,0.11649309664875934,0.07516699511171397,0.0807636516987909,0.23492377225349226,0.12213990804817504,3.046210403225018,2.50447233490815,0.564
11,262,Smith Rowe,MID,FUL,5.4,0.3,a,,,0.0,0.0,0.11649309664875934,0.06715634837355719,0.0,0.0,0.0,0.35,0.8154753215150045,0.065
11,263,Kevin,MID,FUL,5.4,0.0,a,,,0.0,17.0,0.11649309664875934,0.11565815553223738,0.020602426656986576,0.023714055428184378,0.0,0.524154299569486,1.058067922736505,0.097
11,264,Bobb,MID,FUL,5.5,0.3,a,,,1.0,66.0,0.11649309664875934,0.09051507824262055,0.09518450550450143,0.15787325708565167,0.13242687817381263,2.9256905698365547,2.475867346146894,0.532
11,265,Berge,MID,FUL,5.0,0.3,a,,,1.0,72.0,0.11649309664875934,0.1539531912952233,0.028611726339788257,0.05375987869597898,0.0476868868680241,2.312472675554971,2.136672282216712,0.462
11,266,Cairney,MID,FUL,5.0,0.0,i,0.0,Knee injury - Expected back 10 Oct,0.0,0.0,0.11649309664875934,0.10957088418843541,0.0,0.0,0.0,0.0,0.43588989435406733,0.0
11,268,King,MID,FUL,5.5,1.1,a,,,1.0,90.0,0.11649309664875934,0.08007103075308741,0.2102090531407299,0.09699526088773502,0.11917081957483866,3.2857062134442323,2.739360532019913,0.597
11,269,Sessegnon,DEF,FUL,4.5,0.3,a,,,0.0,17.0,0.11649309664875934,0.47963733650416174,0.02199071992944208,0.025916676436522526,0.0,0.55969434888622,1.0933268415530968,0.124
11,270,Reed,MID,FUL,4.5,1.2,a,,,0.0,0.0,0.11649309664875934,0.16014206150617483,0.0,0.0,0.0,0.35,0.8154753215150045,0.078
11,271,Muniz,FWD,FUL,5.4,0.4,a,,,0.0,8.0,0.11649309664875934,0.001892147587511826,0.04110088976301557,0.0021013089378629354,0.0,0.5207074858656511,1.11173268447178,0.096
11,272,Kusi-Asare,FWD,FUL,4.5,6.2,a,,,0.0,0.0,0.11649309664875934,0.0033112582781456954,0.0,0.0,0.0,0.35,0.8154753215150045,0.078
11,569,Gonzalo,FWD,FUL,6.0,4.1,a,,,1.0,90.0,0.11649309664875934,0.003056546102903719,0.5448676302447893,0.061002898910499606,0.22370399486922704,4.161807257409227,3.3431481526468834,0.694
11,570,Palacios,MID,FUL,5.5,0.2,a,,,1.0,72.0,0.11649309664875934,0.16014206150617483,0.15707644884739952,0.07150697333007096,0.11165455686751927,3.0833927631829496,2.6078544712333933,0.561
11,580,Charles,MID,FUL,5.0,0.1,a,,,0.0,23.0,0.11649309664875934,0.17348723329835605,0.03036608500384553,0.02809560366325353,0.0,0.5861172360089881,1.1383405722542574,0.117
11,610,De Fougerolles,DEF,FUL,4.0,0.1,d,75.0,Unspecified injury - 75% chance of playing,0.0,0.0,0.11649309664875934,0.2790328973444312,0.0,0.0,0.0,0.175,0.5766281297335397,0.044
11,626,Zepa,MID,FUL,4.5,0.4,a,,,0.25,20.0,0.11649309664875934,0.17348723329835605,0.028122817044516416,0.025132385761208857,0.023881563520973308,1.0014903455736404,1.439294465652187,0.223
11,635,Larsson,MID,FUL,5.0,0.0,a,,,0.25,20.0,0.11649309664875934,0.17348723329835605,0.03065810607076245,0.02971410104634964,0.026683883968581873,1.0307142570079015,1.4636617521611976,0.206
11,636,Ángel,MID,FUL,5.0,0.0,a,,,0.25,20.0,0.11649309664875934,0.17348723329835605,0.028122817044516416,0.025132385761208857,0.023881563520973308,1.0014903455736404,1.439294465652187,0.2
11,650,Affengruber,DEF,FUL,4.5,0.0,a,,,0.25,20.0,0.11649309664875934,0.2790328973444312,0.009907478749843447,0.008794984748007748,0.014644913542826366,0.800868894006692,1.257416307796179,0.178
11,240,Iroegbunam,MID,HUL,5.0,0.0,a,100.0,,0.0,0.0,0.9335671817633684,0.3243516714135812,0.0,0.0,0.0,0.35,0.8154753215150045,0.07
11,273,Phillips,GK,HUL,4.0,1.5,a,,,0.0,0.0,0.9335671817633684,0.0,0.0,0.0,0.0,0.35,0.8154753215150045,0.087
11,274,Butland,GK,HUL,4.5,0.1,i,0.0,Arm injury - Unknown return date,0.0,0.0,0.9335671817633684,0.0,0.0,0.0,0.0,0.0,0.43588989435406733,0.0
11,275,Cartwright,GK,HUL,4.0,0.0,u,0.0,Has joined Grimsby Town on loan for the rest of the season,0.0,0.0,0.9335671817633684,0.0,0.0,0.0,0.0,0.0,0.43588989435406733,0.0
11,276,Lo-Tutala,GK,HUL,4.0,0.0,u,0.0,Has joined Colchester United on loan for the rest of the season,0.0,0.0,0.9335671817633684,0.0,0.0,0.0,0.0,0.0,0.43588989435406733,0.0
11,277,Egan,DEF,HUL,4.1,6.3,a,,,1.0,90.0,0.9335671817633684,0.33449190524101347,0.031208558062006855,0.02770420195622441,0.254011261447223,6.143290101710477,3.4437628463095344,1.498
11,278,Hughes,DEF,HUL,4.0,0.1,i,0.0,Groin injury - Unknown return date,0.0,0.0,0.9335671817633684,0.2790328973444312,0.0,0.0,0.0,0.0,0.43588989435406733,0.0
11,279,Ajayi,DEF,HUL,4.1,11.7,a,100.0,,1.0,63.0,0.9335671817633684,0.25756882831793654,0.058692247385265,0.020224067428043817,0.2728499528474965,6.163052063927296,3.4730321630778844,1.503
11,280,Coyle,DEF,HUL,4.0,0.6,a,100.0,,1.0,69.0,0.9335671817633684,0.25756882831793654,0.027458577355191114,0.025883078006881256,0.25774342071483164,5.9775205433507,3.3944131299088327,1.494
11,281,Drameh,DEF,HUL,4.0,0.1,u,0.0,Has joined Genoa permanently,0.0,0.0,0.9335671817633684,0.2790328973444312,0.0,0.0,0.0,0.0,0.43588989435406733,0.0
11,282,Giles,DEF,HUL,4.0,1.4,a,,,1.0,84.0,0.9335671817633684,0.25756882831793654,0.03214317470731313,0.04593259591065397,0.26267020942257974,6.070703469882498,3.42449932705799,1.518
11,283,Jacob,DEF,HUL,4.0,0.0,u,0.0,Has joined Newport County on loan until January,0.0,0.0,0.9335671817633684,0.2790328973444312,0.0,0.0,0.0,0.0,0.43588989435406733,0.0
11,284,McCarthy,DEF,HUL,4.0,0.1,a,,,0.0,0.0,0.9335671817633684,0.2790328973444312,0.0,0.0,0.0,0.35,0.8154753215150045,0.087
11,285,McNair,DEF,HUL,4.0,0.1,a,100.0,,0.0,26.0,0.9335671817633684,0.2790328973444312,0.012507641506191249,0.011103179634096006,0.0,0.45835538793943553,0.9725847449564871,0.115
11,286,Belloumi,MID,HUL,5.0,1.0,a,,,1.0,90.0,0.9335671817633684,0.16014206150617483,0.11065509091678839,0.08692549015973289,0.16250992155311927,3.7001050470099206,2.7738295071650634,0.74
11,287,Millar,MID,HUL,5.0,0.0,u,0.0,Has joined Birmingham on loan for the rest of the season,0.0,0.0,0.9335671817633684,0.17348723329835605,0.0,0.0,0.0,0.0,0.43588989435406733,0.0
11,288,Dowell,MID,HUL,4.5,0.3,a,,,0.0,0.0,0.9335671817633684,0.17348723329835605,0.0,0.0,0.0,0.35,0.8154753215150045,0.078
11,289,Crooks,MID,HUL,4.5,0.5,a,100.0,,1.0,90.0,0.9335671817633684,0.16014206150617483,0.1138974090302915,0.10178616233289588,0.16884596815345243,3.767234700697258,2.800201847279324,0.837
11,290,Slater,MID,HUL,4.5,5.3,a,,,1.0,90.0,0.9335671817633684,0.16014206150617483,0.09158687369022672,0.13410037635963254,0.17234725569378756,3.7561259536174787,2.7723925685253468,0.835
11,291,Matazo,MID,HUL,4.5,0.0,i,0.0,Knee injury - Unknown return date,0.0,0.0,0.9335671817633684,0.17348723329835605,0.0,0.0,0.0,0.0,0.43588989435406733,0.0
11,292,Ömür,MID,HUL,4.9,0.0,a,,,0.0,0.0,0.9335671817633684,0.17348723329835605,0.0,0.0,0.0,0.35,0.8154753215150045,0.071
11,293,Kamara,MID,HUL,5.0,0.0,u,0.0,Has joined Portsmouth permanently,0.0,0.0,0.9335671817633684,0.17348723329835605,0.0,0.0,0.0,0.0,0.43588989435406733,0.0
11,294,Zambrano,MID,HUL,4.5,0.1,a,100.0,,0.0,0.0,0.9335671817633684,0.17348723329835605,0.0,0.0,0.0,0.35,0.8154753215150045,0.078
11,295,McBurnie,FWD,HUL,5.5,1.9,a,,,1.0,90.0,0.9335671817633684,0.003056546102903719,0.4548676302447894,0.0460028989104996,0.268661403380688,3.8017646659206874,3.154767605817906,0.691
11,296,Akintola,MID,HUL,5.0,0.0,a,,,0.0,0.0,0.9335671817633684,0.17348723329835605,0.0,0.0,0.0,0.35,0.8154753215150045,0.07
11,297,Gyabi,MID,HUL,4.5,0.0,i,0.0,Thigh injury - Unknown return date,0.0,0.0,0.9335671817633684,0.17348723329835605,0.0,0.0,0.0,0.0,0.43588989435406733,0.0
11,298,Destan,FWD,HUL,4.5,0.2,u,0.0,Has joined Konyaspor permanently,0.0,0.0,0.9335671817633684,0.0033112582781456954,0.0,0.0,0.0,0.0,0.43588989435406733,0.0
11,299,Burstow,FWD,HUL,4.5,0.0,u,0.0,Has joined Sheffield Wednesday on loan for the rest of the season,0.0,0.0,0.9335671817633684,0.0033112582781456954,0.0,0.0,0.0,0.0,0.43588989435406733,0.0
11,340,Gelhardt,MID,HUL,5.0,0.0,a,100.0,,0.0,0.0,0.9335671817633684,0.17348723329835605,0.0,0.0,0.0,0.35,0.8154753215150045,0.07
11,556,Targett,DEF,HUL,4.0,1.9,a,,,0.0,5.0,0.9335671817633684,0.2790328973444312,0.0023582961385930547,0.002834030796253027,0.0,0.3726518692203174,0.8498166439592493,0.093
11,563,Morita,MID,HUL,5.0,0.0,i,0.0,Calf injury - Expected back 11 Oct,0.0,0.0,0.9335671817633684,0.17348723329835605,0.0,0.0,0.0,0.0,0.43588989435406733,0.0
11,572,Tzolakis,GK,HUL,4.6,9.6,a,,,1.0,90.0,0.9335671817633684,0.0,0.0,0.0002302631578947368,0.23347238754610525,5.258483135156546,3.1608729738471677,1.143
11,574,Hjertø-Dahl,MID,HUL,4.9,0.1,a,,,0.0,0.0,0.9335671817633684,0.17348723329835605,0.0,0.0,0.0,0.35,0.8154753215150045,0.071
11,576,Stroud,MID,HUL,5.0,0.1,a,,,1.0,70.0,0.9335671817633684,0.16014206150617483,0.08093417323464318,0.07267726019128841,0.16248186321800606,3.508727710358748,2.6743574348036354,0.702
11,585,Herrington,DEF,HUL,4.0,0.6,a,,,0.0,26.0,0.9335671817633684,0.2790328973444312,0.01179210137425811,0.010467986291184334,0.0,0.4521565671191016,0.9642873460602093,0.113
11,586,Mendy,DEF,HUL,4.1,7.9,a,100.0,,1.0,63.0,0.9335671817633684,0.33449190524101347,0.04686874185106984,0.02182475465218123,0.26773854369246763,6.233340144777969,3.4820337054923174,1.52
11,589,Gourna-Douath,MID,HUL,5.0,0.0,a,,,0.0,0.0,0.9335671817633684,0.17348723329835605,0.0,0.0,0.0,0.35,0.8154753215150045,0.07
11,617,Cho,MID,HUL,5.0,0.0,a,,,0.25,20.0,0.9335671817633684,0.17348723329835605,0.02876521453821892,0.024713512665188706,0.04439642838042596,1.2118876181899052,1.5732697676463923,0.242
11,632,Ansah,FWD,HUL,5.0,0.0,i,0.0,Back injury - Unknown return date,0.0,0.0,0.9335671817633684,0.0033112582781456954,0.0,0.0,0.0,0.0,0.43588989435406733,0.0
11,637,Vaz,FWD,HUL,5.0,0.0,a,,,0.25,20.0,0.9335671817633684,0.0033112582781456954,0.09551353341104425,0.01269933298746019,0.06594799568849533,1.142623307103,1.6565221048817809,0.229
11,638,Norton-Cuffy,DEF,HUL,4.0,0.3,a,,,0.25,20.0,0.9335671817633684,0.2790328973444312,0.009621262697070192,0.008540907410843082,0.06549930334020138,1.7905671796283587,1.86005516517019,0.448
11,642,Thomas,MID,HUL,5.5,0.0,a,,,0.25,20.0,0.9335671817633684,0.17348723329835605,0.027279132533180924,0.025245080855039258,0.044020588565695906,1.2056760729195368,1.5666714185642774,0.219
11,645,Mouzakitis,MID,HUL,5.0,0.0,a,,,0.25,20.0,0.9335671817633684,0.17348723329835605,0.028122817044516416,0.025132385761208857,0.044308415648838535,1.209844237277866,1.5708090122911327,0.242
11,259,Diop,DEF,IPS,4.0,14.6,a,,,1.0,90.0,0.10987639243358313,0.20706641753015118,0.037201021235709966,0.010714518829083584,0.04423953713107352,1.8681703211108371,1.9423515998718794,0.467
11,267,Lukić,MID,IPS,5.0,0.1,a,,,1.0,90.0,0.10987639243358313,0.16939489331934243,0.06036958199004083,0.06594674114731225,0.05519835234143189,2.537659370480059,2.2767894711308636,0.508
11,300,Walton,GK,IPS,4.5,0.4,a,,,0.0,0.0,0.10987639243358313,0.0,0.0,0.0,0.0,0.35,0.8154753215150045,0.078
11,301,Palmer,GK,IPS,4.0,4.2,a,,,0.0,0.0,0.10987639243358313,0.0,0.0,0.0,0.0,0.35,0.8154753215150045,0.087
11,302,Button,GK,IPS,4.0,0.5,a,,,0.0,0.0,0.10987639243358313,0.0,0.0,0.0,0.0,0.35,0.8154753215150045,0.087
11,303,Kipré,DEF,IPS,4.0,0.5,a,,,0.0,0.0,0.10987639243358313,0.2790328973444312,0.0,0.0,0.0,0.35,0.8154753215150045,0.087
11,304,O'Shea,DEF,IPS,4.0,3.0,a,,,1.0,90.0,0.10987639243358313,0.33449190524101347,0.03268360893838272,0.033307080313634094,0.050565839346601665,2.1496327313840404,2.0689136867593034,0.537
11,305,Davis,DEF,IPS,4.0,5.1,a,,,1.0,90.0,0.10987639243358313,0.25756882831793654,0.08974180799746337,0.12145829914796397,0.10138913560929536,2.665720416965746,2.3671332113380728,0.666
11,306,Greaves,DEF,IPS,4.0,1.2,a,,,1.0,90.0,0.10987639243358313,0.25756882831793654,0.03637433187491641,0.015678678297665154,0.04568765166879933,1.9724752137390715,1.9914690299760462,0.493
11,307,Johnson,DEF,IPS,4.0,0.1,u,0.0,Has joined Stoke City on loan for the rest of the season,0.0,0.0,0.10987639243358313,0.2790328973444312,0.0,0.0,0.0,0.0,0.43588989435406733,0.0
11,308,Furlong,DEF,IPS,4.0,0.5,a,,,0.0,0.0,0.10987639243358313,0.2790328973444312,0.0,0.0,0.0,0.35,0.8154753215150045,0.087
11,309,Núñez,MID,IPS,5.0,0.1,a,,,1.0,79.0,0.10987639243358313,0.23706513842925175,0.09653608282824007,0.0949609064661788,0.08734403370885443,2.9621933029973104,2.491462175643919,0.592
11,310,Matusiwa,MID,IPS,4.9,0.0,i,0.0,Muscular injury - Unknown return date,0.0,0.0,0.10987639243358313,0.17348723329835605,0.0,0.0,0.0,0.0,0.43588989435406733,0.0
11,311,Burns,MID,IPS,5.0,0.0,u,0.0,Has joined Leicester City permanently,0.0,0.0,0.10987639243358313,0.17348723329835605,0.0,0.0,0.0,0.0,0.43588989435406733,0.0
11,312,Taylor,MID,IPS,4.5,0.0,i,0.0,Knee injury - Unknown return date,0.0,0.0,0.10987639243358313,0.17348723329835605,0.0,0.0,0.0,0.0,0.43588989435406733,0.0
11,313,Clarke,MID,IPS,5.5,0.2,a,,,0.0,19.0,0.10987639243358313,0.17348723329835605,0.044483708651325525,0.019219802290068064,0.0,0.6300779501268318,1.2099794862512891,0.115
11,314,Ogbene,MID,IPS,4.9,0.0,u,0.0,Has joined Lincoln City on loan until January,0.0,0.0,0.10987639243358313,0.17348723329835605,0.0,0.0,0.0,0.0,0.43588989435406733,0.0
11,315,Fatawu,MID,IPS,5.5,0.2,a,,,1.0,65.0,0.10987639243358313,0.16014206150617483,0.051352061350588646,0.1503114869705906,0.1087168972759298,2.782159339150903,2.3652093168449695,0.506
11,316,Emersonn,FWD,IPS,5.5,1.7,a,100.0,,1.0,65.0,0.10987639243358313,0.003056546102903719,0.32448874912320463,0.03746052224263305,0.18639382459757198,3.1723544326476327,2.823899062779994,0.577
11,317,Hirst,FWD,IPS,5.0,0.1,u,0.0,Has joined Stoke City permanently,0.0,0.0,0.10987639243358313,0.0033112582781456954,0.0,0.0,0.0,0.0,0.43588989435406733,0.0
11,318,Philogene,MID,IPS,5.4,0.1,i,0.0,Ankle injury - Unknown return date,0.0,0.0,0.10987639243358313,0.17348723329835605,0.0,0.0,0.0,0.0,0.43588989435406733,0.0
11,319,Szmodics,MID,IPS,5.0,0.0,u,0.0,Has joined Derby County on loan for the rest of the season,0.0,0.0,0.10987639243358313,0.17348723329835605,0.0,0.0,0.0,0.0,0.43588989435406733,0.0
11,320,Akpom,FWD,IPS,5.0,1.2,a,,,0.0,24.0,0.10987639243358313,0.0033112582781456954,0.13179343946388147,0.014070860950105894,0.0,0.9193863407058436,1.5929829516113447,0.184
11,321,Walle Egeli,FWD,IPS,4.5,3.4,a,,,0.0,10.0,0.10987639243358313,0.0033112582781456954,0.047226135964349665,0.0062791146437997615,0.0,0.5577418877887979,1.1589074176071243,0.124
11,322,Al-Hamadi,FWD,IPS,5.0,0.1,u,0.0,Has joined Sheffield Wednesday on loan for the rest of the season,0.0,0.0,0.10987639243358313,0.0033112582781456954,0.0,0.0,0.0,0.0,0.43588989435406733,0.0
11,323,McAteer,MID,IPS,4.5,1.2,a,,,0.0,24.0,0.10987639243358313,0.17348723329835605,0.03001767454823847,0.021105364344035746,0.0,0.5634044657732996,1.1182908978699146,0.125
11,324,Mehmeti,MID,IPS,4.9,0.0,a,,,0.0,0.0,0.10987639243358313,0.17348723329835605,0.0,0.0,0.0,0.35,0.8154753215150045,0.071
11,554,Van Oevelen,GK,IPS,4.5,0.0,u,0.0,Has joined Valencia on loan for the rest of the season,0.0,0.0,0.10987639243358313,0.0,0.0,0.0,0.0,0.0,0.43588989435406733,0.0
11,562,Maeda,MID,IPS,5.4,0.3,a,,,1.0,79.0,0.10987639243358313,0.16014206150617483,0.14762469676763829,0.075447422055149,0.09993411700181146,3.030147541215708,2.577407323050758,0.561
11,564,Scherpen,GK,IPS,4.5,0.6,a,,,1.0,90.0,0.10987639243358313,0.0,0.0,0.0002302631578947368,0.02754969021365894,1.8849323226227273,1.8924511652835805,0.419
11,571,Florentino,MID,IPS,4.9,0.1,a,100.0,,0.0,0.0,0.10987639243358313,0.4594813371308649,0.0,0.0,0.0,0.35,0.8154753215150045,0.071
11,591,Enciso,MID,IPS,5.5,0.9,a,100.0,,1.0,70.0,0.10987639243358313,0.16014206150617483,0.17573317222752302,0.10908165219086485,0.13915431023163283,3.310812802152101,2.710155596539455,0.602
11,592,Ouattara,DEF,IPS,4.0,0.9,a,,,0.0,10.0,0.10987639243358313,0.2790328973444312,0.004739077335341782,0.004447675111871114,0.0,0.391777489347664,0.8790970900717464,0.098
11,602,Humphreys,MID,IPS,4.5,0.0,u,0.0,Has joined Huddersfield Town on loan for the rest of the season,0.0,0.0,0.10987639243358313,0.17348723329835605,0.0,0.0,0.0,0.0,0.43588989435406733,0.0
11,619,Palacios,MID,IPS,5.0,0.0,a,,,0.25,20.0,0.10987639243358313,0.17348723329835605,0.024841821722656168,0.0229780518668456,0.021575985036705898,0.9747949468274913,1.4146240947008397,0.195
11,640,Flemming,FWD,IPS,5.5,0.0,a,,,0.25,20.0,0.10987639243358313,0.0012417218543046358,0.08918241236105273,0.006354309476892909,0.04036449403453067,1.0717282639624004,1.6035517377667854,0.195
11,260,Wilson,MID,LEE,6.3,3.1,a,,,1.0,65.0,0.19163117155180442,0.07167085580419238,0.1408860589724751,0.08909209050957188,0.13061406651955704,2.9804956854180227,2.5511288003801558,0.473
11,326,Perri,GK,LEE,4.5,0.4,u,0.0,Has joined Torino on loan for the rest of the season,0.0,0.0,0.19163117155180442,0.0,0.0,0.0,0.0,0.0,0.43588989435406733,0.0
11,327,Bijol,DEF,LEE,5.0,0.9,a,,,1.0,90.0,0.19163117155180442,0.4514233755333287,0.04628268526222158,0.029839390394653904,0.07455051936785753,3.0093579515673894,2.448566155845369,0.602
11,329,Rodon,DEF,LEE,4.4,1.5,i,0.0,Hamstring injury - Expected back 21 Nov,0.0,0.0,0.19163117155180442,0.2966309948474039,0.0,0.0,0.0,0.0,0.43588989435406733,0.0
11,330,Bogle,DEF,LEE,4.5,1.7,a,,,1.0,90.0,0.19163117155180442,0.12155442654848124,0.1376823955390994,0.07203474525949352,0.12130879216745862,3.1241416844906564,2.6003775829226883,0.694
11,331,Gudmundsson,DEF,LEE,4.5,0.1,a,100.0,,0.0,0.0,0.19163117155180442,0.13370986920332936,0.0,0.0,0.0,0.35,0.8154753215150045,0.078
11,332,Justin,DEF,LEE,4.5,1.5,a,,,1.0,90.0,0.19163117155180442,0.25298165964039926,0.060234795647555295,0.028870007779315122,0.07909447408735575,2.7295736635098833,2.3553341025328254,0.607
11,333,Bornauw,DEF,LEE,4.5,0.0,u,0.0,Has joined Hamburg SV on loan for the rest of the season,0.0,0.0,0.19163117155180442,0.2717746730083234,0.0,0.0,0.0,0.0,0.43588989435406733,0.0
11,334,Muharemović,DEF,LEE,5.0,3.6,a,,,1.0,90.0,0.19163117155180442,0.25756882831793654,0.040208558062006856,0.03070420195622441,0.07272725889433204,2.6169919957009657,2.283316916287329,0.523
11,335,Stach,MID,LEE,6.0,2.8,a,,,1.0,90.0,0.19163117155180442,0.3270461699895068,0.126504467243917,0.1479401851391116,0.11521874548924045,3.5396272677345135,2.7357482728056466,0.59
11,336,Okafor,MID,LEE,5.9,0.3,a,,,0.0,24.0,0.19163117155180442,0.06939489331934243,0.060771233116667794,0.02373790745457171,0.0,0.7250698879470541,1.3199470390130845,0.123
11,337,Aaronson,MID,LEE,5.4,0.6,a,,,1.0,81.0,0.19163117155180442,0.12394748291659202,0.1211081040249392,0.09801127925152471,0.10437621065158308,2.978314614925042,2.5269440817927125,0.552
11,338,Ampadu,MID,LEE,5.5,1.0,a,,,1.0,90.0,0.19163117155180442,0.46003847499125566,0.054769989677949577,0.06381623895111055,0.060668297175351486,3.1187384342300013,2.500844450001779,0.567
11,339,Longstaff,MID,LEE,4.9,0.1,a,,,0.0,8.0,0.19163117155180442,0.19437365712287014,0.008732995182204113,0.00941636645687721,0.0,0.4219140752816522,0.924139986218735,0.086
11,341,Gnonto,MID,LEE,5.0,0.0,u,0.0,Has joined ACF Fiorentina on loan for the rest of the season,0.0,0.0,0.19163117155180442,0.14870334282716233,0.0,0.0,0.0,0.0,0.43588989435406733,0.0
11,342,Harrison,MID,LEE,5.0,0.0,u,0.0,Has joined New England Revolution permanently,0.0,0.0,0.19163117155180442,0.16014206150617483,0.0,0.0,0.0,0.0,0.43588989435406733,0.0
11,343,James,MID,LEE,5.0,0.1,a,,,0.0,0.0,0.19163117155180442,0.13878978663868485,0.0,0.0,0.0,0.35,0.8154753215150045,0.07
11,344,Gruev,MID,LEE,5.0,0.0,d,25.0,Knee injury - 25% chance of playing,0.0,0.0,0.19163117155180442,0.11853256921462588,0.0,0.0,0.0,0.0875,0.43588989435406733,0.017
11,345,Tanaka,MID,LEE,4.9,0.2,a,,,0.0,0.0,0.19163117155180442,0.21174361664917804,0.0,0.0,0.0,0.35,0.8154753215150045,0.071
11,346,Calvert-Lewin,FWD,LEE,6.0,23.0,a,,,1.0,90.0,0.19163117155180442,0.0009240720776220546,0.5916140648886031,0.035223303476999146,0.23855619608314127,4.282382658691375,3.418510120044291,0.714
11,347,Nmecha,FWD,LEE,5.4,0.5,a,,,0.0,0.0,0.19163117155180442,0.001892147587511826,0.0,0.0,0.0,0.35,0.8154753215150045,0.065
11,348,Piroe,FWD,LEE,5.0,0.1,u,0.0,Has joined West Ham United on loan for the rest of the season,0.0,0.0,0.19163117155180442,0.003056546102903719,0.0,0.0,0.0,0.0,0.43588989435406733,0.0
11,349,Mateo Joseph,FWD,LEE,4.5,0.1,i,0.0,Knee injury - Unknown return date,0.0,0.0,0.19163117155180442,0.0033112582781456954,0.0,0.0,0.0,0.0,0.43588989435406733,0.0
11,385,Trafford,GK,LEE,5.0,5.4,a,,,1.0,90.0,0.19163117155180442,0.0,0.0,0.00012792397660818714,0.04795256627976397,2.286751779800173,2.0844251921381898,0.457
11,598,Elvedi,DEF,LEE,4.5,0.0,a,,,0.0,0.0,0.19163117155180442,0.2790328973444312,0.0,0.0,0.0,0.35,0.8154753215150045,0.078
11,603,Lienou,DEF,LEE,4.0,0.1,a,,,0.0,0.0,0.19163117155180442,0.2790328973444312,0.0,0.0,0.0,0.35,0.8154753215150045,0.087
11,604,Cresswell,MID,LEE,4.5,0.1,a,,,0.0,0.0,0.19163117155180442,0.17348723329835605,0.0,0.0,0.0,0.35,0.8154753215150045,0.078
11,625,Cairns,GK,LEE,4.0,0.2,a,,,0.25,20.0,0.19163117155180442,0.0,0.0,7.309941520467835e-05,0.012005731116724618,0.8343288897599848,1.259057143478393,0.209
11,629,Zetterer,GK,LEE,4.0,0.5,a,,,0.25,20.0,0.19163117155180442,0.0,0.0,7.309941520467835e-05,0.012005731116724618,0.8343288897599848,1.259057143478393,0.209
11,641,Bard,DEF,LEE,4.5,0.0,a,,,0.25,20.0,0.19163117155180442,0.2790328973444312,0.009907478749843447,0.008794984748007748,0.019341043224266684,0.930269537361018,1.3516497303240196,0.207
11,648,Bahoya,MID,LEE,5.0,0.0,a,,,0.25,20.0,0.19163117155180442,0.17348723329835605,0.028122817044516416,0.025132385761208857,0.025760015393549437,1.0206505546739169,1.4518859997078077,0.204
11,350,A.Becker,GK,LIV,5.5,3.9,a,,,1.0,90.0,0.23574831403457433,0.0,0.0,0.002754552363354592,0.05990117183581769,2.4969607897218595,2.1781243078556223,0.454
11,351,Mamardashvili,GK,LIV,4.9,0.1,a,,,0.0,0.0,0.23574831403457433,0.0,0.0,0.0,0.0,0.35,0.8154753215150045,0.071
11,352,Woodman,GK,LIV,4.0,1.1,a,,,0.0,0.0,0.23574831403457433,0.0,0.0,0.0,0.0,0.35,0.8154753215150045,0.087
11,353,Pecsi,GK,LIV,4.0,0.0,u,0.0,Has joined TSV Hartberg on loan for the rest of the season,0.0,0.0,0.23574831403457433,0.0,0.0,0.0,0.0,0.0,0.43588989435406733,0.0
11,354,Jaros,GK,LIV,4.0,0.0,i,0.0,Knee injury - Unknown return date,0.0,0.0,0.23574831403457433,0.0,0.0,0.0,0.0,0.0,0.43588989435406733,0.0
11,355,Davies,GK,LIV,4.0,0.2,a,,,0.0,0.0,0.23574831403457433,0.0,0.0,0.0,0.0,0.35,0.8154753215150045,0.087
11,356,Virgil,DEF,LIV,6.5,17.2,a,,,1.0,90.0,0.23574831403457433,0.39898813270849365,0.07836303487887541,0.02890651262226402,0.09648142013404237,3.377672055785153,2.6244532983585445,0.52
11,357,Frimpong,DEF,LIV,5.4,2.4,a,,,1.0,90.0,0.23574831403457433,0.1455823812231815,0.03787491146096896,0.09794308340447565,0.10647337671154919,2.8855784014688814,2.3895289141495417,0.534
11,358,Kerkez,DEF,LIV,5.4,2.8,a,,,1.0,90.0,0.23574831403457433,0.12078874355925485,0.02778849297930934,0.042786409488628496,0.08363829437242182,2.59113449319063,2.256077679278365,0.48
11,359,Gomez,DEF,LIV,5.0,0.0,i,0.0,Muscular injury - Unknown return date,0.0,0.0,0.23574831403457433,0.19696439812548086,0.0,0.0,0.0,0.0,0.43588989435406733,0.0
11,360,Bradley,DEF,LIV,5.0,0.0,i,0.0,Knee injury - Unknown return date,0.0,0.0,0.23574831403457433,0.20706641753015118,0.0,0.0,0.0,0.0,0.43588989435406733,0.0
11,361,Lucky,DEF,LIV,4.0,0.1,a,,,0.0,0.0,0.23574831403457433,0.2790328973444312,0.0,0.0,0.0,0.35,0.8154753215150045,0.087
11,362,Jacquet,DEF,LIV,5.0,2.7,a,100.0,,1.0,69.0,0.23574831403457433,0.25756882831793654,0.025255814579809258,0.0304272893608705,0.08435762595982346,2.791255749953731,2.335577190415882,0.558
11,363,Leoni,DEF,LIV,4.0,0.0,i,0.0,Knee injury - Unknown return date,0.0,0.0,0.23574831403457433,0.2790328973444312,0.0,0.0,0.0,0.0,0.43588989435406733,0.0
11,364,Tsimikas,DEF,LIV,4.9,0.1,a,,,0.0,0.0,0.23574831403457433,0.2790328973444312,0.0,0.0,0.0,0.35,0.8154753215150045,0.071
11,365,Ramsay,DEF,LIV,4.0,0.1,u,0.0,Has joined St Mirren on loan for the rest of the season,0.0,0.0,0.23574831403457433,0.2790328973444312,0.0,0.0,0.0,0.0,0.43588989435406733,0.0
11,366,Wirtz,MID,LIV,7.4,8.1,a,,,1.0,62.0,0.23574831403457433,0.07704616998950682,0.16609574261794796,0.1119561881372469,0.16484315106133868,3.25984383025532,2.6814693235599014,0.441
11,367,Gakpo,MID,LIV,7.2,13.6,d,75.0,Thigh injury - 75% chance of playing,0.5,45.0,0.23574831403457433,0.0927692454450062,0.12053055261132266,0.11696777873052142,0.09491183167137413,2.1147598611848615,2.1774358892787573,0.294
11,368,Szoboszlai,MID,LIV,7.0,38.4,a,,,1.0,90.0,0.23574831403457433,0.24656830203225047,0.3429873671413332,0.21860971329773887,0.22013380955713263,4.831473909808166,3.3522715629082787,0.69
11,369,Ngumoha,MID,LIV,5.8,0.6,a,,,1.0,62.0,0.23574831403457433,0.11565815553223738,0.1141182247714758,0.1494657443375793,0.15749249312821928,3.1761803050894613,2.592190565583254,0.548
11,370,Chiesa,MID,LIV,5.4,0.1,i,0.0,Back injury - Unknown return date,0.0,0.0,0.23574831403457433,0.16014206150617483,0.0,0.0,0.0,0.0,0.43588989435406733,0.0
11,371,Gravenberch,MID,LIV,5.9,1.4,a,,,1.0,77.0,0.23574831403457433,0.19743145216478855,0.04147222671590036,0.068422971978352,0.06853195814201522,2.6313243285515924,2.2909276689898848,0.446
11,372,Mac Allister,MID,LIV,5.4,1.4,a,,,0.0,27.0,0.23574831403457433,0.14833772681903104,0.030331498276548796,0.04180216686855194,0.0,0.6270639919883998,1.1719260106496707,0.116
11,373,C.Jones,MID,LIV,5.5,0.0,u,0.0,Has joined Internazionale permanently,0.0,0.0,0.23574831403457433,0.20272822665267576,0.0,0.0,0.0,0.0,0.43588989435406733,0.0
11,374,Endo,MID,LIV,5.0,0.1,a,100.0,,0.0,0.0,0.23574831403457433,0.16014206150617483,0.0,0.0,0.0,0.35,0.8154753215150045,0.07
11,375,Nyoni,MID,LIV,4.9,0.0,a,,,0.0,0.0,0.23574831403457433,0.17348723329835605,0.0,0.0,0.0,0.35,0.8154753215150045,0.071
11,376,Bajcetic,MID,LIV,5.0,0.0,u,0.0,Has joined Celta Vigo permanently,0.0,0.0,0.23574831403457433,0.17348723329835605,0.0,0.0,0.0,0.0,0.43588989435406733,0.0
11,377,Munoz,MID,LIV,6.5,1.2,a,,,0.0,27.0,0.23574831403457433,0.17348723329835605,0.04297264240807774,0.03434297662210557,0.0,0.6678921419067054,1.2356500006357816,0.103
11,378,McConnell,MID,LIV,4.5,0.2,a,,,0.0,0.0,0.23574831403457433,0.17348723329835605,0.0,0.0,0.0,0.35,0.8154753215150045,0.078
11,379,Isak,FWD,LIV,9.1,21.9,a,,,1.0,90.0,0.23574831403457433,0.001892147587511826,0.6516006870232897,0.07200476396430369,0.2768367392491151,4.672735330796206,3.5760035305704787,0.513
11,380,Ekitiké,FWD,LIV,7.4,0.1,i,0.0,Achilles injury - Unknown return date,0.0,0.0,0.23574831403457433,0.001281777397991882,0.0,0.0,0.0,0.0,0.43588989435406733,0.0
11,381,Koumas,MID,LIV,5.0,0.0,a,,,0.0,12.0,0.23574831403457433,0.17348723329835605,0.01703440359010182,0.014861617446794838,0.0,0.4797568702908936,1.0068487846212602,0.096
11,382,Danns,FWD,LIV,4.5,0.1,a,100.0,,0.0,0.0,0.23574831403457433,0.0033112582781456954,0.0,0.0,0.0,0.35,0.8154753215150045,0.078
11,383,Elliott,MID,LIV,5.4,0.0,u,0.0,Has joined Valencia on loan for the rest of the season,0.0,0.0,0.23574831403457433,0.17348723329835605,0.0,0.0,0.0,0.0,0.43588989435406733,0.0
11,579,Araujo,DEF,LIV,5.4,2.4,a,,,0.0,20.0,0.23574831403457433,0.2790328973444312,0.008553456654031509,0.008807818313928172,0.0,0.42774419486597354,0.9295346740006737,0.079
11,627,Barcola,MID,LIV,8.0,1.9,a,,,0.25,20.0,0.23574831403457433,0.17348723329835605,0.027310380107674833,0.025947079802181344,0.02686383269037023,1.0302832121804844,1.456502792235212,0.129
11,155,Enzo,MID,MCI,6.9,3.2,a,,,0.0,25.0,0.4320093446474947,0.08684780424638879,0.06559521671875286,0.05160375554403703,0.0,0.8327873502258754,1.4056554576928446,0.121
11,237,Ndiaye,MID,MCI,5.9,9.5,a,,,1.0,90.0,0.4320093446474947,0.2018188177684505,0.1783785395994348,0.11533728388810874,0.1460014726853897,3.7227012441165344,2.8536649420382245,0.631
11,384,Donnarumma,GK,MCI,5.5,7.6,a,,,1.0,90.0,0.4320093446474947,0.0,0.0,0.0023628542510121457,0.10882933514972792,3.331519396317586,2.5159266390344954,0.606
11,386,Bettinelli,GK,MCI,4.5,0.0,a,,,0.0,0.0,0.4320093446474947,0.0,0.0,0.0,0.0,0.35,0.8154753215150045,0.078
11,387,O'Reilly,DEF,MCI,6.4,14.0,a,100.0,,1.0,62.0,0.4320093446474947,0.10605840897885792,0.11459944095633676,0.0805172755950504,0.20713421634523974,4.292218473532329,2.973686558036917,0.671
11,388,Guéhi,DEF,MCI,6.0,18.5,a,,,1.0,90.0,0.4320093446474947,0.2989248910027745,0.1481174126937833,0.08231084109930936,0.1886522249894561,4.8350993360380095,3.1741759898649153,0.806
11,389,Matheus N.,DEF,MCI,5.9,1.0,a,100.0,,0.0,33.0,0.4320093446474947,0.17496178019364703,0.010676986922865742,0.038163356408590005,0.0,0.5285519907629644,1.0335911686865493,0.09
11,390,Rúben,DEF,MCI,5.5,1.8,a,,,1.0,90.0,0.4320093446474947,0.231899854670366,0.03925398335280014,0.10155761442575154,0.15728639538436676,4.084967183514716,2.8278899463725176,0.743
11,391,Gvardiol,DEF,MCI,5.6,20.0,a,,,1.0,90.0,0.4320093446474947,0.23512573215308055,0.10938100089939577,0.0596677649836769,0.1671694042209491,4.395878363872843,3.0014088186641246,0.785
11,392,Aït-Nouri,DEF,MCI,5.3,0.5,a,,,0.0,0.0,0.4320093446474947,0.19765430764241704,0.0,0.0,0.0,0.35,0.8154753215150045,0.066
11,393,Khusanov,DEF,MCI,5.5,1.6,a,,,1.0,90.0,0.4320093446474947,0.30919980622715465,0.023711107051377057,0.0457313825772644,0.13230720753189817,3.9414839531727375,2.7624420633447615,0.717
11,394,Alleyne,DEF,MCI,5.0,0.0,u,0.0,Has joined Burnley on loan for the rest of the season,0.0,0.0,0.4320093446474947,0.33449190524101347,0.0,0.0,0.0,0.0,0.43588989435406733,0.0
11,395,Lewis,DEF,MCI,4.5,0.2,a,,,0.0,56.0,0.4320093446474947,0.20927467300832342,0.043679023650859405,0.05097144399027276,0.0,0.7649884738759747,1.3097909154783096,0.17
11,396,Vitor Reis,DEF,MCI,4.5,0.0,a,,,0.0,0.0,0.4320093446474947,0.2790328973444312,0.0,0.0,0.0,0.35,0.8154753215150045,0.078
11,397,Semenyo,MID,MCI,8.4,17.2,a,,,1.0,90.0,0.4320093446474947,0.10587180832458902,0.21331437436669606,0.16761692306137094,0.17652688856457288,3.9082022539751047,2.9505034364923004,0.465
11,398,Foden,MID,MCI,7.0,4.4,a,,,1.0,81.0,0.4320093446474947,0.14519562284515064,0.31894266961692896,0.235266834664421,0.2587268527963855,4.793849247985066,3.3199351784143616,0.685
11,399,Cherki,MID,MCI,7.8,29.8,a,,,0.0,27.0,0.4320093446474947,0.1457802428421526,0.0649444716745441,0.15425730291168452,0.0,1.137494267107774,1.5971555771283006,0.146
11,400,Doku,MID,MCI,7.4,0.8,i,0.0,Calf injury - Expected back 20 Sep,0.0,0.0,0.4320093446474947,0.06939489331934243,0.0,0.0,0.0,0.0,0.43588989435406733,0.0
11,402,Rodrigo,MID,MCI,6.5,0.0,u,0.0,Has joined Barcelona permanently,0.0,0.0,0.4320093446474947,0.3600659571278669,0.0,0.0,0.0,0.0,0.43588989435406733,0.0
11,404,Reijnders,MID,MCI,6.0,0.0,u,0.0,Has joined Al Qadsiah permanently,0.0,0.0,0.4320093446474947,0.10627057929587147,0.0,0.0,0.0,0.0,0.43588989435406733,0.0
11,406,Kovačić,MID,MCI,5.4,0.1,a,,,0.0,27.0,0.4320093446474947,0.17348723329835605,0.024845406100155898,0.03956022434583031,0.0,0.5929077035382704,1.1294233366296489,0.11
11,407,Echeverri,MID,MCI,4.9,0.0,u,0.0,Has joined Benfica on loan for the rest of the season,0.0,0.0,0.4320093446474947,0.17348723329835605,0.0,0.0,0.0,0.0,0.43588989435406733,0.0
11,408,Phillips,MID,MCI,5.0,0.0,u,0.0,Has joined Sheffield United on loan for the rest of the season,0.0,0.0,0.4320093446474947,0.17348723329835605,0.0,0.0,0.0,0.0,0.43588989435406733,0.0
11,409,Mukasa,MID,MCI,4.5,0.1,u,0.0,has joined West Ham on loan for the rest of the seaon.,0.0,0.0,0.4320093446474947,0.17348723329835605,0.0,0.0,0.0,0.0,0.43588989435406733,0.0
11,410,Monga,MID,MCI,4.9,0.0,u,0.0,Has joined Swansea City on loan for the rest of the season,0.0,0.0,0.4320093446474947,0.17348723329835605,0.0,0.0,0.0,0.0,0.43588989435406733,0.0
11,411,Haaland,FWD,MCI,15.5,71.3,a,,,1.0,90.0,0.4320093446474947,0.0008638065073423554,0.8544851659244428,0.10226751987452759,0.37806437449438907,5.674397001789253,3.9885166790357336,0.366
11,481,Anderson,MID,MCI,6.3,4.5,a,100.0,,1.0,62.0,0.4320093446474947,0.5616369359916055,0.04497855738145518,0.10717998072373847,0.1205072885020656,3.6678005768808064,2.690481823087133,0.582
11,587,Rulli,GK,MCI,5.0,0.0,a,,,0.0,0.0,0.4320093446474947,0.0,0.0,0.0,0.0,0.35,0.8154753215150045,0.07
11,616,Bouaddi,MID,MCI,5.5,0.2,a,,,0.25,20.0,0.4320093446474947,0.17348723329835605,0.027435370405650458,0.02717976694877437,0.03230494394949214,1.0851873734102353,1.4921354603096026,0.197
11,621,McAidoo,MID,MCI,4.5,0.1,a,,,0.25,20.0,0.4320093446474947,0.17348723329835605,0.030006254218910594,0.02482521215746075,0.03239012350188358,1.0910633076549863,1.5010189238840186,0.242
11,622,Braithwaite,DEF,MCI,4.0,0.2,a,,,0.25,20.0,0.4320093446474947,0.2790328973444312,0.009896470440121399,0.008785212542732184,0.034356496714967016,1.2511431677980351,1.5609454959917708,0.313
11,628,Allan,MID,MCI,6.0,0.0,a,,,0.25,20.0,0.4320093446474947,0.17348723329835605,0.028122817044516416,0.025132385761208857,0.03176946972094169,1.081946988813318,1.4914543844893153,0.18
11,653,Samba,MID,MCI,4.5,0.0,a,,,0.25,20.0,0.4320093446474947,0.17348723329835605,0.028122817044516416,0.025132385761208857,0.03176946972094169,1.081946988813318,1.4914543844893153,0.24
11,43,Tielemans,MID,MUN,5.9,1.7,a,100.0,,1.0,66.0,0.13469746142637576,0.12369232726000827,0.08580706815984494,0.10689304862203645,0.10544025642489915,2.776670289760914,2.4063490934411007,0.471
11,131,Baleba,MID,MUN,5.0,0.1,i,0.0,Ankle injury - Expected back 19 Sep,0.0,0.0,0.13469746142637576,0.22525358516963973,0.0,0.0,0.0,0.0,0.43588989435406733,0.0
11,162,Andrey Santos,MID,MUN,4.9,0.7,a,,,1.0,66.0,0.13469746142637576,0.17007694998251136,0.09306464319287985,0.06846757826821617,0.09056467002179704,2.768153873270932,2.4120282374740247,0.565
11,325,Darlow,GK,MUN,4.5,0.0,a,100.0,,0.0,0.0,0.13469746142637576,0.0,0.0,0.0,0.0,0.35,0.8154753215150045,0.078
11,412,Lammens,GK,MUN,5.0,11.9,a,,,1.0,90.0,0.13469746142637576,0.0,0.0,3.1116642958748205e-05,0.0336852561816295,2.012009778590075,1.9552029509289164,0.402
11,413,Bayindir,GK,MUN,4.5,0.0,u,0.0,Has joined Celta Vigo on loan for the rest of the season,0.0,0.0,0.13469746142637576,0.0,0.0,0.0,0.0,0.0,0.43588989435406733,0.0
11,414,Heaton,GK,MUN,4.0,0.1,i,0.0,Hamstring injury - Unknown return date,0.0,0.0,0.13469746142637576,0.0,0.0,0.0,0.0,0.0,0.43588989435406733,0.0
11,415,Dorgu,MID,MUN,5.8,0.6,a,,,0.0,45.0,0.13469746142637576,0.08007103075308741,0.08467087530016183,0.058036078950410984,0.0,0.9474626133520421,1.5192775313187024,0.163
11,416,De Ligt,DEF,MUN,5.0,0.0,i,0.0,Back injury - Unknown return date,0.0,0.0,0.13469746142637576,0.293935790725327,0.0,0.0,0.0,0.0,0.43588989435406733,0.0
11,417,Dalot,DEF,MUN,4.9,1.9,a,,,0.0,10.0,0.13469746142637576,0.15870986920332936,0.007557803916716183,0.008543955234668865,0.0,0.4209786892043037,0.9193510390424726,0.086
11,418,Maguire,DEF,MUN,4.9,11.7,a,,,1.0,90.0,0.13469746142637576,0.35463733650416174,0.057756844448805994,0.05751088074813013,0.07401806917552159,2.615898872219219,2.3058076511082515,0.534
11,419,Martinez,DEF,MUN,5.0,1.2,a,100.0,,0.0,0.0,0.13469746142637576,0.30618311533888226,0.0,0.0,0.0,0.35,0.8154753215150045,0.07
11,420,Yoro,DEF,MUN,4.9,0.5,a,,,0.0,0.0,0.13469746142637576,0.21891016441838534,0.0,0.0,0.0,0.35,0.8154753215150045,0.071
11,421,Heaven,DEF,MUN,4.4,0.3,a,,,1.0,90.0,0.13469746142637576,0.3629736855710076,0.04794306694060409,0.024415113517377598,0.058999728516887534,2.458049447102113,2.2266459869358757,0.559
11,422,Mazraoui,DEF,MUN,4.4,0.6,a,,,1.0,79.0,0.13469746142637576,0.18906064209274673,0.03715692645920824,0.045654274133457344,0.0666940212891125,2.144744378834202,2.0731511952918997,0.487
11,423,Shaw,DEF,MUN,4.4,13.3,a,,,1.0,90.0,0.13469746142637576,0.16696789536266352,0.018498482076013883,0.09796550990104463,0.07443676254856442,2.1568195071138963,2.051572069407382,0.49
11,424,Amass,DEF,MUN,4.0,0.2,a,,,0.0,0.0,0.13469746142637576,0.2790328973444312,0.0,0.0,0.0,0.35,0.8154753215150045,0.087
11,425,Fredricson,DEF,MUN,4.0,0.0,u,0.0,Has joined Lausanne-Sport permanently,0.0,0.0,0.13469746142637576,0.2790328973444312,0.0,0.0,0.0,0.0,0.43588989435406733,0.0
11,426,B.Fernandes,MID,MUN,12.0,44.6,a,,,1.0,90.0,0.13469746142637576,0.15067759148043133,0.5309436762340174,0.3259484846765394,0.31338200246133247,5.917114270497296,3.7984443093652125,0.493
11,427,Mbeumo,MID,MUN,7.9,24.7,a,,,1.0,90.0,0.13469746142637576,0.04731469999046074,0.47549723489200146,0.1919337796195975,0.2470706012216972,4.981338827035211,3.5096334823908477,0.631
11,428,Cunha,MID,MUN,7.9,6.8,a,,,1.0,79.0,0.13469746142637576,0.07516699511171397,0.2155103969895996,0.133707969452026,0.15271504415417184,3.4636198729760674,2.8060541941652026,0.438
11,429,Rashford,MID,MUN,7.0,1.6,a,,,0.0,45.0,0.13469746142637576,0.17348723329835605,0.11343141216386744,0.08649484632352131,0.0,1.1766415997899011,1.707690695818191,0.168
11,430,Mount,MID,MUN,5.4,0.0,a,100.0,,0.0,0.0,0.13469746142637576,0.1855384908900124,0.0,0.0,0.0,0.35,0.8154753215150045,0.065
11,431,Amad,MID,MUN,5.8,0.4,i,0.0,Unspecified injury - Unknown return date,0.0,0.0,0.13469746142637576,0.05948133713086493,0.0,0.0,0.0,0.0,0.43588989435406733,0.0
11,432,Mainoo,MID,MUN,5.5,1.3,a,,,0.0,23.0,0.13469746142637576,0.2886373856992955,0.014770644832865953,0.02655170060092481,0.0,0.5035083259671042,1.0223940963907674,0.092
11,433,Ugarte,MID,MUN,5.0,0.0,i,0.0,Knee injury - Unknown return date,0.0,0.0,0.13469746142637576,0.30409233997901364,0.0,0.0,0.0,0.0,0.43588989435406733,0.0
11,434,J.Fletcher,MID,MUN,4.9,0.0,a,,,0.0,0.0,0.13469746142637576,0.17348723329835605,0.0,0.0,0.0,0.35,0.8154753215150045,0.071
11,435,Lacey,MID,MUN,4.9,0.1,a,,,0.0,10.0,0.13469746142637576,0.17348723329835605,0.014788195267946514,0.011613968817873185,0.0,0.4587828827933521,0.9800084943075994,0.094
11,436,Collyer,MID,MUN,5.0,0.0,u,0.0,Has joined West Brom permanently,0.0,0.0,0.13469746142637576,0.17348723329835605,0.0,0.0,0.0,0.0,0.43588989435406733,0.0
11,437,Bendito Mantato,MID,MUN,4.5,0.2,a,,,0.0,0.0,0.13469746142637576,0.17348723329835605,0.0,0.0,0.0,0.35,0.8154753215150045,0.078
11,438,Fletcher,MID,MUN,4.5,0.3,a,,,0.0,0.0,0.13469746142637576,0.17348723329835605,0.0,0.0,0.0,0.35,0.8154753215150045,0.078
11,439,Šeško,FWD,MUN,7.0,1.7,a,100.0,,0.0,23.0,0.13469746142637576,0.0015282730514518594,0.12663584916530518,0.006188318521519716,0.0,0.8751083522257799,1.556444976290782,0.125
11,440,Zirkzee,FWD,MUN,5.4,0.4,a,,,0.0,0.0,0.13469746142637576,0.0024834437086092716,0.0,0.0,0.0,0.35,0.8154753215150045,0.065
11,441,Obi,FWD,MUN,4.5,1.2,a,,,0.0,0.0,0.13469746142637576,0.0033112582781456954,0.0,0.0,0.0,0.35,0.8154753215150045,0.078
11,405,N.Gonzalez,MID,NEW,5.5,0.3,a,,,0.0,0.0,0.1964307886836362,0.3131671310200094,0.0,0.0,0.0,0.35,0.8154753215150045,0.064
11,442,Pope,GK,NEW,4.9,1.0,a,,,0.0,0.0,0.1964307886836362,0.0,0.0,0.0,0.0,0.35,0.8154753215150045,0.071
11,443,Gillespie,GK,NEW,4.5,0.0,a,,,0.0,0.0,0.1964307886836362,0.0,0.0,0.0,0.0,0.35,0.8154753215150045,0.078
11,444,Jaouen,GK,NEW,4.5,0.0,d,50.0,Ankle injury - 50% chance of playing,0.0,0.0,0.1964307886836362,0.0,0.0,0.0,0.0,0.175,0.5766281297335397,0.039
11,445,Thiaw,DEF,NEW,5.0,2.1,a,,,1.0,90.0,0.1964307886836362,0.36329766151407056,0.09271721392555025,0.02737324666870817,0.0911393583788995,3.1635937420585423,2.5626414875016232,0.633
11,446,Schär,DEF,NEW,5.0,0.2,a,100.0,,0.0,1.0,0.1964307886836362,0.40645194644057286,0.001146002465209472,0.0004036384428526118,0.0,0.35808693011981463,0.829000109782203,0.072
11,447,Botman,DEF,NEW,5.0,0.7,a,,,1.0,90.0,0.1964307886836362,0.46510287176161136,0.0594227934450679,0.04786160640960718,0.08665723712004533,3.208131763994965,2.5400762020578913,0.642
11,448,Burn,DEF,NEW,4.9,0.9,i,0.0,Ankle injury - Expected back 14 Sep,0.0,0.0,0.1964307886836362,0.3707887435592549,0.0,0.0,0.0,0.0,0.43588989435406733,0.0
11,449,Hall,DEF,NEW,5.1,12.6,a,,,1.0,90.0,0.1964307886836362,0.2596776324481438,0.02478576112717103,0.17826865639528394,0.12017674330376829,3.0470677858915574,2.436830597304003,0.597
11,450,Livramento,DEF,NEW,4.9,0.1,a,100.0,,0.0,0.0,0.1964307886836362,0.16724595262050673,0.0,0.0,0.0,0.35,0.8154753215150045,0.071
11,451,A.Murphy,DEF,NEW,4.0,0.1,u,0.0,Has joined FC Kaiserslautern on loan for the rest of the season,0.0,0.0,0.1964307886836362,0.2790328973444312,0.0,0.0,0.0,0.0,0.43588989435406733,0.0
11,453,Barnes,MID,NEW,6.0,2.2,a,,,1.0,90.0,0.1964307886836362,0.06715634837355719,0.23251051197506675,0.12275552370786438,0.14398619135738952,3.5490893289526064,2.852776331376218,0.592
11,454,Elanga,MID,NEW,6.1,11.1,a,,,1.0,75.0,0.1964307886836362,0.08674361664917803,0.12731540215354448,0.1252309274558806,0.12571253730432214,3.0483069106631193,2.560405347436455,0.5
11,456,J.Ramsey,MID,NEW,4.9,0.4,a,,,0.0,34.0,0.1964307886836362,0.16327387198321092,0.03701113095632695,0.043638555465002345,0.0,0.6659713211766418,1.2195951360896702,0.136
11,457,J.Murphy,MID,NEW,5.9,0.1,a,,,0.0,14.0,0.1964307886836362,0.07178782067518182,0.029255657442884206,0.03164767808593199,0.0,0.591221321472217,1.1396729598681006,0.1
11,458,Joelinton,MID,NEW,5.4,0.0,i,0.0,Unspecified injury - Unknown return date,0.0,0.0,0.1964307886836362,0.3150577124868835,0.0,0.0,0.0,0.0,0.43588989435406733,0.0
11,459,L.Miley,MID,NEW,5.5,0.1,a,100.0,,1.0,75.0,0.1964307886836362,0.2886373856992955,0.06816824001495538,0.08032154544537552,0.08200878876170259,2.945623740448255,2.4506518616362905,0.536
11,460,Willock,MID,NEW,5.0,0.5,a,,,0.0,34.0,0.1964307886836362,0.10409233997901364,0.05901028116516989,0.03626858088524463,0.0,0.7538571484815833,1.3365591154550656,0.151
11,461,Touré,MID,NEW,5.8,0.1,a,,,0.0,0.0,0.1964307886836362,0.17348723329835605,0.0,0.0,0.0,0.35,0.8154753215150045,0.06
11,462,Steur,MID,NEW,4.9,0.1,a,,,0.0,55.0,0.1964307886836362,0.17348723329835605,0.06986176467475287,0.06243303496180301,0.0,0.8866079282591733,1.4504225769550563,0.181
11,463,Woltemade,FWD,NEW,5.9,0.7,u,0.0,Has joined Juventus on loan for the rest of the season,0.0,0.0,0.1964307886836362,0.0012040939193257074,0.0,0.0,0.0,0.0,0.43588989435406733,0.0
11,464,Wissa,FWD,NEW,6.2,17.4,a,,,1.0,90.0,0.1964307886836362,0.002337358784573432,0.5284279790796628,0.05552851491839529,0.22402785176768392,4.078626053005138,3.304535878937879,0.658
11,465,Osula,FWD,NEW,5.9,0.4,i,0.0,Foot injury - Unknown return date,0.0,0.0,0.1964307886836362,0.001986754966887417,0.0,0.0,0.0,0.0,0.43588989435406733,0.0
11,466,Neave,FWD,NEW,4.5,0.7,u,0.0,Has joined Wolves on loan for the rest of the season,0.0,0.0,0.1964307886836362,0.0033112582781456954,0.0,0.0,0.0,0.0,0.43588989435406733,0.0
11,559,Bamba,MID,NEW,4.9,0.1,a,,,0.0,14.0,0.1964307886836362,0.17348723329835605,0.019379745701121203,0.017319006276779705,0.0,0.49885574733594507,1.0315543583083844,0.102
11,567,Horníček,GK,NEW,5.0,1.3,a,,,1.0,90.0,0.1964307886836362,0.0,0.0,0.0002302631578947368,0.049188289276172206,2.3093911285379622,2.0947179151909996,0.462
11,593,Dedić,DEF,NEW,4.5,3.3,d,75.0,Hamstring injury - 75% chance of playing,0.5,45.0,0.1964307886836362,0.25756882831793654,0.023104279031003427,0.018352100978112205,0.039063581588644994,1.4399907122286673,1.6954669054335707,0.32
11,609,Shahar,DEF,NEW,4.0,0.3,a,,,0.0,0.0,0.1964307886836362,0.2790328973444312,0.0,0.0,0.0,0.35,0.8154753215150045,0.087
11,634,Fernandez-Pardo,FWD,NEW,6.0,0.1,a,,,0.25,20.0,0.1964307886836362,0.0033112582781456954,0.09264812740871292,0.012318352997836386,0.04624132137716969,1.1103120688134778,1.6326302996079318,0.185
11,167,Delap,FWD,NFO,5.5,0.8,a,,,0.0,0.0,0.23048132192421802,0.001806140878988561,0.0,0.0,0.0,0.35,0.8154753215150045,0.064
11,201,Muñoz,DEF,NFO,5.4,5.8,a,,,0.0,54.0,0.23048132192421802,0.2723261781087678,0.07694475574291526,0.061684725881832894,0.0,0.9967227121029902,1.534744828123937,0.185
11,467,Sels,GK,NFO,5.0,1.4,a,,,1.0,90.0,0.23048132192421802,0.0,0.0,0.0030998345450592973,0.05870527257182526,2.474451905740747,2.1682847185984175,0.495
11,468,John,GK,NFO,4.5,0.1,a,,,0.0,0.0,0.23048132192421802,0.0,0.0,0.0,0.0,0.35,0.8154753215150045,0.078
11,469,N.Williams,DEF,NFO,5.0,8.2,a,,,1.0,90.0,0.23048132192421802,0.15634882485389734,0.05765676191762588,0.08161847314217288,0.10636666275198407,2.9457979340332594,2.437818009238784,0.589
11,470,Morato,DEF,NFO,5.0,0.0,u,0.0,Has joined West Ham on loan for the rest of the season,0.0,0.0,0.23048132192421802,0.3980151833897375,0.0,0.0,0.0,0.0,0.43588989435406733,0.0
11,471,Milenković,DEF,NFO,5.5,1.6,a,,,1.0,90.0,0.23048132192421802,0.3269678953626635,0.0569313558529564,0.017157496978378893,0.08355142897202186,3.0391864251100285,2.473063351963874,0.553
11,472,Murillo,DEF,NFO,5.5,1.6,a,100.0,,1.0,90.0,0.23048132192421802,0.3707887435592549,0.06237258604168231,0.046787080373783624,0.09582621372646757,3.2536277018647715,2.560493731644965,0.592
11,473,Aina,DEF,NFO,4.5,2.7,a,,,1.0,73.0,0.23048132192421802,0.17252886348816693,0.01781479284524066,0.0790698574993585,0.09942672069824456,2.721931601703822,2.297511436382571,0.605
11,474,Jair Cunha,DEF,NFO,4.5,0.2,a,,,1.0,90.0,0.23048132192421802,0.25578792753724555,0.035213538514422285,0.016853621245125502,0.07584383639689624,2.7692891605051684,2.3394295535549587,0.615
11,475,Savona,DEF,NFO,4.5,0.0,i,0.0,Knee injury - Unknown return date,0.0,0.0,0.23048132192421802,0.15219976218787157,0.0,0.0,0.0,0.0,0.43588989435406733,0.0
11,476,O.Richards,DEF,NFO,4.0,0.2,a,,,0.0,0.0,0.23048132192421802,0.2790328973444312,0.0,0.0,0.0,0.35,0.8154753215150045,0.087
11,477,Abbott,DEF,NFO,4.0,0.2,u,0.0,Has joined Southampton on loan for the rest of the season,0.0,0.0,0.23048132192421802,0.25756882831793654,0.0,0.0,0.0,0.0,0.43588989435406733,0.0
11,478,Netz,DEF,NFO,4.5,0.0,a,,,0.0,16.0,0.23048132192421802,0.28989298454221163,0.004343004383493018,0.011843159219826836,0.0,0.4115875039604386,0.8989295210559008,0.091
11,479,Bindon,DEF,NFO,4.0,0.1,u,0.0,Has joined Charlton Athletic on loan for the rest of the season,0.0,0.0,0.23048132192421802,0.2790328973444312,0.0,0.0,0.0,0.0,0.43588989435406733,0.0
11,480,Gibbs-White,MID,NFO,7.9,9.4,a,100.0,,1.0,90.0,0.23048132192421802,0.06420514165792235,0.4169358334372506,0.10024940842564647,0.20406296684443576,4.489670636128487,3.3214438440635465,0.568
11,482,Hudson-Odoi,MID,NFO,5.9,0.2,a,100.0,,0.0,0.0,0.23048132192421802,0.07178782067518182,0.0,0.0,0.0,0.35,0.8154753215150045,0.059
11,483,Ndoye,MID,NFO,5.5,0.7,a,,,1.0,61.0,0.23048132192421802,0.09051507824262055,0.0740591018148492,0.10524465435172421,0.11563941611450479,2.7502594483806257,2.381144170942256,0.5
11,484,Hutchinson,MID,NFO,5.4,0.1,u,0.0,Has joined AC Milan on loan for the rest of the season,0.0,0.0,0.23048132192421802,0.11414247405852862,0.0,0.0,0.0,0.0,0.43588989435406733,0.0
11,485,Bakwa,MID,NFO,5.5,0.0,u,0.0,Has joined Lille on loan for the rest of the season,0.0,0.0,0.23048132192421802,0.13011542497376705,0.0,0.0,0.0,0.0,0.43588989435406733,0.0
11,486,McAtee,MID,NFO,5.5,0.1,a,,,1.0,73.0,0.23048132192421802,0.14870334282716233,0.18727613508045135,0.1380330982878479,0.16342129453627693,3.569558231774336,2.811728552128378,0.649
11,487,Dominguez,MID,NFO,4.9,0.1,a,,,0.0,0.0,0.23048132192421802,0.15409233997901364,0.0,0.0,0.0,0.35,0.8154753215150045,0.071
11,488,I.Sangaré,MID,NFO,4.9,0.5,a,100.0,,1.0,90.0,0.23048132192421802,0.31662419427372207,0.05025903896479922,0.06814315193105994,0.0644888990059725,2.8848448832570774,2.404736890384734,0.589
11,489,Yates,MID,NFO,4.5,1.4,a,100.0,,0.0,0.0,0.23048132192421802,0.2054564533053515,0.0,0.0,0.0,0.35,0.8154753215150045,0.078
11,490,Wood,FWD,NFO,5.9,1.1,a,,,0.0,28.0,0.23048132192421802,0.001806140878988561,0.1266808815423256,0.013890364479820606,0.0,0.8983946196087642,1.5706798103084554,0.152
11,491,Igor Jesus,FWD,NFO,5.9,2.6,a,,,1.0,90.0,0.23048132192421802,0.0010739216037229282,0.31287098458841667,0.04585985209520361,0.1486039250316889,3.109643435421817,2.790259564060654,0.527
11,493,Kalimuendo,FWD,NFO,5.4,0.1,a,,,0.0,1.0,0.23048132192421802,0.0033112582781456954,0.00479810347778169,0.000566596079166875,0.0,0.37089220214862734,0.8564366905668405,0.069
11,558,Schlager,MID,NFO,5.0,0.1,a,,,0.0,16.0,0.23048132192421802,0.17348723329835605,0.019147275930277142,0.01688876999338463,0.0,0.49640268963153955,1.0286149745563633,0.099
11,581,Diomande,DEF,NFO,5.4,0.5,a,,,0.0,0.0,0.23048132192421802,0.2790328973444312,0.0,0.0,0.0,0.35,0.8154753215150045,0.065
11,590,Benda,GK,NFO,4.5,0.1,a,,,0.0,0.0,0.23048132192421802,0.0,0.0,0.0,0.0,0.35,0.8154753215150045,0.078
11,112,Van Hecke,DEF,TOT,4.9,6.9,a,,,1.0,90.0,0.35473377242176196,0.33364070955373826,0.06718336119756844,0.03624273276137477,0.12488257599107061,3.850355165286461,2.778268342192612,0.786
11,147,Tosin,DEF,TOT,4.4,0.2,a,,,0.0,0.0,0.35473377242176196,0.3341260404280618,0.0,0.0,0.0,0.35,0.8154753215150045,0.08
11,401,Marmoush,FWD,TOT,7.0,2.2,a,,,0.0,0.0,0.35473377242176196,0.002337358784573432,0.0,0.0,0.0,0.35,0.8154753215150045,0.05
11,403,Sávio,MID,TOT,6.5,0.7,a,100.0,,0.0,0.0,0.35473377242176196,0.11565815553223738,0.0,0.0,0.0,0.35,0.8154753215150045,0.054
11,455,Tonali,MID,TOT,5.4,2.6,a,,,1.0,90.0,0.35473377242176196,0.15204616998950682,0.08727617185015832,0.07993643359551621,0.09399778914816227,2.9463079725942163,2.4741952588730665,0.546
11,494,Vicario,GK,TOT,4.5,0.2,u,0.0,Has joined Juventus on loan for the rest of the season,0.0,0.0,0.35473377242176196,0.0,0.0,0.0,0.0,0.0,0.43588989435406733,0.0
11,495,Austin,GK,TOT,4.0,1.0,a,,,0.0,0.0,0.35473377242176196,0.0,0.0,0.0,0.0,0.35,0.8154753215150045,0.087
11,496,Kinsky,GK,TOT,4.5,18.4,a,,,1.0,90.0,0.35473377242176196,0.0,0.0,0.0004528508771929824,0.08884194091245803,3.0045889625034805,2.3892925791448425,0.668
11,497,Dubravka,GK,TOT,4.0,17.9,a,,,0.0,0.0,0.35473377242176196,0.0,0.0,0.0,0.0,0.35,0.8154753215150045,0.087
11,498,Senesi,DEF,TOT,5.9,4.7,a,,,1.0,90.0,0.35473377242176196,0.6069678953626635,0.04338491634405901,0.09231788054188063,0.13617942201551936,4.390008807419793,2.932801771712838,0.744
11,499,Pedro Porro,DEF,TOT,5.5,11.4,a,100.0,,0.0,0.0,0.35473377242176196,0.2639161573984459,0.0,0.0,0.0,0.35,0.8154753215150045,0.064
11,500,Romero,DEF,TOT,5.0,0.1,u,0.0,Has joined Atletico Madrid permanently,0.0,0.0,0.35473377242176196,0.38588733650416174,0.0,0.0,0.0,0.0,0.43588989435406733,0.0
11,502,Robertson,DEF,TOT,4.5,2.8,a,,,1.0,90.0,0.35473377242176196,0.19765430764241704,0.048804876553889466,0.11945181886602063,0.14757328650240903,3.762187246732833,2.7278168978352855,0.836
11,503,Van de Ven,DEF,TOT,5.0,3.8,a,100.0,,0.0,0.0,0.35473377242176196,0.14107543929184832,0.0,0.0,0.0,0.35,0.8154753215150045,0.07
11,505,Spence,DEF,TOT,4.5,0.3,u,0.0,Has joined Internazionale permanently,0.0,0.0,0.35473377242176196,0.12789396376862278,0.0,0.0,0.0,0.0,0.43588989435406733,0.0
11,506,Udogie,DEF,TOT,4.5,0.4,a,,,0.0,4.0,0.35473377242176196,0.133935790725327,0.0006955717047865069,0.0031051278265129597,0.0,0.36348881370825786,0.833547944796464,0.081
11,507,Phillips,DEF,TOT,4.5,0.0,u,0.0,Has joined Middlesbrough permanently,0.0,0.0,0.35473377242176196,0.2790328973444312,0.0,0.0,0.0,0.0,0.43588989435406733,0.0
11,508,Davies,DEF,TOT,4.0,0.9,a,,,0.0,0.0,0.35473377242176196,0.25756882831793654,0.0,0.0,0.0,0.35,0.8154753215150045,0.087
11,509,Byfield,DEF,TOT,4.0,0.1,a,,,0.0,0.0,0.35473377242176196,0.2790328973444312,0.0,0.0,0.0,0.35,0.8154753215150045,0.087
11,510,Rowswell,DEF,TOT,4.0,0.1,a,,,0.0,0.0,0.35473377242176196,0.2790328973444312,0.0,0.0,0.0,0.35,0.8154753215150045,0.087
11,511,Souza,DEF,TOT,4.0,0.2,u,0.0,Has joined FC Porto on loan for the rest of the season,0.0,0.0,0.35473377242176196,0.2790328973444312,0.0,0.0,0.0,0.0,0.43588989435406733,0.0
11,512,Kudus,MID,TOT,6.5,0.1,a,100.0,,0.0,0.0,0.35473377242176196,0.07178782067518182,0.0,0.0,0.0,0.35,0.8154753215150045,0.054
11,513,Xavi,MID,TOT,6.0,0.0,i,0.0,Knee injury - Unknown return date,0.0,0.0,0.35473377242176196,0.16939489331934243,0.0,0.0,0.0,0.0,0.43588989435406733,0.0
11,514,Tel,MID,TOT,5.8,0.3,a,,,1.0,90.0,0.35473377242176196,0.08327387198321091,0.17133788675299141,0.12590819068083217,0.13950950434401443,3.4235025052285972,2.7445732055188987,0.59
11,515,Maddison,MID,TOT,6.3,0.5,d,75.0,Shoulder injury - 75% chance of playing,0.0,11.0,0.35473377242176196,0.17348723329835605,0.030001814745636166,0.030886154874761675,0.0,0.41766753835246584,0.9867011763160628,0.066
11,516,Bentancur,MID,TOT,5.5,0.2,a,,,0.0,45.0,0.35473377242176196,0.4570256605933416,0.02431190533833241,0.023119623535873542,0.0,0.5409183972992826,1.0833357683094522,0.098
11,517,Odobert,MID,TOT,5.5,0.0,i,0.0,Knee injury - Unknown return date,0.0,0.0,0.35473377242176196,0.10409233997901364,0.0,0.0,0.0,0.0,0.43588989435406733,0.0
11,518,P.M.Sarr,MID,TOT,4.9,0.1,u,0.0,Has joined Juventus on loan for the rest of the season,0.0,0.0,0.35473377242176196,0.2432738719832109,0.0,0.0,0.0,0.0,0.43588989435406733,0.0
11,519,Gallagher,MID,TOT,5.4,0.2,a,,,0.0,45.0,0.35473377242176196,0.16327387198321092,0.04474213781237413,0.0356016121182887,0.0,0.6805155254167368,1.24957285708599,0.126
11,520,Bergvall,MID,TOT,5.4,0.2,a,,,0.0,45.0,0.35473377242176196,0.14675460950382252,0.042220972992205084,0.030293364128239072,0.0,0.6519849573457426,1.221514329392063,0.121
11,521,Kulusevski,MID,TOT,6.5,0.0,i,0.0,Knee injury - Unknown return date,0.0,0.0,0.35473377242176196,0.17348723329835605,0.0,0.0,0.0,0.0,0.43588989435406733,0.0
11,522,Gray,MID,TOT,5.0,0.2,a,,,1.0,85.0,0.35473377242176196,0.07435167141358116,0.04162005385242681,0.04095809767097726,0.06607586868908476,2.4302125769931604,2.206155982563691,0.486
11,523,Moore,MID,TOT,5.0,0.1,u,0.0,Has joined FC Köln on loan for the rest of the season,0.0,0.0,0.35473377242176196,0.16014206150617483,0.0,0.0,0.0,0.0,0.43588989435406733,0.0
11,524,Olusesi,MID,TOT,4.5,0.7,a,,,0.0,0.0,0.35473377242176196,0.17348723329835605,0.0,0.0,0.0,0.35,0.8154753215150045,0.078
11,525,Fernandes,MID,TOT,5.8,1.0,a,,,0.0,45.0,0.35473377242176196,0.3713444956430494,0.0408564229488938,0.05429392316680321,0.0,0.7171638842448786,1.2679707874232087,0.124
11,526,Solanke,FWD,TOT,5.9,0.9,a,,,0.0,22.0,0.35473377242176196,0.001806140878988561,0.127172653074355,0.010087958658888103,0.0,0.8889544882740843,1.5659021189611086,0.151
11,527,Richarlison,FWD,TOT,5.9,1.1,u,0.0,not included in squad.,0.0,0.0,0.35473377242176196,0.0012417218543046358,0.0,0.0,0.0,0.0,0.43588989435406733,0.0
11,528,Scarlett,FWD,TOT,4.5,1.4,u,0.0,Has joined Leyton Orient permanently,0.0,0.0,0.35473377242176196,0.0033112582781456954,0.0,0.0,0.0,0.0,0.43588989435406733,0.0
11,578,Mudryk,MID,TOT,5.4,0.1,a,,,0.0,0.0,0.35473377242176196,0.17348723329835605,0.0,0.0,0.0,0.35,0.8154753215150045,0.065
11,601,Williams-Barnett,MID,TOT,4.5,0.1,a,,,0.0,0.0,0.35473377242176196,0.17348723329835605,0.0,0.0,0.0,0.35,0.8154753215150045,0.078
11,501,Danso,DEF,SUN,5.0,0.2,a,,,0.0,0.0,0.25319255514401273,0.5684590654864139,0.0,0.0,0.0,0.35,0.8154753215150045,0.07
11,529,Roefs,GK,SUN,5.0,3.0,a,,,1.0,90.0,0.25319255514401273,0.0,0.0,0.0017787828947368421,0.06392071279916108,2.5714437867082394,2.2103717322535714,0.514
11,530,Patterson,GK,SUN,4.0,0.1,u,0.0,Has joined Wrexham permanently,0.0,0.0,0.25319255514401273,0.0,0.0,0.0,0.0,0.0,0.43588989435406733,0.0
11,531,Ellborg,GK,SUN,4.5,0.1,a,,,0.0,0.0,0.25319255514401273,0.0,0.0,0.0,0.0,0.35,0.8154753215150045,0.078
11,532,Ballard,DEF,SUN,4.9,3.3,a,,,1.0,90.0,0.25319255514401273,0.49566842194666216,0.07415954168384853,0.03510674282201272,0.10154133836305462,3.6490480106100267,2.716274741306951,0.745
11,533,Mukiele,DEF,SUN,5.5,2.2,a,100.0,,0.0,0.0,0.25319255514401273,0.38019522716588783,0.0,0.0,0.0,0.35,0.8154753215150045,0.064
11,534,Hume,DEF,SUN,4.4,4.2,a,,,1.0,79.0,0.25319255514401273,0.11885321706962611,0.04810872736567382,0.06467431825036374,0.10826859368353715,2.8948331293327683,2.405999856593159,0.658
11,535,Alderete,DEF,SUN,4.9,0.3,a,100.0,,0.0,23.0,0.25319255514401273,0.3569394132123994,0.012720632536673021,0.007908359038496808,0.0,0.45004887233552854,0.9650992967863681,0.092
11,536,Reinildo,DEF,SUN,4.5,0.4,a,,,1.0,90.0,0.25319255514401273,0.21612925788626985,0.009202752950291012,0.05132735549681332,0.0844836767424897,2.7765593927413974,2.308826404022269,0.617
11,537,Seelt,DEF,SUN,4.5,0.0,u,0.0,Has joined Swansea City on loan for the rest of the season,0.0,0.0,0.25319255514401273,0.25756882831793654,0.0,0.0,0.0,0.0,0.43588989435406733,0.0
11,538,Hjelde,DEF,SUN,4.0,0.0,u,0.0,Has joined KV Mechelen on loan for the rest of the season,0.0,0.0,0.25319255514401273,0.2790328973444312,0.0,0.0,0.0,0.0,0.43588989435406733,0.0
11,539,O'Nien,DEF,SUN,4.0,2.7,a,,,1.0,66.0,0.25319255514401273,0.22886288253332498,0.02300839995281183,0.020294997986382173,0.0839656696206185,2.789208064453939,2.331854567115916,0.697
11,540,Masuaku,DEF,SUN,4.0,0.2,u,0.0,Has joined Konyaspor permanently,0.0,0.0,0.25319255514401273,0.2790328973444312,0.0,0.0,0.0,0.0,0.43588989435406733,0.0
11,541,Meunier,DEF,SUN,4.5,0.3,a,100.0,,1.0,90.0,0.25319255514401273,0.25756882831793654,0.054146067693235725,0.04239152489720546,0.0970862961926576,3.108263218444676,2.49611228136963,0.691
11,542,E.Le Fée,MID,SUN,5.9,4.8,a,,,1.0,79.0,0.25319255514401273,0.21917058259957115,0.20326513257213516,0.13906105361183396,0.1618164057016801,3.8015362521135603,2.9055997099477717,0.644
11,543,Diarra,MID,SUN,5.4,0.0,i,0.0,Hamstring injury - Unknown return date,0.0,0.0,0.25319255514401273,0.07710543702149159,0.0,0.0,0.0,0.0,0.43588989435406733,0.0
11,544,Xhaka,MID,SUN,5.5,4.3,a,,,1.0,90.0,0.25319255514401273,0.35737437332400607,0.03688453988678067,0.13775653739675126,0.08644363256363745,3.1446419418364573,2.489202066689234,0.572
11,545,Sadiki,MID,SUN,4.9,0.3,a,,,1.0,90.0,0.25319255514401273,0.1322140608604407,0.07649080508872902,0.06171321411243866,0.07369066223480995,2.6874953527314736,2.3590646453037643,0.548
11,546,Adingra,MID,SUN,4.9,0.0,u,0.0,Has joined Ajax on loan for the rest of the season,0.0,0.0,0.25319255514401273,0.10957088418843541,0.0,0.0,0.0,0.0,0.43588989435406733,0.0
11,547,Mundle,MID,SUN,4.9,0.0,i,0.0,Knee injury - Unknown return date,0.0,0.0,0.25319255514401273,0.16014206150617483,0.0,0.0,0.0,0.0,0.43588989435406733,0.0
11,548,Rigg,MID,SUN,4.9,0.1,a,,,0.0,10.0,0.25319255514401273,0.10957088418843541,0.012123896869315028,0.01214594990903989,0.0,0.4470573340736948,0.9602876214738532,0.091
11,549,Talbi,MID,SUN,5.4,0.1,a,,,0.0,31.0,0.25319255514401273,0.07435167141358116,0.0412858949288013,0.026083902008363632,0.0,0.6346811806690974,1.2056573364120058,0.118
11,550,Jocelin.T,MID,SUN,5.0,0.0,a,,,0.0,0.0,0.25319255514401273,0.17348723329835605,0.0,0.0,0.0,0.35,0.8154753215150045,0.07
11,551,N.Angulo,MID,SUN,5.0,0.1,a,,,0.0,58.0,0.25319255514401273,0.12246157644589839,0.08522609386550457,0.04866879554990359,0.0,0.9221368559772336,1.5044655494725598,0.184
11,552,Brobbey,FWD,SUN,5.9,7.4,a,,,1.0,66.0,0.25319255514401273,0.001168679392286716,0.2149627771381096,0.023707878556129245,0.13923025027756072,2.6423553645801947,2.5120214679677852,0.448
11,553,Isidor,FWD,SUN,5.5,1.5,a,,,0.0,23.0,0.25319255514401273,0.001892147587511826,0.12848388668985147,0.008996387714272783,0.0,0.8909247099022242,1.5696051315389277,0.162
11,612,Methalie,DEF,SUN,4.5,0.0,a,100.0,,0.25,20.0,0.25319255514401273,0.2790328973444312,0.009907478749843447,0.008794984748007748,0.023188629698779703,1.0211734135442982,1.414098425935489,0.227
11,613,Ahoka,MID,SUN,4.5,0.3,a,,,0.25,20.0,0.25319255514401273,0.17348723329835605,0.028122817044516416,0.025132385761208857,0.027299049983354643,1.0363487074899302,1.4621215566764503,0.23
11,646,Fofana,MID,SUN,5.5,0.0,a,,,0.25,20.0,0.25319255514401273,0.17348723329835605,0.0276228558526139,0.0246855877921207,0.026926263563714567,1.0321357212035132,1.4583535255219697,0.188
11,651,J.Angulo,FWD,SUN,4.5,0.4,a,,,0.25,20.0,0.25319255514401273,0.0033112582781456954,0.09551353341104425,0.01269933298746019,0.048938630023011444,1.1256139414375161,1.6467385005511792,0.25
